INSERT INTO permission 
  (permission_id, permission_name, created_at, updated_at, resource_path)
VALUES 
  ('01G1GQ13MVRCRHVP79GDPZTCZ1', 'master.location.read', now(), now(), '-2147483648'),
  ('01G1GQ13MVRCRHVP79GDPZTCZ2', 'master.location.read', now(), now(), '-2147483647'),
  ('01G1GQ13MVRCRHVP79GDPZTCZ3', 'master.location.read', now(), now(), '-2147483646'),
  ('01G1GQ13MVRCRHVP79GDPZTCZ4', 'master.location.read', now(), now(), '-2147483645'),
  ('01G1GQ13MVRCRHVP79GDPZTCZ5', 'master.location.read', now(), now(), '-2147483644'),
  ('01G1GQ13MVRCRHVP79GDPZTCZ6', 'master.location.read', now(), now(), '-2147483643'),
  ('01G1GQ13MVRCRHVP79GDPZTCZ7', 'master.location.read', now(), now(), '-2147483642'),
  ('01G1GQ13MVRCRHVP79GDPZTCZ8', 'master.location.read', now(), now(), '-2147483641'),
  ('01G1GQ13MVRCRHVP79GDPZTCZ9', 'master.location.read', now(), now(), '-2147483640');


INSERT INTO role 
  (role_id, role_name, created_at, updated_at, resource_path)
VALUES 
  ('01G1GQEKEHXKSM78NBW96NJ7H0', 'Teacher', now(), now(), '-2147483648'),
  ('01G1GQEKEHXKSM78NBW96NJ7H1', 'School Admin', now(), now(), '-2147483648'),
  ('01G1GQEKEHXKSM78NBW96NJ7H2', 'Teacher', now(), now(), '-2147483647'),
  ('01G1GQEKEHXKSM78NBW96NJ7H3', 'School Admin', now(), now(), '-2147483647'),
  ('01G1GQEKEHXKSM78NBW96NJ7H4', 'Teacher', now(), now(), '-2147483646'),
  ('01G1GQEKEHXKSM78NBW96NJ7H5', 'School Admin', now(), now(), '-2147483646'),
  ('01G1GQEKEHXKSM78NBW96NJ7H6', 'Teacher', now(), now(), '-2147483645'),
  ('01G1GQEKEHXKSM78NBW96NJ7H7', 'School Admin', now(), now(), '-2147483645'),
  ('01G1GQEKEHXKSM78NBW96NJ7H8', 'Teacher', now(), now(), '-2147483644'),
  ('01G1GQEKEHXKSM78NBW96NJ7H9', 'School Admin', now(), now(), '-2147483644'),
  ('01G1GQEKEHXKSM78NBW96NJ7K0', 'Teacher', now(), now(), '-2147483643'),
  ('01G1GQEKEHXKSM78NBW96NJ7K1', 'School Admin', now(), now(), '-2147483643'),
  ('01G1GQEKEHXKSM78NBW96NJ7K2', 'Teacher', now(), now(), '-2147483642'),
  ('01G1GQEKEHXKSM78NBW96NJ7K3', 'School Admin', now(), now(), '-2147483642'),
  ('01G1GQEKEHXKSM78NBW96NJ7K4', 'Teacher', now(), now(), '-2147483641'),
  ('01G1GQEKEHXKSM78NBW96NJ7K5', 'School Admin', now(), now(), '-2147483641'),
  ('01G1GQEKEHXKSM78NBW96NJ7K6', 'Teacher', now(), now(), '-2147483640'),
  ('01G1GQEKEHXKSM78NBW96NJ7K7', 'School Admin', now(), now(), '-2147483640');

INSERT INTO permission_role
  (permission_id, role_id, created_at, updated_at, resource_path)
VALUES 
  ('01G1GQ13MVRCRHVP79GDPZTCZ1', '01G1GQEKEHXKSM78NBW96NJ7H0', now(), now(), '-2147483648'),
  ('01G1GQ13MVRCRHVP79GDPZTCZ1', '01G1GQEKEHXKSM78NBW96NJ7H1', now(), now(), '-2147483648'),
  ('01G1GQ13MVRCRHVP79GDPZTCZ2', '01G1GQEKEHXKSM78NBW96NJ7H2', now(), now(), '-2147483647'),
  ('01G1GQ13MVRCRHVP79GDPZTCZ2', '01G1GQEKEHXKSM78NBW96NJ7H3', now(), now(), '-2147483647'),
  ('01G1GQ13MVRCRHVP79GDPZTCZ3', '01G1GQEKEHXKSM78NBW96NJ7H4', now(), now(), '-2147483646'),
  ('01G1GQ13MVRCRHVP79GDPZTCZ3', '01G1GQEKEHXKSM78NBW96NJ7H5', now(), now(), '-2147483646'),
  ('01G1GQ13MVRCRHVP79GDPZTCZ4', '01G1GQEKEHXKSM78NBW96NJ7H6', now(), now(), '-2147483645'),
  ('01G1GQ13MVRCRHVP79GDPZTCZ4', '01G1GQEKEHXKSM78NBW96NJ7H7', now(), now(), '-2147483645'),
  ('01G1GQ13MVRCRHVP79GDPZTCZ5', '01G1GQEKEHXKSM78NBW96NJ7H8', now(), now(), '-2147483644'),
  ('01G1GQ13MVRCRHVP79GDPZTCZ5', '01G1GQEKEHXKSM78NBW96NJ7H9', now(), now(), '-2147483644'),
  ('01G1GQ13MVRCRHVP79GDPZTCZ6', '01G1GQEKEHXKSM78NBW96NJ7K0', now(), now(), '-2147483643'),
  ('01G1GQ13MVRCRHVP79GDPZTCZ6', '01G1GQEKEHXKSM78NBW96NJ7K1', now(), now(), '-2147483643'),
  ('01G1GQ13MVRCRHVP79GDPZTCZ7', '01G1GQEKEHXKSM78NBW96NJ7K2', now(), now(), '-2147483642'),
  ('01G1GQ13MVRCRHVP79GDPZTCZ7', '01G1GQEKEHXKSM78NBW96NJ7K3', now(), now(), '-2147483642'),
  ('01G1GQ13MVRCRHVP79GDPZTCZ8', '01G1GQEKEHXKSM78NBW96NJ7K4', now(), now(), '-2147483641'),
  ('01G1GQ13MVRCRHVP79GDPZTCZ8', '01G1GQEKEHXKSM78NBW96NJ7K5', now(), now(), '-2147483641'),
  ('01G1GQ13MVRCRHVP79GDPZTCZ9', '01G1GQEKEHXKSM78NBW96NJ7K6', now(), now(), '-2147483640'),
  ('01G1GQ13MVRCRHVP79GDPZTCZ9', '01G1GQEKEHXKSM78NBW96NJ7K7', now(), now(), '-2147483640');
