-- migrate add is_system to determine which records created from system
ALTER TABLE role ADD COLUMN IF NOT EXISTS is_system BOOLEAN DEFAULT false;
ALTER TABLE user_group ADD COLUMN IF NOT EXISTS is_system BOOLEAN DEFAULT false;


-- seed default user group for student & parent
INSERT INTO role
  (role_id, role_name, is_system, created_at, updated_at, resource_path)
VALUES
  ('01G4EQH81VAK07Z3HN8WN87CS1', 'Student', true, now(), now(), '-2147483648'),
  ('01G4EQH81VAK07Z3HN8WN87CS2', 'Parent',  true, now(), now(), '-2147483648'),

  ('01G4EQH81VAK07Z3HN8WN87CS3', 'Student', true, now(), now(), '-2147483647'),
  ('01G4EQH81VAK07Z3HN8WN87CS4', 'Parent',  true, now(), now(), '-2147483647'),

  ('01G4EQH81VAK07Z3HN8WN87CS5', 'Student', true, now(), now(), '-2147483646'),
  ('01G4EQH81VAK07Z3HN8WN87CS6', 'Parent',  true, now(), now(), '-2147483646'),

  ('01G4EQH81VAK07Z3HN8WN87CS7', 'Student', true, now(), now(), '-2147483645'),
  ('01G4EQH81VAK07Z3HN8WN87CS8', 'Parent',  true, now(), now(), '-2147483645'),

  ('01G4EQH81VAK07Z3HN8WN87CS9', 'Student', true, now(), now(), '-2147483644'),
  ('01G4EQH81VAK07Z3HN8WN87C10', 'Parent',  true, now(), now(), '-2147483644'),

  ('01G4EQH81VAK07Z3HN8WN87C11', 'Student', true, now(), now(), '-2147483643'),
  ('01G4EQH81VAK07Z3HN8WN87C12', 'Parent',  true, now(), now(), '-2147483643'),

  ('01G4EQH81VAK07Z3HN8WN87C13', 'Student', true, now(), now(), '-2147483642'),
  ('01G4EQH81VAK07Z3HN8WN87C14', 'Parent',  true, now(), now(), '-2147483642'),

  ('01G4EQH81VAK07Z3HN8WN87C15', 'Student', true, now(), now(), '-2147483641'),
  ('01G4EQH81VAK07Z3HN8WN87C16', 'Parent',  true, now(), now(), '-2147483641'),

  ('01G4EQH81VAK07Z3HN8WN87C17', 'Student', true, now(), now(), '-2147483640'),
  ('01G4EQH81VAK07Z3HN8WN87C18', 'Parent',  true, now(), now(), '-2147483640')
  ON CONFLICT DO NOTHING;

INSERT INTO permission_role
  (permission_id, role_id, created_at, updated_at, resource_path)
VALUES
  ('01G1GQ13MVRCRHVP79GDPZTCZ1', '01G4EQH81VAK07Z3HN8WN87CS1', now(), now(), '-2147483648'),
  ('01G1GQ13MVRCRHVP79GDPZTCZ1', '01G4EQH81VAK07Z3HN8WN87CS2', now(), now(), '-2147483648'),

  ('01G1GQ13MVRCRHVP79GDPZTCZ2', '01G4EQH81VAK07Z3HN8WN87CS3', now(), now(), '-2147483647'),
  ('01G1GQ13MVRCRHVP79GDPZTCZ2', '01G4EQH81VAK07Z3HN8WN87CS4', now(), now(), '-2147483647'),

  ('01G1GQ13MVRCRHVP79GDPZTCZ3', '01G4EQH81VAK07Z3HN8WN87CS5', now(), now(), '-2147483646'),
  ('01G1GQ13MVRCRHVP79GDPZTCZ3', '01G4EQH81VAK07Z3HN8WN87CS6', now(), now(), '-2147483646'),

  ('01G1GQ13MVRCRHVP79GDPZTCZ4', '01G4EQH81VAK07Z3HN8WN87CS7', now(), now(), '-2147483645'),
  ('01G1GQ13MVRCRHVP79GDPZTCZ4', '01G4EQH81VAK07Z3HN8WN87CS8', now(), now(), '-2147483645'),

  ('01G1GQ13MVRCRHVP79GDPZTCZ5', '01G4EQH81VAK07Z3HN8WN87CS9', now(), now(), '-2147483644'),
  ('01G1GQ13MVRCRHVP79GDPZTCZ5', '01G4EQH81VAK07Z3HN8WN87C10', now(), now(), '-2147483644'),

  ('01G1GQ13MVRCRHVP79GDPZTCZ6', '01G4EQH81VAK07Z3HN8WN87C11', now(), now(), '-2147483643'),
  ('01G1GQ13MVRCRHVP79GDPZTCZ6', '01G4EQH81VAK07Z3HN8WN87C12', now(), now(), '-2147483643'),

  ('01G1GQ13MVRCRHVP79GDPZTCZ7', '01G4EQH81VAK07Z3HN8WN87C13', now(), now(), '-2147483642'),
  ('01G1GQ13MVRCRHVP79GDPZTCZ7', '01G4EQH81VAK07Z3HN8WN87C14', now(), now(), '-2147483642'),

  ('01G1GQ13MVRCRHVP79GDPZTCZ8', '01G4EQH81VAK07Z3HN8WN87C15', now(), now(), '-2147483641'),
  ('01G1GQ13MVRCRHVP79GDPZTCZ8', '01G4EQH81VAK07Z3HN8WN87C16', now(), now(), '-2147483641'),

  ('01G1GQ13MVRCRHVP79GDPZTCZ9', '01G4EQH81VAK07Z3HN8WN87C17', now(), now(), '-2147483640'),
  ('01G1GQ13MVRCRHVP79GDPZTCZ9', '01G4EQH81VAK07Z3HN8WN87C18', now(), now(), '-2147483640')
  ON CONFLICT DO NOTHING;


INSERT INTO public.user_group
  (user_group_id, user_group_name, is_system, created_at, updated_at, resource_path)
VALUES
  ('01G4EQH8SDX8QZ8FXC771Q6H01', 'Student', true, now(), now(), '-2147483648'),
  ('01G4EQH8SDX8QZ8FXC771Q6H02', 'Parent',  true, now(), now(), '-2147483648'),

  ('01G4EQH8SDX8QZ8FXC771Q6H03', 'Student', true, now(), now(), '-2147483647'),
  ('01G4EQH8SDX8QZ8FXC771Q6H04', 'Parent',  true, now(), now(), '-2147483647'),

  ('01G4EQH8SDX8QZ8FXC771Q6H05', 'Student', true, now(), now(), '-2147483646'),
  ('01G4EQH8SDX8QZ8FXC771Q6H06', 'Parent',  true, now(), now(), '-2147483646'),

  ('01G4EQH8SDX8QZ8FXC771Q6H07', 'Student', true, now(), now(), '-2147483645'),
  ('01G4EQH8SDX8QZ8FXC771Q6H08', 'Parent',  true, now(), now(), '-2147483645'),

  ('01G4EQH8SDX8QZ8FXC771Q6H09', 'Student', true, now(), now(), '-2147483644'),
  ('01G4EQH8SDX8QZ8FXC771Q6H10', 'Parent',  true, now(), now(), '-2147483644'),

  ('01G4EQH8SDX8QZ8FXC771Q6H11', 'Student', true, now(), now(), '-2147483643'),
  ('01G4EQH8SDX8QZ8FXC771Q6H12', 'Parent',  true, now(), now(), '-2147483643'),

  ('01G4EQH8SDX8QZ8FXC771Q6H13', 'Student', true, now(), now(), '-2147483642'),
  ('01G4EQH8SDX8QZ8FXC771Q6H14', 'Parent',  true, now(), now(), '-2147483642'),

  ('01G4EQH8SDX8QZ8FXC771Q6H15', 'Student', true, now(), now(), '-2147483641'),
  ('01G4EQH8SDX8QZ8FXC771Q6H16', 'Parent',  true, now(), now(), '-2147483641'),

  ('01G4EQH8SDX8QZ8FXC771Q6H17', 'Student', true, now(), now(), '-2147483640'),
  ('01G4EQH8SDX8QZ8FXC771Q6H18', 'Parent',  true, now(), now(), '-2147483640')

  ON CONFLICT DO NOTHING ;


INSERT INTO public.granted_role
  (granted_role_id, user_group_id, role_id, created_at, updated_at, resource_path)
VALUES
  ('01G4EQH8QNMSF8N93MQSNQNSH0', '01G4EQH8SDX8QZ8FXC771Q6H01', '01G4EQH81VAK07Z3HN8WN87CS1', now(), now(), '-2147483648'),
  ('01G4EQH8QNMSF8N93MQSNQNSH1', '01G4EQH8SDX8QZ8FXC771Q6H02', '01G4EQH81VAK07Z3HN8WN87CS2', now(), now(), '-2147483648'),

  ('01G4EQH8QNMSF8N93MQSNQNSH2', '01G4EQH8SDX8QZ8FXC771Q6H03', '01G4EQH81VAK07Z3HN8WN87CS3', now(), now(), '-2147483647'),
  ('01G4EQH8QNMSF8N93MQSNQNSH3', '01G4EQH8SDX8QZ8FXC771Q6H04', '01G4EQH81VAK07Z3HN8WN87CS4', now(), now(), '-2147483647'),

  ('01G4EQH8QNMSF8N93MQSNQNSH4', '01G4EQH8SDX8QZ8FXC771Q6H05', '01G4EQH81VAK07Z3HN8WN87CS5', now(), now(), '-2147483646'),
  ('01G4EQH8QNMSF8N93MQSNQNSH5', '01G4EQH8SDX8QZ8FXC771Q6H06', '01G4EQH81VAK07Z3HN8WN87CS6', now(), now(), '-2147483646'),

  ('01G4EQH8QNMSF8N93MQSNQNSH6', '01G4EQH8SDX8QZ8FXC771Q6H07', '01G4EQH81VAK07Z3HN8WN87CS7', now(), now(), '-2147483645'),
  ('01G4EQH8QNMSF8N93MQSNQNSH7', '01G4EQH8SDX8QZ8FXC771Q6H08', '01G4EQH81VAK07Z3HN8WN87CS8', now(), now(), '-2147483645'),

  ('01G4EQH8QNMSF8N93MQSNQNSH8', '01G4EQH8SDX8QZ8FXC771Q6H09', '01G4EQH81VAK07Z3HN8WN87CS9', now(), now(), '-2147483644'),
  ('01G4EQH8QNMSF8N93MQSNQNSH9', '01G4EQH8SDX8QZ8FXC771Q6H10', '01G4EQH81VAK07Z3HN8WN87C10', now(), now(), '-2147483644'),

  ('01G4EQH8QNMSF8N93MQSNQNS10', '01G4EQH8SDX8QZ8FXC771Q6H11', '01G4EQH81VAK07Z3HN8WN87C11', now(), now(), '-2147483643'),
  ('01G4EQH8QNMSF8N93MQSNQNS11', '01G4EQH8SDX8QZ8FXC771Q6H12', '01G4EQH81VAK07Z3HN8WN87C12', now(), now(), '-2147483643'),

  ('01G4EQH8QNMSF8N93MQSNQNS12', '01G4EQH8SDX8QZ8FXC771Q6H13', '01G4EQH81VAK07Z3HN8WN87C13', now(), now(), '-2147483642'),
  ('01G4EQH8QNMSF8N93MQSNQNS13', '01G4EQH8SDX8QZ8FXC771Q6H14', '01G4EQH81VAK07Z3HN8WN87C14', now(), now(), '-2147483642'),

  ('01G4EQH8QNMSF8N93MQSNQNS14', '01G4EQH8SDX8QZ8FXC771Q6H15', '01G4EQH81VAK07Z3HN8WN87C15', now(), now(), '-2147483641'),
  ('01G4EQH8QNMSF8N93MQSNQNS15', '01G4EQH8SDX8QZ8FXC771Q6H16', '01G4EQH81VAK07Z3HN8WN87C16', now(), now(), '-2147483641'),

  ('01G4EQH8QNMSF8N93MQSNQNS16', '01G4EQH8SDX8QZ8FXC771Q6H17', '01G4EQH81VAK07Z3HN8WN87C17', now(), now(), '-2147483640'),
  ('01G4EQH8QNMSF8N93MQSNQNS17', '01G4EQH8SDX8QZ8FXC771Q6H18', '01G4EQH81VAK07Z3HN8WN87C18', now(), now(), '-2147483640')

  ON CONFLICT DO NOTHING;


INSERT INTO public.granted_role_access_path
  (granted_role_id, location_id, created_at, updated_at, resource_path)
VALUES
  ('01G4EQH8QNMSF8N93MQSNQNSH0', '01FR4M51XJY9E77GSN4QZ1Q9N1', now(), now(), '-2147483648'),
  ('01G4EQH8QNMSF8N93MQSNQNSH1', '01FR4M51XJY9E77GSN4QZ1Q9N1', now(), now(), '-2147483648'),

  ('01G4EQH8QNMSF8N93MQSNQNSH2', '01FR4M51XJY9E77GSN4QZ1Q9N2', now(), now(), '-2147483647'),
  ('01G4EQH8QNMSF8N93MQSNQNSH3', '01FR4M51XJY9E77GSN4QZ1Q9N2', now(), now(), '-2147483647'),

  ('01G4EQH8QNMSF8N93MQSNQNSH4', '01FR4M51XJY9E77GSN4QZ1Q9N3', now(), now(), '-2147483646'),
  ('01G4EQH8QNMSF8N93MQSNQNSH5', '01FR4M51XJY9E77GSN4QZ1Q9N3', now(), now(), '-2147483646'),

  ('01G4EQH8QNMSF8N93MQSNQNSH6', '01FR4M51XJY9E77GSN4QZ1Q9N4', now(), now(), '-2147483645'),
  ('01G4EQH8QNMSF8N93MQSNQNSH7', '01FR4M51XJY9E77GSN4QZ1Q9N4', now(), now(), '-2147483645'),

  ('01G4EQH8QNMSF8N93MQSNQNSH8', '01FR4M51XJY9E77GSN4QZ1Q9N5', now(), now(), '-2147483644'),
  ('01G4EQH8QNMSF8N93MQSNQNSH9', '01FR4M51XJY9E77GSN4QZ1Q9N5', now(), now(), '-2147483644'),

  ('01G4EQH8QNMSF8N93MQSNQNS10', '01FR4M51XJY9E77GSN4QZ1Q9N6', now(), now(), '-2147483643'),
  ('01G4EQH8QNMSF8N93MQSNQNS11', '01FR4M51XJY9E77GSN4QZ1Q9N6', now(), now(), '-2147483643'),

  ('01G4EQH8QNMSF8N93MQSNQNS12', '01FR4M51XJY9E77GSN4QZ1Q9N7', now(), now(), '-2147483642'),
  ('01G4EQH8QNMSF8N93MQSNQNS13', '01FR4M51XJY9E77GSN4QZ1Q9N7', now(), now(), '-2147483642'),

  ('01G4EQH8QNMSF8N93MQSNQNS14', '01FR4M51XJY9E77GSN4QZ1Q9N8', now(), now(), '-2147483641'),
  ('01G4EQH8QNMSF8N93MQSNQNS15', '01FR4M51XJY9E77GSN4QZ1Q9N8', now(), now(), '-2147483641'),

  ('01G4EQH8QNMSF8N93MQSNQNS16', '01FR4M51XJY9E77GSN4QZ1Q9N9', now(), now(), '-2147483640'),
  ('01G4EQH8QNMSF8N93MQSNQNS17', '01FR4M51XJY9E77GSN4QZ1Q9N9', now(), now(), '-2147483640')

  ON CONFLICT DO NOTHING;
