-- migration for resource_path -2147483635
INSERT INTO permission
  (permission_id, permission_name, created_at, updated_at, resource_path)
VALUES 
  ('01G8T46TPSRMAKTMRPR7Q93ZFK', 'master.location.read', NOW(), NOW(), '-2147483635')
  ON CONFLICT DO NOTHING;

INSERT INTO role 
  (role_id, role_name, is_system, created_at, updated_at, resource_path)
VALUES 
  ('01G8T49ECX7SCTC723ZH6Q2MBE1', 'Teacher', true, NOW(), NOW(), '-2147483635'),
  ('01G8T49ECX7SCTC723ZH6Q2MBE2', 'School Admin', true, NOW(), NOW(), '-2147483635'),
  ('01G8T49ECX7SCTC723ZH6Q2MBE3', 'Student', true, NOW(), NOW(), '-2147483635'),
  ('01G8T49ECX7SCTC723ZH6Q2MBE4', 'Parent',  true, NOW(), NOW(), '-2147483635'),
  ('01G8T49ECX7SCTC723ZH6Q2MBE5', 'HQ Staff', true, NOW(), NOW(), '-2147483635'),
  ('01G8T49ECX7SCTC723ZH6Q2MBE6', 'Centre Lead', true, NOW(), NOW(), '-2147483635'),
  ('01G8T49ECX7SCTC723ZH6Q2MBE7', 'Teacher Lead', true, NOW(), NOW(), '-2147483635'),
  ('01G8T49ECX7SCTC723ZH6Q2MBE8', 'Centre Manager',  true, NOW(), NOW(), '-2147483635'),
  ('01G8T49ECX7SCTC723ZH6Q2MBE9', 'Centre Staff',  true, NOW(), NOW(), '-2147483635')
  ON CONFLICT DO NOTHING;

INSERT INTO permission_role
  (permission_id, role_id, created_at, updated_at, resource_path)
VALUES 
  ('01G8T46TPSRMAKTMRPR7Q93ZFK', '01G8T49ECX7SCTC723ZH6Q2MBE1', NOW(), NOW(), '-2147483635'),
  ('01G8T46TPSRMAKTMRPR7Q93ZFK', '01G8T49ECX7SCTC723ZH6Q2MBE2', NOW(), NOW(), '-2147483635'),
  ('01G8T46TPSRMAKTMRPR7Q93ZFK', '01G8T49ECX7SCTC723ZH6Q2MBE3', NOW(), NOW(), '-2147483635'),
  ('01G8T46TPSRMAKTMRPR7Q93ZFK', '01G8T49ECX7SCTC723ZH6Q2MBE4', NOW(), NOW(), '-2147483635'),
  ('01G8T46TPSRMAKTMRPR7Q93ZFK', '01G8T49ECX7SCTC723ZH6Q2MBE5', NOW(), NOW(), '-2147483635'),
  ('01G8T46TPSRMAKTMRPR7Q93ZFK', '01G8T49ECX7SCTC723ZH6Q2MBE6', NOW(), NOW(), '-2147483635'),
  ('01G8T46TPSRMAKTMRPR7Q93ZFK', '01G8T49ECX7SCTC723ZH6Q2MBE7', NOW(), NOW(), '-2147483635'),
  ('01G8T46TPSRMAKTMRPR7Q93ZFK', '01G8T49ECX7SCTC723ZH6Q2MBE8', NOW(), NOW(), '-2147483635'),
  ('01G8T46TPSRMAKTMRPR7Q93ZFK', '01G8T49ECX7SCTC723ZH6Q2MBE9', NOW(), NOW(), '-2147483635')
  ON CONFLICT DO NOTHING;

INSERT INTO public.user_group
  (user_group_id, user_group_name, is_system, created_at, updated_at, resource_path)
VALUES
  ('01G8T4A85RX6FPW6A74SVSWZ4J1', 'Teacher', true, NOW(), NOW(), '-2147483635'),
  ('01G8T4A85RX6FPW6A74SVSWZ4J2', 'School Admin', true, NOW(), NOW(), '-2147483635'),
  ('01G8T4A85RX6FPW6A74SVSWZ4J3', 'Student', true, NOW(), NOW(), '-2147483635'),
  ('01G8T4A85RX6FPW6A74SVSWZ4J4', 'Parent',  true, NOW(), NOW(), '-2147483635'),
  ('01G8T4A85RX6FPW6A74SVSWZ4J5', 'HQ Staff', true, NOW(), NOW(), '-2147483635'),
  ('01G8T4A85RX6FPW6A74SVSWZ4J6', 'Centre Lead', true, NOW(), NOW(), '-2147483635'),
  ('01G8T4A85RX6FPW6A74SVSWZ4J7', 'Teacher Lead', true, NOW(), NOW(), '-2147483635'),
  ('01G8T4A85RX6FPW6A74SVSWZ4J8', 'Centre Manager',  true, NOW(), NOW(), '-2147483635'),
  ('01G8T4A85RX6FPW6A74SVSWZ4J9', 'Centre Staff',  true, NOW(), NOW(), '-2147483635')
  ON CONFLICT DO NOTHING;

INSERT INTO public.granted_role
  (granted_role_id, user_group_id, role_id, created_at, updated_at, resource_path)
VALUES
  ('01G8TAHJA630RV9QQ9EJARJ0JC1', '01G8T4A85RX6FPW6A74SVSWZ4J1', '01G8T49ECX7SCTC723ZH6Q2MBE1', NOW(), NOW(), '-2147483635'),
  ('01G8TAHJA630RV9QQ9EJARJ0JC2', '01G8T4A85RX6FPW6A74SVSWZ4J2', '01G8T49ECX7SCTC723ZH6Q2MBE2', NOW(), NOW(), '-2147483635'),
  ('01G8TAHJA630RV9QQ9EJARJ0JC3', '01G8T4A85RX6FPW6A74SVSWZ4J3', '01G8T49ECX7SCTC723ZH6Q2MBE3', NOW(), NOW(), '-2147483635'),
  ('01G8TAHJA630RV9QQ9EJARJ0JC4', '01G8T4A85RX6FPW6A74SVSWZ4J4', '01G8T49ECX7SCTC723ZH6Q2MBE4', NOW(), NOW(), '-2147483635'),
  ('01G8TAHJA630RV9QQ9EJARJ0JC5', '01G8T4A85RX6FPW6A74SVSWZ4J5', '01G8T49ECX7SCTC723ZH6Q2MBE5', NOW(), NOW(), '-2147483635'),
  ('01G8TAHJA630RV9QQ9EJARJ0JC6', '01G8T4A85RX6FPW6A74SVSWZ4J6', '01G8T49ECX7SCTC723ZH6Q2MBE6', NOW(), NOW(), '-2147483635'),
  ('01G8TAHJA630RV9QQ9EJARJ0JC7', '01G8T4A85RX6FPW6A74SVSWZ4J7', '01G8T49ECX7SCTC723ZH6Q2MBE7', NOW(), NOW(), '-2147483635'),
  ('01G8TAHJA630RV9QQ9EJARJ0JC8', '01G8T4A85RX6FPW6A74SVSWZ4J8', '01G8T49ECX7SCTC723ZH6Q2MBE8', NOW(), NOW(), '-2147483635'),
  ('01G8TAHJA630RV9QQ9EJARJ0JC9', '01G8T4A85RX6FPW6A74SVSWZ4J9', '01G8T49ECX7SCTC723ZH6Q2MBE9', NOW(), NOW(), '-2147483635')
  ON CONFLICT DO NOTHING;

INSERT INTO public.granted_role_access_path
  (granted_role_id, location_id, created_at, updated_at, resource_path)
VALUES
  ('01G8TAHJA630RV9QQ9EJARJ0JC1', '01FR4M51XJY9E77GSN4QZ1Q8N4', NOW(), NOW(), '-2147483635'),
  ('01G8TAHJA630RV9QQ9EJARJ0JC2', '01FR4M51XJY9E77GSN4QZ1Q8N4', NOW(), NOW(), '-2147483635'),
  ('01G8TAHJA630RV9QQ9EJARJ0JC3', '01FR4M51XJY9E77GSN4QZ1Q8N4', NOW(), NOW(), '-2147483635'),
  ('01G8TAHJA630RV9QQ9EJARJ0JC4', '01FR4M51XJY9E77GSN4QZ1Q8N4', NOW(), NOW(), '-2147483635'),
  ('01G8TAHJA630RV9QQ9EJARJ0JC5', '01FR4M51XJY9E77GSN4QZ1Q8N4', NOW(), NOW(), '-2147483635'),
  ('01G8TAHJA630RV9QQ9EJARJ0JC6', '01FR4M51XJY9E77GSN4QZ1Q8N4', NOW(), NOW(), '-2147483635'),
  ('01G8TAHJA630RV9QQ9EJARJ0JC7', '01FR4M51XJY9E77GSN4QZ1Q8N4', NOW(), NOW(), '-2147483635'),
  ('01G8TAHJA630RV9QQ9EJARJ0JC8', '01FR4M51XJY9E77GSN4QZ1Q8N4', NOW(), NOW(), '-2147483635'),
  ('01G8TAHJA630RV9QQ9EJARJ0JC9', '01FR4M51XJY9E77GSN4QZ1Q8N4', NOW(), NOW(), '-2147483635')
  ON CONFLICT DO NOTHING;



-- migration for resource_path -2147483634
INSERT INTO permission
  (permission_id, permission_name, created_at, updated_at, resource_path)
VALUES 
  ('01G8T4EYFQTSHV61G8Q2T3XPVM', 'master.location.read', NOW(), NOW(), '-2147483634')
  ON CONFLICT DO NOTHING;

INSERT INTO role 
  (role_id, role_name, is_system, created_at, updated_at, resource_path)
VALUES 
  ('01G8T4FQ2CZ0X2YD88HJE4CYGQ1', 'Teacher', true, NOW(), NOW(), '-2147483634'),
  ('01G8T4FQ2CZ0X2YD88HJE4CYGQ2', 'School Admin', true, NOW(), NOW(), '-2147483634'),
  ('01G8T4FQ2CZ0X2YD88HJE4CYGQ3', 'Student', true, NOW(), NOW(), '-2147483634'),
  ('01G8T4FQ2CZ0X2YD88HJE4CYGQ4', 'Parent',  true, NOW(), NOW(), '-2147483634'),
  ('01G8T4FQ2CZ0X2YD88HJE4CYGQ5', 'HQ Staff', true, NOW(), NOW(), '-2147483634'),
  ('01G8T4FQ2CZ0X2YD88HJE4CYGQ6', 'Centre Lead', true, NOW(), NOW(), '-2147483634'),
  ('01G8T4FQ2CZ0X2YD88HJE4CYGQ7', 'Teacher Lead', true, NOW(), NOW(), '-2147483634'),
  ('01G8T4FQ2CZ0X2YD88HJE4CYGQ8', 'Centre Manager',  true, NOW(), NOW(), '-2147483634'),
  ('01G8T4FQ2CZ0X2YD88HJE4CYGQ9', 'Centre Staff',  true, NOW(), NOW(), '-2147483634')
  ON CONFLICT DO NOTHING;

INSERT INTO permission_role
  (permission_id, role_id, created_at, updated_at, resource_path)
VALUES 
  ('01G8T4EYFQTSHV61G8Q2T3XPVM', '01G8T4FQ2CZ0X2YD88HJE4CYGQ1', NOW(), NOW(), '-2147483634'),
  ('01G8T4EYFQTSHV61G8Q2T3XPVM', '01G8T4FQ2CZ0X2YD88HJE4CYGQ2', NOW(), NOW(), '-2147483634'),
  ('01G8T4EYFQTSHV61G8Q2T3XPVM', '01G8T4FQ2CZ0X2YD88HJE4CYGQ3', NOW(), NOW(), '-2147483634'),
  ('01G8T4EYFQTSHV61G8Q2T3XPVM', '01G8T4FQ2CZ0X2YD88HJE4CYGQ4', NOW(), NOW(), '-2147483634'),
  ('01G8T4EYFQTSHV61G8Q2T3XPVM', '01G8T4FQ2CZ0X2YD88HJE4CYGQ5', NOW(), NOW(), '-2147483634'),
  ('01G8T4EYFQTSHV61G8Q2T3XPVM', '01G8T4FQ2CZ0X2YD88HJE4CYGQ6', NOW(), NOW(), '-2147483634'),
  ('01G8T4EYFQTSHV61G8Q2T3XPVM', '01G8T4FQ2CZ0X2YD88HJE4CYGQ7', NOW(), NOW(), '-2147483634'),
  ('01G8T4EYFQTSHV61G8Q2T3XPVM', '01G8T4FQ2CZ0X2YD88HJE4CYGQ8', NOW(), NOW(), '-2147483634'),
  ('01G8T4EYFQTSHV61G8Q2T3XPVM', '01G8T4FQ2CZ0X2YD88HJE4CYGQ9', NOW(), NOW(), '-2147483634')
  ON CONFLICT DO NOTHING;

INSERT INTO public.user_group
  (user_group_id, user_group_name, is_system, created_at, updated_at, resource_path)
VALUES
  ('01G8T4GTGRG5BEEGKMBS4X9K5J1', 'Teacher', true, NOW(), NOW(), '-2147483634'),
  ('01G8T4GTGRG5BEEGKMBS4X9K5J2', 'School Admin', true, NOW(), NOW(), '-2147483634'),
  ('01G8T4GTGRG5BEEGKMBS4X9K5J3', 'Student', true, NOW(), NOW(), '-2147483634'),
  ('01G8T4GTGRG5BEEGKMBS4X9K5J4', 'Parent',  true, NOW(), NOW(), '-2147483634'),
  ('01G8T4GTGRG5BEEGKMBS4X9K5J5', 'HQ Staff', true, NOW(), NOW(), '-2147483634'),
  ('01G8T4GTGRG5BEEGKMBS4X9K5J6', 'Centre Lead', true, NOW(), NOW(), '-2147483634'),
  ('01G8T4GTGRG5BEEGKMBS4X9K5J7', 'Teacher Lead', true, NOW(), NOW(), '-2147483634'),
  ('01G8T4GTGRG5BEEGKMBS4X9K5J8', 'Centre Manager',  true, NOW(), NOW(), '-2147483634'),
  ('01G8T4GTGRG5BEEGKMBS4X9K5J9', 'Centre Staff',  true, NOW(), NOW(), '-2147483634')
  ON CONFLICT DO NOTHING;

INSERT INTO public.granted_role
  (granted_role_id, user_group_id, role_id, created_at, updated_at, resource_path)
VALUES
  ('01G8TAKB0W9JQH9YTK848YJWWP1', '01G8T4GTGRG5BEEGKMBS4X9K5J1', '01G8T4FQ2CZ0X2YD88HJE4CYGQ1', NOW(), NOW(), '-2147483634'),
  ('01G8TAKB0W9JQH9YTK848YJWWP2', '01G8T4GTGRG5BEEGKMBS4X9K5J2', '01G8T4FQ2CZ0X2YD88HJE4CYGQ2', NOW(), NOW(), '-2147483634'),
  ('01G8TAKB0W9JQH9YTK848YJWWP3', '01G8T4GTGRG5BEEGKMBS4X9K5J3', '01G8T4FQ2CZ0X2YD88HJE4CYGQ3', NOW(), NOW(), '-2147483634'),
  ('01G8TAKB0W9JQH9YTK848YJWWP4', '01G8T4GTGRG5BEEGKMBS4X9K5J4', '01G8T4FQ2CZ0X2YD88HJE4CYGQ4', NOW(), NOW(), '-2147483634'),
  ('01G8TAKB0W9JQH9YTK848YJWWP5', '01G8T4GTGRG5BEEGKMBS4X9K5J5', '01G8T4FQ2CZ0X2YD88HJE4CYGQ5', NOW(), NOW(), '-2147483634'),
  ('01G8TAKB0W9JQH9YTK848YJWWP6', '01G8T4GTGRG5BEEGKMBS4X9K5J6', '01G8T4FQ2CZ0X2YD88HJE4CYGQ6', NOW(), NOW(), '-2147483634'),
  ('01G8TAKB0W9JQH9YTK848YJWWP7', '01G8T4GTGRG5BEEGKMBS4X9K5J7', '01G8T4FQ2CZ0X2YD88HJE4CYGQ7', NOW(), NOW(), '-2147483634'),
  ('01G8TAKB0W9JQH9YTK848YJWWP8', '01G8T4GTGRG5BEEGKMBS4X9K5J8', '01G8T4FQ2CZ0X2YD88HJE4CYGQ8', NOW(), NOW(), '-2147483634'),
  ('01G8TAKB0W9JQH9YTK848YJWWP9', '01G8T4GTGRG5BEEGKMBS4X9K5J9', '01G8T4FQ2CZ0X2YD88HJE4CYGQ9', NOW(), NOW(), '-2147483634')
  ON CONFLICT DO NOTHING;

INSERT INTO public.granted_role_access_path
  (granted_role_id, location_id, created_at, updated_at, resource_path)
VALUES
  ('01G8TAKB0W9JQH9YTK848YJWWP1', '01FR4M51XJY9E77GSN4QZ1Q8N5', NOW(), NOW(), '-2147483634'),
  ('01G8TAKB0W9JQH9YTK848YJWWP2', '01FR4M51XJY9E77GSN4QZ1Q8N5', NOW(), NOW(), '-2147483634'),
  ('01G8TAKB0W9JQH9YTK848YJWWP3', '01FR4M51XJY9E77GSN4QZ1Q8N5', NOW(), NOW(), '-2147483634'),
  ('01G8TAKB0W9JQH9YTK848YJWWP4', '01FR4M51XJY9E77GSN4QZ1Q8N5', NOW(), NOW(), '-2147483634'),
  ('01G8TAKB0W9JQH9YTK848YJWWP5', '01FR4M51XJY9E77GSN4QZ1Q8N5', NOW(), NOW(), '-2147483634'),
  ('01G8TAKB0W9JQH9YTK848YJWWP6', '01FR4M51XJY9E77GSN4QZ1Q8N5', NOW(), NOW(), '-2147483634'),
  ('01G8TAKB0W9JQH9YTK848YJWWP7', '01FR4M51XJY9E77GSN4QZ1Q8N5', NOW(), NOW(), '-2147483634'),
  ('01G8TAKB0W9JQH9YTK848YJWWP8', '01FR4M51XJY9E77GSN4QZ1Q8N5', NOW(), NOW(), '-2147483634'),
  ('01G8TAKB0W9JQH9YTK848YJWWP9', '01FR4M51XJY9E77GSN4QZ1Q8N5', NOW(), NOW(), '-2147483634')
  ON CONFLICT DO NOTHING;

