INSERT INTO public.user_group
  (user_group_id, user_group_name, is_system, created_at, updated_at, resource_path)
VALUES
  ('01GE1NVHERDCK5CBAW1SP80SPQ', 'Teacher', true, now(), now(), '-2147483644'),
  ('01GE1NVHERDCK5CBAW1P99AVZ3', 'School Admin', true, now(), now(), '-2147483644'),
  ('01GE1NVHERDCK5CBAW1MNEVRZE', 'HQ Staff', true, now(), now(), '-2147483644'),
  ('01GE1NVHERDCK5CBAW1GW3T59Y', 'Centre Lead', true, now(), now(), '-2147483644'),
  ('01GE1NVHERDCK5CBAW1EE6Y4AC', 'Teacher Lead', true, now(), now(), '-2147483644'),
  ('01GE1NVHERDCK5CBAW1DP32TGW', 'Centre Manager', true, now(), now(), '-2147483644'),
  ('01GE1NVHERDCK5CBAW1BF9DDDX', 'Centre Staff', true, now(), now(), '-2147483644')
  ON CONFLICT DO NOTHING;

INSERT INTO public.granted_role
  (granted_role_id, user_group_id, role_id, created_at, updated_at, resource_path)
VALUES
  ('01GE1NVHERDCK5CBAW19MN06E8', '01GE1NVHERDCK5CBAW1SP80SPQ', '01G1GQEKEHXKSM78NBW96NJ7H8', now(), now(), '-2147483644'),
  ('01GE1NVHERDCK5CBAW17BAYN82', '01GE1NVHERDCK5CBAW1P99AVZ3', '01G1GQEKEHXKSM78NBW96NJ7H9', now(), now(), '-2147483644'),
  ('01GE1NVHERDCK5CBAW168TX7X7', '01GE1NVHERDCK5CBAW1MNEVRZE', '01G7XGB49W2PCQPHNBE6SAZ441', now(), now(), '-2147483644'),
  ('01GE1NVHERDCK5CBAW13Q7J12R', '01GE1NVHERDCK5CBAW1GW3T59Y', '01G7XGB49W2PCQPHNBE6SAZ442', now(), now(), '-2147483644'),
  ('01GE1NVHERDCK5CBAW13JSVDC8', '01GE1NVHERDCK5CBAW1EE6Y4AC', '01G7XGB49W2PCQPHNBE6SAZ443', now(), now(), '-2147483644'),
  ('01GE1NVHERDCK5CBAW10S0A0M7', '01GE1NVHERDCK5CBAW1DP32TGW', '01G7XGB49W2PCQPHNBE6SAZ444', now(), now(), '-2147483644'),
  ('01GE1NVHERDCK5CBAW0Z0909FQ', '01GE1NVHERDCK5CBAW1BF9DDDX', '01G7XGB49W2PCQPHNBE6SAZ445', now(), now(), '-2147483644')
  ON CONFLICT DO NOTHING;

INSERT INTO public.granted_role_access_path
  (granted_role_id, location_id, created_at, updated_at, resource_path)
VALUES
  ('01GE1NVHERDCK5CBAW19MN06E8', '01FR4M51XJY9E77GSN4QZ1Q9N5', now(), now(), '-2147483644'),
  ('01GE1NVHERDCK5CBAW17BAYN82', '01FR4M51XJY9E77GSN4QZ1Q9N5', now(), now(), '-2147483644'),
  ('01GE1NVHERDCK5CBAW168TX7X7', '01FR4M51XJY9E77GSN4QZ1Q9N5', now(), now(), '-2147483644'),
  ('01GE1NVHERDCK5CBAW13Q7J12R', '01FR4M51XJY9E77GSN4QZ1Q9N5', now(), now(), '-2147483644'),
  ('01GE1NVHERDCK5CBAW13JSVDC8', '01FR4M51XJY9E77GSN4QZ1Q9N5', now(), now(), '-2147483644'),
  ('01GE1NVHERDCK5CBAW10S0A0M7', '01FR4M51XJY9E77GSN4QZ1Q9N5', now(), now(), '-2147483644'),
  ('01GE1NVHERDCK5CBAW0Z0909FQ', '01FR4M51XJY9E77GSN4QZ1Q9N5', now(), now(), '-2147483644')
  ON CONFLICT DO NOTHING;

INSERT INTO user_group_member 
  (user_id, user_group_id, created_at, updated_at, deleted_at, resource_path) 
VALUES 
  ('thu.vo+e2eschool@manabie.com', '01GE1NVHERDCK5CBAW1P99AVZ3', now(), now(), null, '-2147483644') 
  ON CONFLICT DO NOTHING;
