INSERT INTO public.role 
  (role_id, role_name, created_at, updated_at, resource_path)
VALUES 
  ('01GEEJQWWVCXFGAJE3G0C9YR30', 'OpenAPI', now(), now(), '-2147483648'),
  ('01GEEJQWWVCXFGAJE3G0C9YR31', 'OpenAPI', now(), now(), '-2147483647'),
  ('01GEEJQWWVCXFGAJE3G0C9YR32', 'OpenAPI', now(), now(), '-2147483646'),
  ('01GEEJQWWVCXFGAJE3G0C9YR33', 'OpenAPI', now(), now(), '-2147483645'),
  ('01GEEJQWWVCXFGAJE3G0C9YR34', 'OpenAPI', now(), now(), '-2147483644'),
  ('01GEEJQWWVCXFGAJE3G0C9YR35', 'OpenAPI', now(), now(), '-2147483643'),
  ('01GEEJQWWVCXFGAJE3G0C9YR36', 'OpenAPI', now(), now(), '-2147483642'),
  ('01GEEJQWWVCXFGAJE3G0C9YR37', 'OpenAPI', now(), now(), '-2147483641'),
  ('01GEEJQWWVCXFGAJE3G0C9YR38', 'OpenAPI', now(), now(), '-2147483640'),
  ('01GEEJQWWVCXFGAJE3G0C9YR39', 'OpenAPI', now(), now(), '-2147483639'),
  ('01GEEKT27Q3WRC3PDDN9M6KFS0', 'OpenAPI', now(), now(), '-2147483638'),
  ('01GEEKT27Q3WRC3PDDN9M6KFS1', 'OpenAPI', now(), now(), '-2147483637'),
  ('01GEEKT27Q3WRC3PDDN9M6KFS2', 'OpenAPI', now(), now(), '-2147483635'),
  ('01GEEKT27Q3WRC3PDDN9M6KFS3', 'OpenAPI', now(), now(), '-2147483634')
ON CONFLICT DO NOTHING;

INSERT INTO public.permission_role
  (permission_id, role_id, created_at, updated_at, resource_path)
VALUES 
  ('01GCGH2Q9F381YRDP4ETZ937G0', '01GEEJQWWVCXFGAJE3G0C9YR30', now(), now(), '-2147483648'),
  ('01GCGH2Q9F381YRDP4ETZ937G1', '01GEEJQWWVCXFGAJE3G0C9YR30', now(), now(), '-2147483648'),

  ('01GCGH2Q9F381YRDP4ERVG0JC0', '01GEEJQWWVCXFGAJE3G0C9YR31', now(), now(), '-2147483647'),
  ('01GCGH2Q9F381YRDP4ERVG0JC1', '01GEEJQWWVCXFGAJE3G0C9YR31', now(), now(), '-2147483647'),

  ('01GCGH2Q9F381YRDP4ENC72ZR0', '01GEEJQWWVCXFGAJE3G0C9YR32', now(), now(), '-2147483646'),
  ('01GCGH2Q9F381YRDP4ENC72ZR1', '01GEEJQWWVCXFGAJE3G0C9YR32', now(), now(), '-2147483646'),

  ('01GCGH2Q9F381YRDP4EKNM7DN0', '01GEEJQWWVCXFGAJE3G0C9YR33', now(), now(), '-2147483645'),
  ('01GCGH2Q9F381YRDP4EKNM7DN1', '01GEEJQWWVCXFGAJE3G0C9YR33', now(), now(), '-2147483645'),

  ('01GCGH2Q9F381YRDP4EJFDXJH0', '01GEEJQWWVCXFGAJE3G0C9YR34', now(), now(), '-2147483644'),
  ('01GCGH2Q9F381YRDP4EJFDXJH1', '01GEEJQWWVCXFGAJE3G0C9YR34', now(), now(), '-2147483644'),

  ('01GCGH2Q9F381YRDP4EHRQ26E0', '01GEEJQWWVCXFGAJE3G0C9YR35', now(), now(), '-2147483643'),
  ('01GCGH2Q9F381YRDP4EHRQ26E1', '01GEEJQWWVCXFGAJE3G0C9YR35', now(), now(), '-2147483643'),

  ('01GCGH2Q9F381YRDP4EG135FB0', '01GEEJQWWVCXFGAJE3G0C9YR36', now(), now(), '-2147483642'),
  ('01GCGH2Q9F381YRDP4EG135FB1', '01GEEJQWWVCXFGAJE3G0C9YR36', now(), now(), '-2147483642'),

  ('01GCGH2Q9F381YRDP4EFD8HWN0', '01GEEJQWWVCXFGAJE3G0C9YR37', now(), now(), '-2147483641'),
  ('01GCGH2Q9F381YRDP4EFD8HWN1', '01GEEJQWWVCXFGAJE3G0C9YR37', now(), now(), '-2147483641'),

  ('01GCGH2Q9F381YRDP4EFBBBKP0', '01GEEJQWWVCXFGAJE3G0C9YR38', now(), now(), '-2147483640'),
  ('01GCGH2Q9F381YRDP4EFBBBKP1', '01GEEJQWWVCXFGAJE3G0C9YR38', now(), now(), '-2147483640'),

  ('01GCGH2Q9F381YRDP4EF3831Q0', '01GEEJQWWVCXFGAJE3G0C9YR39', now(), now(), '-2147483639'),
  ('01GCGH2Q9F381YRDP4EF3831Q1', '01GEEJQWWVCXFGAJE3G0C9YR39', now(), now(), '-2147483639'),

  ('01GCGH2Q9F381YRDP4EBDQZDW0', '01GEEKT27Q3WRC3PDDN9M6KFS0', now(), now(), '-2147483638'),
  ('01GCGH2Q9F381YRDP4EBDQZDW1', '01GEEKT27Q3WRC3PDDN9M6KFS0', now(), now(), '-2147483638'),

  ('01GCGH2Q9F381YRDP4EA7ENAT0', '01GEEKT27Q3WRC3PDDN9M6KFS1', now(), now(), '-2147483637'),
  ('01GCGH2Q9F381YRDP4EA7ENAT1', '01GEEKT27Q3WRC3PDDN9M6KFS1', now(), now(), '-2147483637'),

  ('01GCGH2Q9F381YRDP4E4XY9ZF0', '01GEEKT27Q3WRC3PDDN9M6KFS2', now(), now(), '-2147483635'),
  ('01GCGH2Q9F381YRDP4E4XY9ZF1', '01GEEKT27Q3WRC3PDDN9M6KFS2', now(), now(), '-2147483635'),

  ('01GCGH2Q9F381YRDP4E4WZ45X0', '01GEEKT27Q3WRC3PDDN9M6KFS3', now(), now(), '-2147483634'),
  ('01GCGH2Q9F381YRDP4E4WZ45X1', '01GEEKT27Q3WRC3PDDN9M6KFS3', now(), now(), '-2147483634')
ON CONFLICT DO NOTHING;

INSERT INTO public.user_group
  (user_group_id, user_group_name, is_system, created_at, updated_at, resource_path)
VALUES
  ('01GEEWK4X95MQ3HSFDXB7C2Y30', 'OpenAPI', true, now(), now(), '-2147483648'),
  ('01GEEWK4X95MQ3HSFDXB7C2Y31', 'OpenAPI', true, now(), now(), '-2147483647'),
  ('01GEEWK4X95MQ3HSFDXB7C2Y32', 'OpenAPI', true, now(), now(), '-2147483646'),
  ('01GEEWK4X95MQ3HSFDXB7C2Y33', 'OpenAPI', true, now(), now(), '-2147483645'),
  ('01GEEWK4X95MQ3HSFDXB7C2Y34', 'OpenAPI', true, now(), now(), '-2147483644'),
  ('01GEEWK4X95MQ3HSFDXB7C2Y35', 'OpenAPI', true, now(), now(), '-2147483643'),
  ('01GEEWK4X95MQ3HSFDXB7C2Y36', 'OpenAPI', true, now(), now(), '-2147483642'),
  ('01GEEWK4X95MQ3HSFDXB7C2Y37', 'OpenAPI', true, now(), now(), '-2147483641'),
  ('01GEEWK4X95MQ3HSFDXB7C2Y38', 'OpenAPI', true, now(), now(), '-2147483640'),
  ('01GEEWK4X95MQ3HSFDXB7C2Y39', 'OpenAPI', true, now(), now(), '-2147483639'),
  ('01GEEWN889PJE2SW6CPWWF0WZ0', 'OpenAPI', true, now(), now(), '-2147483638'),
  ('01GEEWN889PJE2SW6CPWWF0WZ1', 'OpenAPI', true, now(), now(), '-2147483637'),
  ('01GEEWN889PJE2SW6CPWWF0WZ2', 'OpenAPI', true, now(), now(), '-2147483635'),
  ('01GEEWN889PJE2SW6CPWWF0WZ3', 'OpenAPI', true, now(), now(), '-2147483634')
ON CONFLICT DO NOTHING;

INSERT INTO public.granted_role
  (granted_role_id, user_group_id, role_id, created_at, updated_at, resource_path)
VALUES
  ('01GEEXJZKEE265ECMW3GP3FTQ0', '01GEEWK4X95MQ3HSFDXB7C2Y30', '01GEEJQWWVCXFGAJE3G0C9YR30', now(), now(), '-2147483648'),
  ('01GEEXJZKEE265ECMW3GP3FTQ1', '01GEEWK4X95MQ3HSFDXB7C2Y31', '01GEEJQWWVCXFGAJE3G0C9YR31', now(), now(), '-2147483647'),
  ('01GEEXJZKEE265ECMW3GP3FTQ2', '01GEEWK4X95MQ3HSFDXB7C2Y32', '01GEEJQWWVCXFGAJE3G0C9YR32', now(), now(), '-2147483646'),
  ('01GEEXJZKEE265ECMW3GP3FTQ3', '01GEEWK4X95MQ3HSFDXB7C2Y33', '01GEEJQWWVCXFGAJE3G0C9YR33', now(), now(), '-2147483645'),
  ('01GEEXJZKEE265ECMW3GP3FTQ4', '01GEEWK4X95MQ3HSFDXB7C2Y34', '01GEEJQWWVCXFGAJE3G0C9YR34', now(), now(), '-2147483644'),
  ('01GEEXJZKEE265ECMW3GP3FTQ5', '01GEEWK4X95MQ3HSFDXB7C2Y35', '01GEEJQWWVCXFGAJE3G0C9YR35', now(), now(), '-2147483643'),
  ('01GEEXJZKEE265ECMW3GP3FTQ6', '01GEEWK4X95MQ3HSFDXB7C2Y36', '01GEEJQWWVCXFGAJE3G0C9YR36', now(), now(), '-2147483642'),
  ('01GEEXJZKEE265ECMW3GP3FTQ7', '01GEEWK4X95MQ3HSFDXB7C2Y37', '01GEEJQWWVCXFGAJE3G0C9YR37', now(), now(), '-2147483641'),
  ('01GEEXJZKEE265ECMW3GP3FTQ8', '01GEEWK4X95MQ3HSFDXB7C2Y38', '01GEEJQWWVCXFGAJE3G0C9YR38', now(), now(), '-2147483640'),
  ('01GEEXJZKEE265ECMW3GP3FTQ9', '01GEEWK4X95MQ3HSFDXB7C2Y39', '01GEEJQWWVCXFGAJE3G0C9YR39', now(), now(), '-2147483639'),
  ('01GEEXX16T6HXTA9JJXGKJ2FB0', '01GEEWN889PJE2SW6CPWWF0WZ0', '01GEEKT27Q3WRC3PDDN9M6KFS0', now(), now(), '-2147483638'),
  ('01GEEXX16T6HXTA9JJXGKJ2FB1', '01GEEWN889PJE2SW6CPWWF0WZ1', '01GEEKT27Q3WRC3PDDN9M6KFS1', now(), now(), '-2147483637'),
  ('01GEEXX16T6HXTA9JJXGKJ2FB2', '01GEEWN889PJE2SW6CPWWF0WZ2', '01GEEKT27Q3WRC3PDDN9M6KFS2', now(), now(), '-2147483635'),
  ('01GEEXX16T6HXTA9JJXGKJ2FB3', '01GEEWN889PJE2SW6CPWWF0WZ3', '01GEEKT27Q3WRC3PDDN9M6KFS3', now(), now(), '-2147483634')
ON CONFLICT DO NOTHING;

INSERT INTO public.granted_role_access_path
  (granted_role_id, location_id, created_at, updated_at, resource_path)
VALUES
  ('01GEEXJZKEE265ECMW3GP3FTQ0', '01FR4M51XJY9E77GSN4QZ1Q9N1', now(), now(), '-2147483648'),
  ('01GEEXJZKEE265ECMW3GP3FTQ1', '01FR4M51XJY9E77GSN4QZ1Q9N2', now(), now(), '-2147483647'),
  ('01GEEXJZKEE265ECMW3GP3FTQ2', '01FR4M51XJY9E77GSN4QZ1Q9N3', now(), now(), '-2147483646'),
  ('01GEEXJZKEE265ECMW3GP3FTQ3', '01FR4M51XJY9E77GSN4QZ1Q9N4', now(), now(), '-2147483645'),
  ('01GEEXJZKEE265ECMW3GP3FTQ4', '01FR4M51XJY9E77GSN4QZ1Q9N5', now(), now(), '-2147483644'),
  ('01GEEXJZKEE265ECMW3GP3FTQ5', '01FR4M51XJY9E77GSN4QZ1Q9N6', now(), now(), '-2147483643'),
  ('01GEEXJZKEE265ECMW3GP3FTQ6', '01FR4M51XJY9E77GSN4QZ1Q9N7', now(), now(), '-2147483642'),
  ('01GEEXJZKEE265ECMW3GP3FTQ7', '01FR4M51XJY9E77GSN4QZ1Q9N8', now(), now(), '-2147483641'),
  ('01GEEXJZKEE265ECMW3GP3FTQ8', '01FR4M51XJY9E77GSN4QZ1Q9N9', now(), now(), '-2147483640'),
  ('01GEEXJZKEE265ECMW3GP3FTQ9', '01FR4M51XJY9E77GSN4QZ1Q8N1', now(), now(), '-2147483639'),
  ('01GEEXX16T6HXTA9JJXGKJ2FB0', '01FR4M51XJY9E77GSN4QZ1Q8N2', now(), now(), '-2147483638'),
  ('01GEEXX16T6HXTA9JJXGKJ2FB1', '01FR4M51XJY9E77GSN4QZ1Q8N3', now(), now(), '-2147483637'),
  ('01GEEXX16T6HXTA9JJXGKJ2FB2', '01FR4M51XJY9E77GSN4QZ1Q8N4', now(), now(), '-2147483635'),
  ('01GEEXX16T6HXTA9JJXGKJ2FB3', '01FR4M51XJY9E77GSN4QZ1Q8N5', now(), now(), '-2147483634')
ON CONFLICT DO NOTHING;
