------------ LMS 2.0 -------------
--- Location ---
INSERT INTO public.location_types
(location_type_id, name, "display_name", resource_path, updated_at, created_at)
VALUES	('01H1BAHG1YXMMXEVSTS7NBV9CH','org','LMS 2.0', '-2147483622', now(), now()) ON CONFLICT DO NOTHING;

INSERT INTO public.locations
(location_id, name, location_type, partner_internal_id, partner_internal_parent_id, parent_location_id, resource_path, updated_at, created_at,access_path)
VALUES	('01H1BAHG1YXMMXEVSTS7NBV9CH', 'LMS 2.0', '01H1BAHG1YXMMXEVSTS7NBV9CH',NULL, NULL, NULL, '-2147483622', now(), now(), '01H1BAHG1YXMMXEVSTS7NBV9CH') ON CONFLICT DO NOTHING;

--- Organization ---
INSERT INTO organizations (organization_id, tenant_id, name, resource_path, domain_name, logo_url, country, created_at, updated_at, deleted_at)
VALUES   ('-2147483622', 'lms-v2-internal-g5yjf', 'LMS 2.0', '-2147483622', 'lmsv2', '', 'COUNTRY_JP', now(), now(), null) ON CONFLICT DO NOTHING;

INSERT INTO public.organization_auths
(organization_id, auth_project_id, auth_tenant_id)
VALUES(-2147483622, 'student-coach-e1e95', 'lms-v2-internal-g5yjf') ON CONFLICT DO NOTHING;

INSERT INTO schools ( school_id, name, country, city_id, district_id, point, is_system_school, created_at, updated_at, is_merge, phone_number, deleted_at, resource_path)
VALUES  (-2147483622, 'LMS 2.0', 'COUNTRY_JP', 1,  1, null,  false, now(), now(), false, null,  null, '-2147483622') ON CONFLICT DO NOTHING;

--- Role <> User Group ---
---- Role and Permission ---
INSERT INTO "permission" (permission_id,permission_name,created_at,updated_at,resource_path) VALUES
	 ('01H1BAHW9TJBTH2M1QYY0HMSCK','communication.conversation.read','now()','now()','-2147483622'),
	 ('01H1BAJ3T993PB3JNVMT33G040','communication.conversation.write','now()','now()','-2147483622'),
	 ('01H1BAJAHSHDFFDYQZRDZ9K66N','communication.notification.owner','now()','now()','-2147483622'),
	 ('01H1BAJKPFRMDXGY3PX71X24J0','communication.notification.read','now()','now()','-2147483622'),
	 ('01H1BAK0F8V0JAJND3MTK69ETF','communication.notification.write','now()','now()','-2147483622'),
	 ('01H1BAK5TKE2ZQW01KHPRJV3V4','entryexit.student_entryexit_records.read','now()','now()','-2147483622'),
	 ('01H1BAKBQFTPQXWBGQ1SSJ10C5','entryexit.student_entryexit_records.write','now()','now()','-2147483622'),
	 ('01H1BAKHCBVTRWZFDSRG4E2PH6','entryexit.student_qr.read','now()','now()','-2147483622'),
	 ('01H1BAKPFCJ82HB4HRAZZB9XD2','entryexit.student_qr.write','now()','now()','-2147483622'),
	 ('01H1BAKTZ65HWR0Q1GHG14EHZE','lesson.lessonmember.read','now()','now()','-2147483622') ON CONFLICT DO NOTHING;
INSERT INTO "permission" (permission_id,permission_name,created_at,updated_at,resource_path) VALUES
	 ('01H1BAM1AARPJ8MK6RQQZM2QJT','lesson.lessonmember.write','now()','now()','-2147483622'),
	 ('01H1BAM6JQQ507ERH60MTBKYZ7','lesson.lesson.read','now()','now()','-2147483622'),
	 ('01H1BAMBCTR792C7XZ029HCXG4','lesson.lesson.write','now()','now()','-2147483622'),
	 ('01H1BAMGXGMCCWKT4TVJZ7XCN5','lesson.reallocation.read','now()','now()','-2147483622'),
	 ('01H1BAMR8MF341W98YCGCZSF2F','lesson.reallocation.write','now()','now()','-2147483622'),
	 ('01H1BAMXB2WHQ7R3PVHHCYA9W7','lesson.report.review','now()','now()','-2147483622'),
	 ('01H1BAN4GQWSVG90T70F0JMYYW','master.course.read','now()','now()','-2147483622'),
	 ('01H1BAN9YZ9PHN9804E35SDGXY','master.course.write','now()','now()','-2147483622'),
	 ('01H1BANFKV3M77JKZZ5VGD2D5S','master.location.read','now()','now()','-2147483622'),
	 ('01H1BANMFS7YNV9SVS6PR645VF','master.location.write','now()','now()','-2147483622') ON CONFLICT DO NOTHING;
INSERT INTO "permission" (permission_id,permission_name,created_at,updated_at,resource_path) VALUES
	 ('01H1BANX3PT9FKARKDJXF56PHB','payment.bank_account.read','now()','now()','-2147483622'),
	 ('01H1BAP2CKE5DGGXH4VXKZ4P2C','payment.bank_account.write','now()','now()','-2147483622'),
	 ('01H1BAP6JBRVX5TK2J04AX1SFD','payment.billing_address.read','now()','now()','-2147483622'),
	 ('01H1BAPBZC1SWY6G4Q45P72CG8','payment.billing_address.write','now()','now()','-2147483622'),
	 ('01H1BAPJHA5MZJYEAW21D0AB68','payment.bill_item.read','now()','now()','-2147483622'),
	 ('01H1BAPRQP7MJBRY7BZJKPJBCS','payment.bill_item.write','now()','now()','-2147483622'),
	 ('01H1BAPYDYQ51CJZAW2SRA97XQ','payment.invoice.read','now()','now()','-2147483622'),
	 ('01H1BAQ37P4ZHWW43V01WGZVZE','payment.invoice.write','now()','now()','-2147483622'),
	 ('01H1BAQ815B651XWGV2A6ZEE29','payment.order.read','now()','now()','-2147483622'),
	 ('01H1BAQDEGEVA797F1CFEGRSGH','payment.order.write','now()','now()','-2147483622') ON CONFLICT DO NOTHING;
INSERT INTO "permission" (permission_id,permission_name,created_at,updated_at,resource_path) VALUES
	 ('01H1BAQM024H9YBD0JYJNRWQ9S','payment.payment.read','now()','now()','-2147483622'),
	 ('01H1BAQSD3W7XM3YWJVQHCTNX1','payment.payment.write','now()','now()','-2147483622'),
	 ('01H1BAQY9ENQ7W1SJVRE3NJYMK','payment.student_payment_detail.read','now()','now()','-2147483622'),
	 ('01H1BAR395E9DZ7SZHNC41KK3T','payment.student_payment_detail.write','now()','now()','-2147483622'),
	 ('01H1BAR7NHJN4QPGJ01CMSZKKV','payment.student_product.read','now()','now()','-2147483622'),
	 ('01H1BARJ3D1Z6MA9T4XBWSVJQ2','payment.student_product.write','now()','now()','-2147483622'),
	 ('01H1BARXTGRHBQPM0N69D6FMDX','timesheet.timesheet.read','now()','now()','-2147483622'),
	 ('01H1BAS22XBQNWTS4BCHQ8YJ3K','timesheet.timesheet.write','now()','now()','-2147483622'),
	 ('01H1BAS6CDMZ2TYJZZWX5X1JG2','user.parent.read','now()','now()','-2147483622'),
	 ('01H1BASB9HA172QWC0ES0MT3YR','user.parent.write','now()','now()','-2147483622') ON CONFLICT DO NOTHING;
INSERT INTO "permission" (permission_id,permission_name,created_at,updated_at,resource_path) VALUES
	 ('01H1BASGQ08NG13527Z33DZVR3','user.staff.read','now()','now()','-2147483622'),
	 ('01H1BASNHJ66Z68DPHT5XSDNNC','user.staff.write','now()','now()','-2147483622'),
	 ('01H1BAST61F92JG308ECRXZWGH','user.student_course.write','now()','now()','-2147483622'),
	 ('01H1BASZED229ZG76516RS3NCZ','user.student_enrollment_status_history.read','now()','now()','-2147483622'),
	 ('01H1BAT4V1WGCBVFC8AQZSADPB','user.student.read','now()','now()','-2147483622'),
	 ('01H1BAT9B6F5BEZD4PPE69YJSD','user.student.write','now()','now()','-2147483622'),
	 ('01H1BATENKPXSJJS81E8RXY4Z0','user.usergroupmember.read','now()','now()','-2147483622'),
	 ('01H1BATKD85WQM2TY3KHDTGVSQ','user.usergroupmember.write','now()','now()','-2147483622'),
	 ('01H1BATRBB5C05MNC3PCBEP6T7','user.usergroup.read','now()','now()','-2147483622'),
	 ('01H1BATWMFXHKTMDJFV12A3JK3','user.usergroup.write','now()','now()','-2147483622') ON CONFLICT DO NOTHING;
INSERT INTO "permission" (permission_id,permission_name,created_at,updated_at,resource_path) VALUES
	 ('01H1BAV178JCEH8KJB07NTB5PF','user.user.read','now()','now()','-2147483622'),
	 ('01H1BAV5TBBSN2D40PS0JH36R4','user.user.write','now()','now()','-2147483622'),
	 ('01H1BAVBW5Y0SGH3DHYD60G7NW','virtualclassroom.room_state.read','now()','now()','-2147483622'),
	 ('01H1BAVNMSS1PBCCVKPWMWBP8E','virtualclassroom.room_state.write','now()','now()','-2147483622') ON CONFLICT DO NOTHING;

--- Role ---
INSERT INTO role (role_id,role_name,is_system,created_at,updated_at,resource_path) VALUES
	 ('01H1BAVW1T693NNA52RCR38VA0','OpenAPI',true,'now()','now()','-2147483622'),
	 ('01H1BAVW1T693NNA52RCR38VA1','Teacher',false,'now()','now()','-2147483622'),
	 ('01H1BAVW1T693NNA52RCR38VA2','School Admin',false,'now()','now()','-2147483622'),
	 ('01H1BAVW1T693NNA52RCR38VA3','Student',true,'now()','now()','-2147483622'),
	 ('01H1BAVW1T693NNA52RCR38VA4','Parent',true,'now()','now()','-2147483622'),
	 ('01H1BAVW1T693NNA52RCR38VA5','HQ Staff',false,'now()','now()','-2147483622'),
	 ('01H1BAVW1T693NNA52RCR38VA6','Centre Lead',false,'now()','now()','-2147483622'),
	 ('01H1BAVW1T693NNA52RCR38VA7','Teacher Lead',false,'now()','now()','-2147483622'),
	 ('01H1BAVW1T693NNA52RCR38VA8','Centre Manager',false,'now()','now()','-2147483622'),
	 ('01H1BAVW1T693NNA52RCR38VA9','Centre Staff',false,'now()','now()','-2147483622') ON CONFLICT DO NOTHING;
INSERT INTO role (role_id,role_name,is_system,created_at,updated_at,resource_path) VALUES
	 ('01H1BAWA6VT0BE9J363M1DWXT5','NotificationScheduleJob',true,'now()','now()','-2147483622'),
	 ('01H1BAWEDM09WC2KPQZDPSS7GB','UsermgmtScheduleJob',true,'now()','now()','-2147483622'),
	 ('01H1BAWKDMKRNNMQREVQY5ZHES','VirtualClassroomScheduleJob',true,'now()','now()','-2147483622'),
	 ('01H1BAWQW54NPNYM01KX8YK1CF','PaymentScheduleJob',true,'now()','now()','-2147483622') ON CONFLICT DO NOTHING;

--- Permission Role ---
INSERT INTO permission_role (permission_id,role_id,created_at,updated_at,resource_path) VALUES
	 ('01H1BAKBQFTPQXWBGQ1SSJ10C5','01H1BAVW1T693NNA52RCR38VA2','now()','now()','-2147483622'),
	 ('01H1BAKBQFTPQXWBGQ1SSJ10C5','01H1BAVW1T693NNA52RCR38VA5','now()','now()','-2147483622'),
	 ('01H1BAKBQFTPQXWBGQ1SSJ10C5','01H1BAVW1T693NNA52RCR38VA9','now()','now()','-2147483622'),
	 ('01H1BAKBQFTPQXWBGQ1SSJ10C5','01H1BAVW1T693NNA52RCR38VA1','now()','now()','-2147483622'),
	 ('01H1BAKBQFTPQXWBGQ1SSJ10C5','01H1BAVW1T693NNA52RCR38VA8','now()','now()','-2147483622'),
	 ('01H1BAKBQFTPQXWBGQ1SSJ10C5','01H1BAVW1T693NNA52RCR38VA6','now()','now()','-2147483622'),
	 ('01H1BAK5TKE2ZQW01KHPRJV3V4','01H1BAVW1T693NNA52RCR38VA6','now()','now()','-2147483622'),
	 ('01H1BAK5TKE2ZQW01KHPRJV3V4','01H1BAVW1T693NNA52RCR38VA1','now()','now()','-2147483622'),
	 ('01H1BAK5TKE2ZQW01KHPRJV3V4','01H1BAVW1T693NNA52RCR38VA3','now()','now()','-2147483622'),
	 ('01H1BAK5TKE2ZQW01KHPRJV3V4','01H1BAVW1T693NNA52RCR38VA9','now()','now()','-2147483622') ON CONFLICT DO NOTHING;
INSERT INTO permission_role (permission_id,role_id,created_at,updated_at,resource_path) VALUES
	 ('01H1BAK5TKE2ZQW01KHPRJV3V4','01H1BAVW1T693NNA52RCR38VA5','now()','now()','-2147483622'),
	 ('01H1BAK5TKE2ZQW01KHPRJV3V4','01H1BAVW1T693NNA52RCR38VA2','now()','now()','-2147483622'),
	 ('01H1BAK5TKE2ZQW01KHPRJV3V4','01H1BAVW1T693NNA52RCR38VA8','now()','now()','-2147483622'),
	 ('01H1BAK5TKE2ZQW01KHPRJV3V4','01H1BAVW1T693NNA52RCR38VA4','now()','now()','-2147483622'),
	 ('01H1BAKPFCJ82HB4HRAZZB9XD2','01H1BAVW1T693NNA52RCR38VA5','now()','now()','-2147483622'),
	 ('01H1BAKPFCJ82HB4HRAZZB9XD2','01H1BAVW1T693NNA52RCR38VA3','now()','now()','-2147483622'),
	 ('01H1BAKPFCJ82HB4HRAZZB9XD2','01H1BAVW1T693NNA52RCR38VA8','now()','now()','-2147483622'),
	 ('01H1BAKPFCJ82HB4HRAZZB9XD2','01H1BAVW1T693NNA52RCR38VA9','now()','now()','-2147483622'),
	 ('01H1BAKPFCJ82HB4HRAZZB9XD2','01H1BAVW1T693NNA52RCR38VA2','now()','now()','-2147483622'),
	 ('01H1BAKPFCJ82HB4HRAZZB9XD2','01H1BAVW1T693NNA52RCR38VA6','now()','now()','-2147483622') ON CONFLICT DO NOTHING;
INSERT INTO permission_role (permission_id,role_id,created_at,updated_at,resource_path) VALUES
	 ('01H1BAKHCBVTRWZFDSRG4E2PH6','01H1BAVW1T693NNA52RCR38VA3','now()','now()','-2147483622'),
	 ('01H1BAKHCBVTRWZFDSRG4E2PH6','01H1BAVW1T693NNA52RCR38VA1','now()','now()','-2147483622'),
	 ('01H1BAKHCBVTRWZFDSRG4E2PH6','01H1BAVW1T693NNA52RCR38VA8','now()','now()','-2147483622'),
	 ('01H1BAKHCBVTRWZFDSRG4E2PH6','01H1BAVW1T693NNA52RCR38VA5','now()','now()','-2147483622'),
	 ('01H1BAKHCBVTRWZFDSRG4E2PH6','01H1BAVW1T693NNA52RCR38VA4','now()','now()','-2147483622'),
	 ('01H1BAKHCBVTRWZFDSRG4E2PH6','01H1BAVW1T693NNA52RCR38VA2','now()','now()','-2147483622'),
	 ('01H1BAKHCBVTRWZFDSRG4E2PH6','01H1BAVW1T693NNA52RCR38VA9','now()','now()','-2147483622'),
	 ('01H1BAKHCBVTRWZFDSRG4E2PH6','01H1BAVW1T693NNA52RCR38VA6','now()','now()','-2147483622'),
	 ('01H1BAQM024H9YBD0JYJNRWQ9S','01H1BAVW1T693NNA52RCR38VA2','now()','now()','-2147483622'),
	 ('01H1BAQM024H9YBD0JYJNRWQ9S','01H1BAVW1T693NNA52RCR38VA5','now()','now()','-2147483622') ON CONFLICT DO NOTHING;
INSERT INTO permission_role (permission_id,role_id,created_at,updated_at,resource_path) VALUES
	 ('01H1BAR7NHJN4QPGJ01CMSZKKV','01H1BAVW1T693NNA52RCR38VA9','now()','now()','-2147483622'),
	 ('01H1BAR7NHJN4QPGJ01CMSZKKV','01H1BAWQW54NPNYM01KX8YK1CF','now()','now()','-2147483622'),
	 ('01H1BAR7NHJN4QPGJ01CMSZKKV','01H1BAVW1T693NNA52RCR38VA8','now()','now()','-2147483622'),
	 ('01H1BAR7NHJN4QPGJ01CMSZKKV','01H1BAVW1T693NNA52RCR38VA6','now()','now()','-2147483622'),
	 ('01H1BAR7NHJN4QPGJ01CMSZKKV','01H1BAVW1T693NNA52RCR38VA5','now()','now()','-2147483622'),
	 ('01H1BAR7NHJN4QPGJ01CMSZKKV','01H1BAVW1T693NNA52RCR38VA2','now()','now()','-2147483622'),
	 ('01H1BARJ3D1Z6MA9T4XBWSVJQ2','01H1BAVW1T693NNA52RCR38VA9','now()','now()','-2147483622'),
	 ('01H1BARJ3D1Z6MA9T4XBWSVJQ2','01H1BAVW1T693NNA52RCR38VA5','now()','now()','-2147483622'),
	 ('01H1BARJ3D1Z6MA9T4XBWSVJQ2','01H1BAVW1T693NNA52RCR38VA8','now()','now()','-2147483622'),
	 ('01H1BARJ3D1Z6MA9T4XBWSVJQ2','01H1BAWQW54NPNYM01KX8YK1CF','now()','now()','-2147483622') ON CONFLICT DO NOTHING;
INSERT INTO permission_role (permission_id,role_id,created_at,updated_at,resource_path) VALUES
	 ('01H1BARJ3D1Z6MA9T4XBWSVJQ2','01H1BAVW1T693NNA52RCR38VA2','now()','now()','-2147483622'),
	 ('01H1BAPJHA5MZJYEAW21D0AB68','01H1BAVW1T693NNA52RCR38VA8','now()','now()','-2147483622'),
	 ('01H1BAPJHA5MZJYEAW21D0AB68','01H1BAVW1T693NNA52RCR38VA6','now()','now()','-2147483622'),
	 ('01H1BAPJHA5MZJYEAW21D0AB68','01H1BAVW1T693NNA52RCR38VA2','now()','now()','-2147483622'),
	 ('01H1BAPJHA5MZJYEAW21D0AB68','01H1BAVW1T693NNA52RCR38VA5','now()','now()','-2147483622'),
	 ('01H1BAPJHA5MZJYEAW21D0AB68','01H1BAVW1T693NNA52RCR38VA9','now()','now()','-2147483622'),
	 ('01H1BAPJHA5MZJYEAW21D0AB68','01H1BAWQW54NPNYM01KX8YK1CF','now()','now()','-2147483622'),
	 ('01H1BAPRQP7MJBRY7BZJKPJBCS','01H1BAVW1T693NNA52RCR38VA8','now()','now()','-2147483622'),
	 ('01H1BAPRQP7MJBRY7BZJKPJBCS','01H1BAVW1T693NNA52RCR38VA9','now()','now()','-2147483622'),
	 ('01H1BAPRQP7MJBRY7BZJKPJBCS','01H1BAVW1T693NNA52RCR38VA2','now()','now()','-2147483622') ON CONFLICT DO NOTHING;
INSERT INTO permission_role (permission_id,role_id,created_at,updated_at,resource_path) VALUES
	 ('01H1BAPRQP7MJBRY7BZJKPJBCS','01H1BAVW1T693NNA52RCR38VA5','now()','now()','-2147483622'),
	 ('01H1BAPRQP7MJBRY7BZJKPJBCS','01H1BAWQW54NPNYM01KX8YK1CF','now()','now()','-2147483622'),
	 ('01H1BANFKV3M77JKZZ5VGD2D5S','01H1BAVW1T693NNA52RCR38VA6','now()','now()','-2147483622'),
	 ('01H1BANFKV3M77JKZZ5VGD2D5S','01H1BAVW1T693NNA52RCR38VA1','now()','now()','-2147483622'),
	 ('01H1BANFKV3M77JKZZ5VGD2D5S','01H1BAVW1T693NNA52RCR38VA2','now()','now()','-2147483622'),
	 ('01H1BANFKV3M77JKZZ5VGD2D5S','01H1BAVW1T693NNA52RCR38VA3','now()','now()','-2147483622'),
	 ('01H1BANFKV3M77JKZZ5VGD2D5S','01H1BAVW1T693NNA52RCR38VA4','now()','now()','-2147483622'),
	 ('01H1BANFKV3M77JKZZ5VGD2D5S','01H1BAVW1T693NNA52RCR38VA5','now()','now()','-2147483622'),
	 ('01H1BANFKV3M77JKZZ5VGD2D5S','01H1BAVW1T693NNA52RCR38VA8','now()','now()','-2147483622'),
	 ('01H1BANFKV3M77JKZZ5VGD2D5S','01H1BAVW1T693NNA52RCR38VA9','now()','now()','-2147483622') ON CONFLICT DO NOTHING;
INSERT INTO permission_role (permission_id,role_id,created_at,updated_at,resource_path) VALUES
	 ('01H1BANFKV3M77JKZZ5VGD2D5S','01H1BAVW1T693NNA52RCR38VA0','now()','now()','-2147483622'),
	 ('01H1BANFKV3M77JKZZ5VGD2D5S','01H1BAWEDM09WC2KPQZDPSS7GB','now()','now()','-2147483622'),
	 ('01H1BAQ815B651XWGV2A6ZEE29','01H1BAVW1T693NNA52RCR38VA5','now()','now()','-2147483622'),
	 ('01H1BAQ815B651XWGV2A6ZEE29','01H1BAVW1T693NNA52RCR38VA2','now()','now()','-2147483622'),
	 ('01H1BAQ815B651XWGV2A6ZEE29','01H1BAWQW54NPNYM01KX8YK1CF','now()','now()','-2147483622'),
	 ('01H1BAQ815B651XWGV2A6ZEE29','01H1BAVW1T693NNA52RCR38VA9','now()','now()','-2147483622'),
	 ('01H1BAQ815B651XWGV2A6ZEE29','01H1BAVW1T693NNA52RCR38VA8','now()','now()','-2147483622'),
	 ('01H1BAQ815B651XWGV2A6ZEE29','01H1BAVW1T693NNA52RCR38VA6','now()','now()','-2147483622'),
	 ('01H1BAJKPFRMDXGY3PX71X24J0','01H1BAWA6VT0BE9J363M1DWXT5','now()','now()','-2147483622'),
	 ('01H1BAJKPFRMDXGY3PX71X24J0','01H1BAVW1T693NNA52RCR38VA4','now()','now()','-2147483622') ON CONFLICT DO NOTHING;
INSERT INTO permission_role (permission_id,role_id,created_at,updated_at,resource_path) VALUES
	 ('01H1BAJKPFRMDXGY3PX71X24J0','01H1BAVW1T693NNA52RCR38VA1','now()','now()','-2147483622'),
	 ('01H1BAJKPFRMDXGY3PX71X24J0','01H1BAVW1T693NNA52RCR38VA3','now()','now()','-2147483622'),
	 ('01H1BAJKPFRMDXGY3PX71X24J0','01H1BAVW1T693NNA52RCR38VA5','now()','now()','-2147483622'),
	 ('01H1BAJKPFRMDXGY3PX71X24J0','01H1BAVW1T693NNA52RCR38VA8','now()','now()','-2147483622'),
	 ('01H1BAJKPFRMDXGY3PX71X24J0','01H1BAVW1T693NNA52RCR38VA2','now()','now()','-2147483622'),
	 ('01H1BAJKPFRMDXGY3PX71X24J0','01H1BAVW1T693NNA52RCR38VA9','now()','now()','-2147483622'),
	 ('01H1BAK0F8V0JAJND3MTK69ETF','01H1BAWA6VT0BE9J363M1DWXT5','now()','now()','-2147483622'),
	 ('01H1BAK0F8V0JAJND3MTK69ETF','01H1BAVW1T693NNA52RCR38VA2','now()','now()','-2147483622'),
	 ('01H1BAK0F8V0JAJND3MTK69ETF','01H1BAVW1T693NNA52RCR38VA5','now()','now()','-2147483622'),
	 ('01H1BAJAHSHDFFDYQZRDZ9K66N','01H1BAVW1T693NNA52RCR38VA8','now()','now()','-2147483622') ON CONFLICT DO NOTHING;
INSERT INTO permission_role (permission_id,role_id,created_at,updated_at,resource_path) VALUES
	 ('01H1BAJAHSHDFFDYQZRDZ9K66N','01H1BAVW1T693NNA52RCR38VA9','now()','now()','-2147483622'),
	 ('01H1BAJAHSHDFFDYQZRDZ9K66N','01H1BAVW1T693NNA52RCR38VA1','now()','now()','-2147483622'),
	 ('01H1BAHW9TJBTH2M1QYY0HMSCK','01H1BAVW1T693NNA52RCR38VA3','now()','now()','-2147483622'),
	 ('01H1BAHW9TJBTH2M1QYY0HMSCK','01H1BAVW1T693NNA52RCR38VA1','now()','now()','-2147483622'),
	 ('01H1BAHW9TJBTH2M1QYY0HMSCK','01H1BAVW1T693NNA52RCR38VA4','now()','now()','-2147483622'),
	 ('01H1BAJ3T993PB3JNVMT33G040','01H1BAVW1T693NNA52RCR38VA3','now()','now()','-2147483622'),
	 ('01H1BAJ3T993PB3JNVMT33G040','01H1BAVW1T693NNA52RCR38VA4','now()','now()','-2147483622'),
	 ('01H1BAJ3T993PB3JNVMT33G040','01H1BAVW1T693NNA52RCR38VA1','now()','now()','-2147483622'),
	 ('01H1BAMBCTR792C7XZ029HCXG4','01H1BAVW1T693NNA52RCR38VA5','now()','now()','-2147483622'),
	 ('01H1BAMBCTR792C7XZ029HCXG4','01H1BAVW1T693NNA52RCR38VA3','now()','now()','-2147483622') ON CONFLICT DO NOTHING;
INSERT INTO permission_role (permission_id,role_id,created_at,updated_at,resource_path) VALUES
	 ('01H1BAMBCTR792C7XZ029HCXG4','01H1BAVW1T693NNA52RCR38VA9','now()','now()','-2147483622'),
	 ('01H1BAMBCTR792C7XZ029HCXG4','01H1BAVW1T693NNA52RCR38VA1','now()','now()','-2147483622'),
	 ('01H1BAMBCTR792C7XZ029HCXG4','01H1BAVW1T693NNA52RCR38VA8','now()','now()','-2147483622'),
	 ('01H1BAMBCTR792C7XZ029HCXG4','01H1BAVW1T693NNA52RCR38VA2','now()','now()','-2147483622'),
	 ('01H1BAM6JQQ507ERH60MTBKYZ7','01H1BAVW1T693NNA52RCR38VA6','now()','now()','-2147483622'),
	 ('01H1BAM6JQQ507ERH60MTBKYZ7','01H1BAVW1T693NNA52RCR38VA1','now()','now()','-2147483622'),
	 ('01H1BAM6JQQ507ERH60MTBKYZ7','01H1BAVW1T693NNA52RCR38VA8','now()','now()','-2147483622'),
	 ('01H1BAM6JQQ507ERH60MTBKYZ7','01H1BAVW1T693NNA52RCR38VA2','now()','now()','-2147483622'),
	 ('01H1BAM6JQQ507ERH60MTBKYZ7','01H1BAVW1T693NNA52RCR38VA5','now()','now()','-2147483622'),
	 ('01H1BAM6JQQ507ERH60MTBKYZ7','01H1BAWKDMKRNNMQREVQY5ZHES','now()','now()','-2147483622') ON CONFLICT DO NOTHING;
INSERT INTO permission_role (permission_id,role_id,created_at,updated_at,resource_path) VALUES
	 ('01H1BAM6JQQ507ERH60MTBKYZ7','01H1BAVW1T693NNA52RCR38VA4','now()','now()','-2147483622'),
	 ('01H1BAM6JQQ507ERH60MTBKYZ7','01H1BAVW1T693NNA52RCR38VA7','now()','now()','-2147483622'),
	 ('01H1BAM6JQQ507ERH60MTBKYZ7','01H1BAVW1T693NNA52RCR38VA3','now()','now()','-2147483622'),
	 ('01H1BAM6JQQ507ERH60MTBKYZ7','01H1BAVW1T693NNA52RCR38VA9','now()','now()','-2147483622'),
	 ('01H1BAKTZ65HWR0Q1GHG14EHZE','01H1BAVW1T693NNA52RCR38VA8','now()','now()','-2147483622'),
	 ('01H1BAKTZ65HWR0Q1GHG14EHZE','01H1BAVW1T693NNA52RCR38VA3','now()','now()','-2147483622'),
	 ('01H1BAKTZ65HWR0Q1GHG14EHZE','01H1BAVW1T693NNA52RCR38VA5','now()','now()','-2147483622'),
	 ('01H1BAKTZ65HWR0Q1GHG14EHZE','01H1BAVW1T693NNA52RCR38VA1','now()','now()','-2147483622'),
	 ('01H1BAKTZ65HWR0Q1GHG14EHZE','01H1BAVW1T693NNA52RCR38VA2','now()','now()','-2147483622'),
	 ('01H1BAKTZ65HWR0Q1GHG14EHZE','01H1BAVW1T693NNA52RCR38VA6','now()','now()','-2147483622') ON CONFLICT DO NOTHING;
INSERT INTO permission_role (permission_id,role_id,created_at,updated_at,resource_path) VALUES
	 ('01H1BAKTZ65HWR0Q1GHG14EHZE','01H1BAVW1T693NNA52RCR38VA9','now()','now()','-2147483622'),
	 ('01H1BAKTZ65HWR0Q1GHG14EHZE','01H1BAVW1T693NNA52RCR38VA4','now()','now()','-2147483622'),
	 ('01H1BAM1AARPJ8MK6RQQZM2QJT','01H1BAVW1T693NNA52RCR38VA7','now()','now()','-2147483622'),
	 ('01H1BAM1AARPJ8MK6RQQZM2QJT','01H1BAVW1T693NNA52RCR38VA1','now()','now()','-2147483622'),
	 ('01H1BAM1AARPJ8MK6RQQZM2QJT','01H1BAVW1T693NNA52RCR38VA2','now()','now()','-2147483622'),
	 ('01H1BAM1AARPJ8MK6RQQZM2QJT','01H1BAVW1T693NNA52RCR38VA5','now()','now()','-2147483622'),
	 ('01H1BAM1AARPJ8MK6RQQZM2QJT','01H1BAVW1T693NNA52RCR38VA6','now()','now()','-2147483622'),
	 ('01H1BAM1AARPJ8MK6RQQZM2QJT','01H1BAVW1T693NNA52RCR38VA8','now()','now()','-2147483622'),
	 ('01H1BAM1AARPJ8MK6RQQZM2QJT','01H1BAVW1T693NNA52RCR38VA9','now()','now()','-2147483622'),
	 ('01H1BAMGXGMCCWKT4TVJZ7XCN5','01H1BAVW1T693NNA52RCR38VA3','now()','now()','-2147483622') ON CONFLICT DO NOTHING;
INSERT INTO permission_role (permission_id,role_id,created_at,updated_at,resource_path) VALUES
	 ('01H1BAMGXGMCCWKT4TVJZ7XCN5','01H1BAVW1T693NNA52RCR38VA2','now()','now()','-2147483622'),
	 ('01H1BAMGXGMCCWKT4TVJZ7XCN5','01H1BAVW1T693NNA52RCR38VA8','now()','now()','-2147483622'),
	 ('01H1BAMGXGMCCWKT4TVJZ7XCN5','01H1BAVW1T693NNA52RCR38VA5','now()','now()','-2147483622'),
	 ('01H1BAMGXGMCCWKT4TVJZ7XCN5','01H1BAVW1T693NNA52RCR38VA1','now()','now()','-2147483622'),
	 ('01H1BAMGXGMCCWKT4TVJZ7XCN5','01H1BAVW1T693NNA52RCR38VA4','now()','now()','-2147483622'),
	 ('01H1BAMGXGMCCWKT4TVJZ7XCN5','01H1BAVW1T693NNA52RCR38VA9','now()','now()','-2147483622'),
	 ('01H1BAMGXGMCCWKT4TVJZ7XCN5','01H1BAVW1T693NNA52RCR38VA6','now()','now()','-2147483622'),
	 ('01H1BAMR8MF341W98YCGCZSF2F','01H1BAVW1T693NNA52RCR38VA1','now()','now()','-2147483622'),
	 ('01H1BAMR8MF341W98YCGCZSF2F','01H1BAVW1T693NNA52RCR38VA9','now()','now()','-2147483622'),
	 ('01H1BAMR8MF341W98YCGCZSF2F','01H1BAVW1T693NNA52RCR38VA2','now()','now()','-2147483622') ON CONFLICT DO NOTHING;
INSERT INTO permission_role (permission_id,role_id,created_at,updated_at,resource_path) VALUES
	 ('01H1BAMR8MF341W98YCGCZSF2F','01H1BAVW1T693NNA52RCR38VA5','now()','now()','-2147483622'),
	 ('01H1BAMR8MF341W98YCGCZSF2F','01H1BAVW1T693NNA52RCR38VA8','now()','now()','-2147483622'),
	 ('01H1BARXTGRHBQPM0N69D6FMDX','01H1BAVW1T693NNA52RCR38VA6','now()','now()','-2147483622'),
	 ('01H1BARXTGRHBQPM0N69D6FMDX','01H1BAVW1T693NNA52RCR38VA7','now()','now()','-2147483622'),
	 ('01H1BARXTGRHBQPM0N69D6FMDX','01H1BAVW1T693NNA52RCR38VA9','now()','now()','-2147483622'),
	 ('01H1BARXTGRHBQPM0N69D6FMDX','01H1BAVW1T693NNA52RCR38VA8','now()','now()','-2147483622'),
	 ('01H1BARXTGRHBQPM0N69D6FMDX','01H1BAVW1T693NNA52RCR38VA5','now()','now()','-2147483622'),
	 ('01H1BARXTGRHBQPM0N69D6FMDX','01H1BAVW1T693NNA52RCR38VA2','now()','now()','-2147483622'),
	 ('01H1BARXTGRHBQPM0N69D6FMDX','01H1BAVW1T693NNA52RCR38VA1','now()','now()','-2147483622'),
	 ('01H1BAS22XBQNWTS4BCHQ8YJ3K','01H1BAVW1T693NNA52RCR38VA6','now()','now()','-2147483622') ON CONFLICT DO NOTHING;
INSERT INTO permission_role (permission_id,role_id,created_at,updated_at,resource_path) VALUES
	 ('01H1BAS22XBQNWTS4BCHQ8YJ3K','01H1BAVW1T693NNA52RCR38VA1','now()','now()','-2147483622'),
	 ('01H1BAS22XBQNWTS4BCHQ8YJ3K','01H1BAVW1T693NNA52RCR38VA8','now()','now()','-2147483622'),
	 ('01H1BAS22XBQNWTS4BCHQ8YJ3K','01H1BAVW1T693NNA52RCR38VA7','now()','now()','-2147483622'),
	 ('01H1BAS22XBQNWTS4BCHQ8YJ3K','01H1BAVW1T693NNA52RCR38VA2','now()','now()','-2147483622'),
	 ('01H1BAS22XBQNWTS4BCHQ8YJ3K','01H1BAVW1T693NNA52RCR38VA9','now()','now()','-2147483622'),
	 ('01H1BAS22XBQNWTS4BCHQ8YJ3K','01H1BAVW1T693NNA52RCR38VA5','now()','now()','-2147483622'),
	 ('01H1BAV178JCEH8KJB07NTB5PF','01H1BAVW1T693NNA52RCR38VA7','now()','now()','-2147483622'),
	 ('01H1BAV178JCEH8KJB07NTB5PF','01H1BAVW1T693NNA52RCR38VA2','now()','now()','-2147483622'),
	 ('01H1BAV178JCEH8KJB07NTB5PF','01H1BAVW1T693NNA52RCR38VA5','now()','now()','-2147483622'),
	 ('01H1BAV178JCEH8KJB07NTB5PF','01H1BAWEDM09WC2KPQZDPSS7GB','now()','now()','-2147483622') ON CONFLICT DO NOTHING;
INSERT INTO permission_role (permission_id,role_id,created_at,updated_at,resource_path) VALUES
	 ('01H1BAV178JCEH8KJB07NTB5PF','01H1BAWA6VT0BE9J363M1DWXT5','now()','now()','-2147483622'),
	 ('01H1BAV178JCEH8KJB07NTB5PF','01H1BAWKDMKRNNMQREVQY5ZHES','now()','now()','-2147483622'),
	 ('01H1BAV178JCEH8KJB07NTB5PF','01H1BAVW1T693NNA52RCR38VA4','now()','now()','-2147483622'),
	 ('01H1BAV178JCEH8KJB07NTB5PF','01H1BAVW1T693NNA52RCR38VA6','now()','now()','-2147483622'),
	 ('01H1BAV178JCEH8KJB07NTB5PF','01H1BAVW1T693NNA52RCR38VA0','now()','now()','-2147483622'),
	 ('01H1BAV178JCEH8KJB07NTB5PF','01H1BAVW1T693NNA52RCR38VA9','now()','now()','-2147483622'),
	 ('01H1BAV178JCEH8KJB07NTB5PF','01H1BAVW1T693NNA52RCR38VA8','now()','now()','-2147483622'),
	 ('01H1BAV178JCEH8KJB07NTB5PF','01H1BAVW1T693NNA52RCR38VA1','now()','now()','-2147483622'),
	 ('01H1BAV178JCEH8KJB07NTB5PF','01H1BAVW1T693NNA52RCR38VA3','now()','now()','-2147483622'),
	 ('01H1BAV5TBBSN2D40PS0JH36R4','01H1BAVW1T693NNA52RCR38VA2','now()','now()','-2147483622') ON CONFLICT DO NOTHING;
INSERT INTO permission_role (permission_id,role_id,created_at,updated_at,resource_path) VALUES
	 ('01H1BAV5TBBSN2D40PS0JH36R4','01H1BAVW1T693NNA52RCR38VA6','now()','now()','-2147483622'),
	 ('01H1BAV5TBBSN2D40PS0JH36R4','01H1BAVW1T693NNA52RCR38VA5','now()','now()','-2147483622'),
	 ('01H1BAV5TBBSN2D40PS0JH36R4','01H1BAVW1T693NNA52RCR38VA8','now()','now()','-2147483622'),
	 ('01H1BAV5TBBSN2D40PS0JH36R4','01H1BAWEDM09WC2KPQZDPSS7GB','now()','now()','-2147483622'),
	 ('01H1BAV5TBBSN2D40PS0JH36R4','01H1BAVW1T693NNA52RCR38VA9','now()','now()','-2147483622'),
	 ('01H1BAV5TBBSN2D40PS0JH36R4','01H1BAVW1T693NNA52RCR38VA0','now()','now()','-2147483622'),
	 ('01H1BAT4V1WGCBVFC8AQZSADPB','01H1BAVW1T693NNA52RCR38VA1','now()','now()','-2147483622'),
	 ('01H1BAT4V1WGCBVFC8AQZSADPB','01H1BAVW1T693NNA52RCR38VA8','now()','now()','-2147483622'),
	 ('01H1BAT4V1WGCBVFC8AQZSADPB','01H1BAWA6VT0BE9J363M1DWXT5','now()','now()','-2147483622'),
	 ('01H1BAT4V1WGCBVFC8AQZSADPB','01H1BAVW1T693NNA52RCR38VA9','now()','now()','-2147483622') ON CONFLICT DO NOTHING;
INSERT INTO permission_role (permission_id,role_id,created_at,updated_at,resource_path) VALUES
	 ('01H1BAT4V1WGCBVFC8AQZSADPB','01H1BAVW1T693NNA52RCR38VA3','now()','now()','-2147483622'),
	 ('01H1BAT4V1WGCBVFC8AQZSADPB','01H1BAVW1T693NNA52RCR38VA5','now()','now()','-2147483622'),
	 ('01H1BAT4V1WGCBVFC8AQZSADPB','01H1BAVW1T693NNA52RCR38VA6','now()','now()','-2147483622'),
	 ('01H1BAT4V1WGCBVFC8AQZSADPB','01H1BAWEDM09WC2KPQZDPSS7GB','now()','now()','-2147483622'),
	 ('01H1BAT4V1WGCBVFC8AQZSADPB','01H1BAVW1T693NNA52RCR38VA4','now()','now()','-2147483622'),
	 ('01H1BAT4V1WGCBVFC8AQZSADPB','01H1BAVW1T693NNA52RCR38VA2','now()','now()','-2147483622'),
	 ('01H1BAT4V1WGCBVFC8AQZSADPB','01H1BAVW1T693NNA52RCR38VA0','now()','now()','-2147483622'),
	 ('01H1BAT4V1WGCBVFC8AQZSADPB','01H1BAVW1T693NNA52RCR38VA7','now()','now()','-2147483622'),
	 ('01H1BAT9B6F5BEZD4PPE69YJSD','01H1BAVW1T693NNA52RCR38VA2','now()','now()','-2147483622'),
	 ('01H1BAT9B6F5BEZD4PPE69YJSD','01H1BAVW1T693NNA52RCR38VA5','now()','now()','-2147483622') ON CONFLICT DO NOTHING;
INSERT INTO permission_role (permission_id,role_id,created_at,updated_at,resource_path) VALUES
	 ('01H1BAT9B6F5BEZD4PPE69YJSD','01H1BAVW1T693NNA52RCR38VA6','now()','now()','-2147483622'),
	 ('01H1BAT9B6F5BEZD4PPE69YJSD','01H1BAVW1T693NNA52RCR38VA8','now()','now()','-2147483622'),
	 ('01H1BAT9B6F5BEZD4PPE69YJSD','01H1BAWEDM09WC2KPQZDPSS7GB','now()','now()','-2147483622'),
	 ('01H1BAT9B6F5BEZD4PPE69YJSD','01H1BAVW1T693NNA52RCR38VA3','now()','now()','-2147483622'),
	 ('01H1BAT9B6F5BEZD4PPE69YJSD','01H1BAVW1T693NNA52RCR38VA9','now()','now()','-2147483622'),
	 ('01H1BAT9B6F5BEZD4PPE69YJSD','01H1BAVW1T693NNA52RCR38VA0','now()','now()','-2147483622'),
	 ('01H1BAS6CDMZ2TYJZZWX5X1JG2','01H1BAVW1T693NNA52RCR38VA3','now()','now()','-2147483622'),
	 ('01H1BAS6CDMZ2TYJZZWX5X1JG2','01H1BAVW1T693NNA52RCR38VA4','now()','now()','-2147483622'),
	 ('01H1BAS6CDMZ2TYJZZWX5X1JG2','01H1BAVW1T693NNA52RCR38VA2','now()','now()','-2147483622'),
	 ('01H1BAS6CDMZ2TYJZZWX5X1JG2','01H1BAWEDM09WC2KPQZDPSS7GB','now()','now()','-2147483622') ON CONFLICT DO NOTHING;
INSERT INTO permission_role (permission_id,role_id,created_at,updated_at,resource_path) VALUES
	 ('01H1BAS6CDMZ2TYJZZWX5X1JG2','01H1BAVW1T693NNA52RCR38VA7','now()','now()','-2147483622'),
	 ('01H1BAS6CDMZ2TYJZZWX5X1JG2','01H1BAVW1T693NNA52RCR38VA6','now()','now()','-2147483622'),
	 ('01H1BAS6CDMZ2TYJZZWX5X1JG2','01H1BAVW1T693NNA52RCR38VA1','now()','now()','-2147483622'),
	 ('01H1BAS6CDMZ2TYJZZWX5X1JG2','01H1BAVW1T693NNA52RCR38VA9','now()','now()','-2147483622'),
	 ('01H1BAS6CDMZ2TYJZZWX5X1JG2','01H1BAVW1T693NNA52RCR38VA5','now()','now()','-2147483622'),
	 ('01H1BAS6CDMZ2TYJZZWX5X1JG2','01H1BAVW1T693NNA52RCR38VA8','now()','now()','-2147483622'),
	 ('01H1BASB9HA172QWC0ES0MT3YR','01H1BAVW1T693NNA52RCR38VA4','now()','now()','-2147483622'),
	 ('01H1BASB9HA172QWC0ES0MT3YR','01H1BAVW1T693NNA52RCR38VA8','now()','now()','-2147483622'),
	 ('01H1BASB9HA172QWC0ES0MT3YR','01H1BAVW1T693NNA52RCR38VA5','now()','now()','-2147483622'),
	 ('01H1BASB9HA172QWC0ES0MT3YR','01H1BAVW1T693NNA52RCR38VA2','now()','now()','-2147483622') ON CONFLICT DO NOTHING;
INSERT INTO permission_role (permission_id,role_id,created_at,updated_at,resource_path) VALUES
	 ('01H1BASB9HA172QWC0ES0MT3YR','01H1BAVW1T693NNA52RCR38VA9','now()','now()','-2147483622'),
	 ('01H1BASB9HA172QWC0ES0MT3YR','01H1BAWEDM09WC2KPQZDPSS7GB','now()','now()','-2147483622'),
	 ('01H1BASB9HA172QWC0ES0MT3YR','01H1BAVW1T693NNA52RCR38VA6','now()','now()','-2147483622'),
	 ('01H1BASGQ08NG13527Z33DZVR3','01H1BAVW1T693NNA52RCR38VA5','now()','now()','-2147483622'),
	 ('01H1BASGQ08NG13527Z33DZVR3','01H1BAVW1T693NNA52RCR38VA8','now()','now()','-2147483622'),
	 ('01H1BASGQ08NG13527Z33DZVR3','01H1BAVW1T693NNA52RCR38VA3','now()','now()','-2147483622'),
	 ('01H1BASGQ08NG13527Z33DZVR3','01H1BAVW1T693NNA52RCR38VA2','now()','now()','-2147483622'),
	 ('01H1BASGQ08NG13527Z33DZVR3','01H1BAVW1T693NNA52RCR38VA9','now()','now()','-2147483622'),
	 ('01H1BASGQ08NG13527Z33DZVR3','01H1BAVW1T693NNA52RCR38VA4','now()','now()','-2147483622'),
	 ('01H1BASGQ08NG13527Z33DZVR3','01H1BAVW1T693NNA52RCR38VA6','now()','now()','-2147483622') ON CONFLICT DO NOTHING;
INSERT INTO permission_role (permission_id,role_id,created_at,updated_at,resource_path) VALUES
	 ('01H1BASGQ08NG13527Z33DZVR3','01H1BAVW1T693NNA52RCR38VA1','now()','now()','-2147483622'),
	 ('01H1BASGQ08NG13527Z33DZVR3','01H1BAWEDM09WC2KPQZDPSS7GB','now()','now()','-2147483622'),
	 ('01H1BASNHJ66Z68DPHT5XSDNNC','01H1BAWEDM09WC2KPQZDPSS7GB','now()','now()','-2147483622'),
	 ('01H1BASNHJ66Z68DPHT5XSDNNC','01H1BAVW1T693NNA52RCR38VA2','now()','now()','-2147483622'),
	 ('01H1BASNHJ66Z68DPHT5XSDNNC','01H1BAVW1T693NNA52RCR38VA5','now()','now()','-2147483622'),
	 ('01H1BATRBB5C05MNC3PCBEP6T7','01H1BAVW1T693NNA52RCR38VA8','now()','now()','-2147483622'),
	 ('01H1BATRBB5C05MNC3PCBEP6T7','01H1BAVW1T693NNA52RCR38VA3','now()','now()','-2147483622'),
	 ('01H1BATRBB5C05MNC3PCBEP6T7','01H1BAVW1T693NNA52RCR38VA4','now()','now()','-2147483622'),
	 ('01H1BATRBB5C05MNC3PCBEP6T7','01H1BAVW1T693NNA52RCR38VA7','now()','now()','-2147483622'),
	 ('01H1BATRBB5C05MNC3PCBEP6T7','01H1BAWEDM09WC2KPQZDPSS7GB','now()','now()','-2147483622') ON CONFLICT DO NOTHING;
INSERT INTO permission_role (permission_id,role_id,created_at,updated_at,resource_path) VALUES
	 ('01H1BATRBB5C05MNC3PCBEP6T7','01H1BAVW1T693NNA52RCR38VA6','now()','now()','-2147483622'),
	 ('01H1BATRBB5C05MNC3PCBEP6T7','01H1BAVW1T693NNA52RCR38VA9','now()','now()','-2147483622'),
	 ('01H1BATRBB5C05MNC3PCBEP6T7','01H1BAVW1T693NNA52RCR38VA1','now()','now()','-2147483622'),
	 ('01H1BATRBB5C05MNC3PCBEP6T7','01H1BAVW1T693NNA52RCR38VA5','now()','now()','-2147483622'),
	 ('01H1BATRBB5C05MNC3PCBEP6T7','01H1BAVW1T693NNA52RCR38VA0','now()','now()','-2147483622'),
	 ('01H1BATRBB5C05MNC3PCBEP6T7','01H1BAVW1T693NNA52RCR38VA2','now()','now()','-2147483622'),
	 ('01H1BATWMFXHKTMDJFV12A3JK3','01H1BAVW1T693NNA52RCR38VA5','now()','now()','-2147483622'),
	 ('01H1BATWMFXHKTMDJFV12A3JK3','01H1BAWEDM09WC2KPQZDPSS7GB','now()','now()','-2147483622'),
	 ('01H1BATWMFXHKTMDJFV12A3JK3','01H1BAVW1T693NNA52RCR38VA2','now()','now()','-2147483622'),
	 ('01H1BATKD85WQM2TY3KHDTGVSQ','01H1BAWEDM09WC2KPQZDPSS7GB','now()','now()','-2147483622') ON CONFLICT DO NOTHING;
INSERT INTO permission_role (permission_id,role_id,created_at,updated_at,resource_path) VALUES
	 ('01H1BATKD85WQM2TY3KHDTGVSQ','01H1BAVW1T693NNA52RCR38VA5','now()','now()','-2147483622'),
	 ('01H1BATKD85WQM2TY3KHDTGVSQ','01H1BAVW1T693NNA52RCR38VA2','now()','now()','-2147483622'),
	 ('01H1BATKD85WQM2TY3KHDTGVSQ','01H1BAVW1T693NNA52RCR38VA0','now()','now()','-2147483622'),
	 ('01H1BATENKPXSJJS81E8RXY4Z0','01H1BAVW1T693NNA52RCR38VA3','now()','now()','-2147483622'),
	 ('01H1BATENKPXSJJS81E8RXY4Z0','01H1BAVW1T693NNA52RCR38VA5','now()','now()','-2147483622'),
	 ('01H1BATENKPXSJJS81E8RXY4Z0','01H1BAVW1T693NNA52RCR38VA6','now()','now()','-2147483622'),
	 ('01H1BATENKPXSJJS81E8RXY4Z0','01H1BAVW1T693NNA52RCR38VA7','now()','now()','-2147483622'),
	 ('01H1BATENKPXSJJS81E8RXY4Z0','01H1BAVW1T693NNA52RCR38VA8','now()','now()','-2147483622'),
	 ('01H1BATENKPXSJJS81E8RXY4Z0','01H1BAVW1T693NNA52RCR38VA9','now()','now()','-2147483622'),
	 ('01H1BATENKPXSJJS81E8RXY4Z0','01H1BAVW1T693NNA52RCR38VA0','now()','now()','-2147483622') ON CONFLICT DO NOTHING;
INSERT INTO permission_role (permission_id,role_id,created_at,updated_at,resource_path) VALUES
	 ('01H1BATENKPXSJJS81E8RXY4Z0','01H1BAVW1T693NNA52RCR38VA2','now()','now()','-2147483622'),
	 ('01H1BATENKPXSJJS81E8RXY4Z0','01H1BAWEDM09WC2KPQZDPSS7GB','now()','now()','-2147483622'),
	 ('01H1BATENKPXSJJS81E8RXY4Z0','01H1BAVW1T693NNA52RCR38VA4','now()','now()','-2147483622'),
	 ('01H1BAST61F92JG308ECRXZWGH','01H1BAVW1T693NNA52RCR38VA5','now()','now()','-2147483622'),
	 ('01H1BAST61F92JG308ECRXZWGH','01H1BAVW1T693NNA52RCR38VA9','now()','now()','-2147483622'),
	 ('01H1BAST61F92JG308ECRXZWGH','01H1BAVW1T693NNA52RCR38VA8','now()','now()','-2147483622'),
	 ('01H1BAST61F92JG308ECRXZWGH','01H1BAVW1T693NNA52RCR38VA2','now()','now()','-2147483622'),
	 ('01H1BAVBW5Y0SGH3DHYD60G7NW','01H1BAVW1T693NNA52RCR38VA6','now()','now()','-2147483622'),
	 ('01H1BAVBW5Y0SGH3DHYD60G7NW','01H1BAVW1T693NNA52RCR38VA7','now()','now()','-2147483622'),
	 ('01H1BAVBW5Y0SGH3DHYD60G7NW','01H1BAVW1T693NNA52RCR38VA3','now()','now()','-2147483622') ON CONFLICT DO NOTHING;
INSERT INTO permission_role (permission_id,role_id,created_at,updated_at,resource_path) VALUES
	 ('01H1BAVBW5Y0SGH3DHYD60G7NW','01H1BAVW1T693NNA52RCR38VA8','now()','now()','-2147483622'),
	 ('01H1BAVBW5Y0SGH3DHYD60G7NW','01H1BAVW1T693NNA52RCR38VA9','now()','now()','-2147483622'),
	 ('01H1BAVBW5Y0SGH3DHYD60G7NW','01H1BAVW1T693NNA52RCR38VA2','now()','now()','-2147483622'),
	 ('01H1BAVBW5Y0SGH3DHYD60G7NW','01H1BAVW1T693NNA52RCR38VA1','now()','now()','-2147483622'),
	 ('01H1BAVBW5Y0SGH3DHYD60G7NW','01H1BAVW1T693NNA52RCR38VA4','now()','now()','-2147483622'),
	 ('01H1BAVBW5Y0SGH3DHYD60G7NW','01H1BAVW1T693NNA52RCR38VA5','now()','now()','-2147483622'),
	 ('01H1BAVNMSS1PBCCVKPWMWBP8E','01H1BAVW1T693NNA52RCR38VA7','now()','now()','-2147483622'),
	 ('01H1BAVNMSS1PBCCVKPWMWBP8E','01H1BAVW1T693NNA52RCR38VA9','now()','now()','-2147483622'),
	 ('01H1BAVNMSS1PBCCVKPWMWBP8E','01H1BAVW1T693NNA52RCR38VA2','now()','now()','-2147483622'),
	 ('01H1BAVNMSS1PBCCVKPWMWBP8E','01H1BAVW1T693NNA52RCR38VA8','now()','now()','-2147483622') ON CONFLICT DO NOTHING;
INSERT INTO permission_role (permission_id,role_id,created_at,updated_at,resource_path) VALUES
	 ('01H1BAVNMSS1PBCCVKPWMWBP8E','01H1BAVW1T693NNA52RCR38VA3','now()','now()','-2147483622'),
	 ('01H1BAVNMSS1PBCCVKPWMWBP8E','01H1BAVW1T693NNA52RCR38VA6','now()','now()','-2147483622'),
	 ('01H1BAVNMSS1PBCCVKPWMWBP8E','01H1BAVW1T693NNA52RCR38VA5','now()','now()','-2147483622'),
	 ('01H1BAVNMSS1PBCCVKPWMWBP8E','01H1BAVW1T693NNA52RCR38VA4','now()','now()','-2147483622'),
	 ('01H1BAVNMSS1PBCCVKPWMWBP8E','01H1BAVW1T693NNA52RCR38VA1','now()','now()','-2147483622'),
	 ('01H1BAQDEGEVA797F1CFEGRSGH','01H1BAWQW54NPNYM01KX8YK1CF','now()','now()','-2147483622'),
	 ('01H1BAQDEGEVA797F1CFEGRSGH','01H1BAVW1T693NNA52RCR38VA5','now()','now()','-2147483622'),
	 ('01H1BAQDEGEVA797F1CFEGRSGH','01H1BAVW1T693NNA52RCR38VA9','now()','now()','-2147483622'),
	 ('01H1BAQDEGEVA797F1CFEGRSGH','01H1BAVW1T693NNA52RCR38VA8','now()','now()','-2147483622'),
	 ('01H1BAQDEGEVA797F1CFEGRSGH','01H1BAVW1T693NNA52RCR38VA2','now()','now()','-2147483622') ON CONFLICT DO NOTHING;
INSERT INTO permission_role (permission_id,role_id,created_at,updated_at,resource_path) VALUES
	 ('01H1BAQY9ENQ7W1SJVRE3NJYMK','01H1BAVW1T693NNA52RCR38VA8','now()','now()','-2147483622'),
	 ('01H1BAQY9ENQ7W1SJVRE3NJYMK','01H1BAVW1T693NNA52RCR38VA5','now()','now()','-2147483622'),
	 ('01H1BAQY9ENQ7W1SJVRE3NJYMK','01H1BAVW1T693NNA52RCR38VA2','now()','now()','-2147483622'),
	 ('01H1BAQY9ENQ7W1SJVRE3NJYMK','01H1BAVW1T693NNA52RCR38VA9','now()','now()','-2147483622'),
	 ('01H1BAQY9ENQ7W1SJVRE3NJYMK','01H1BAVW1T693NNA52RCR38VA6','now()','now()','-2147483622'),
	 ('01H1BAR395E9DZ7SZHNC41KK3T','01H1BAVW1T693NNA52RCR38VA9','now()','now()','-2147483622'),
	 ('01H1BAR395E9DZ7SZHNC41KK3T','01H1BAVW1T693NNA52RCR38VA2','now()','now()','-2147483622'),
	 ('01H1BAR395E9DZ7SZHNC41KK3T','01H1BAVW1T693NNA52RCR38VA5','now()','now()','-2147483622'),
	 ('01H1BAR395E9DZ7SZHNC41KK3T','01H1BAVW1T693NNA52RCR38VA8','now()','now()','-2147483622'),
	 ('01H1BAP6JBRVX5TK2J04AX1SFD','01H1BAVW1T693NNA52RCR38VA9','now()','now()','-2147483622') ON CONFLICT DO NOTHING;
INSERT INTO permission_role (permission_id,role_id,created_at,updated_at,resource_path) VALUES
	 ('01H1BAP6JBRVX5TK2J04AX1SFD','01H1BAVW1T693NNA52RCR38VA2','now()','now()','-2147483622'),
	 ('01H1BAP6JBRVX5TK2J04AX1SFD','01H1BAVW1T693NNA52RCR38VA6','now()','now()','-2147483622'),
	 ('01H1BAP6JBRVX5TK2J04AX1SFD','01H1BAVW1T693NNA52RCR38VA8','now()','now()','-2147483622'),
	 ('01H1BAP6JBRVX5TK2J04AX1SFD','01H1BAVW1T693NNA52RCR38VA5','now()','now()','-2147483622'),
	 ('01H1BAPBZC1SWY6G4Q45P72CG8','01H1BAVW1T693NNA52RCR38VA5','now()','now()','-2147483622'),
	 ('01H1BAPBZC1SWY6G4Q45P72CG8','01H1BAVW1T693NNA52RCR38VA9','now()','now()','-2147483622'),
	 ('01H1BAPBZC1SWY6G4Q45P72CG8','01H1BAVW1T693NNA52RCR38VA8','now()','now()','-2147483622'),
	 ('01H1BAPBZC1SWY6G4Q45P72CG8','01H1BAVW1T693NNA52RCR38VA2','now()','now()','-2147483622'),
	 ('01H1BANX3PT9FKARKDJXF56PHB','01H1BAVW1T693NNA52RCR38VA2','now()','now()','-2147483622'),
	 ('01H1BANX3PT9FKARKDJXF56PHB','01H1BAVW1T693NNA52RCR38VA5','now()','now()','-2147483622') ON CONFLICT DO NOTHING;
INSERT INTO permission_role (permission_id,role_id,created_at,updated_at,resource_path) VALUES
	 ('01H1BANX3PT9FKARKDJXF56PHB','01H1BAVW1T693NNA52RCR38VA6','now()','now()','-2147483622'),
	 ('01H1BANX3PT9FKARKDJXF56PHB','01H1BAVW1T693NNA52RCR38VA9','now()','now()','-2147483622'),
	 ('01H1BANX3PT9FKARKDJXF56PHB','01H1BAVW1T693NNA52RCR38VA8','now()','now()','-2147483622'),
	 ('01H1BAP2CKE5DGGXH4VXKZ4P2C','01H1BAVW1T693NNA52RCR38VA5','now()','now()','-2147483622'),
	 ('01H1BAP2CKE5DGGXH4VXKZ4P2C','01H1BAVW1T693NNA52RCR38VA2','now()','now()','-2147483622'),
	 ('01H1BAP2CKE5DGGXH4VXKZ4P2C','01H1BAVW1T693NNA52RCR38VA8','now()','now()','-2147483622'),
	 ('01H1BAP2CKE5DGGXH4VXKZ4P2C','01H1BAVW1T693NNA52RCR38VA9','now()','now()','-2147483622'),
	 ('01H1BAPYDYQ51CJZAW2SRA97XQ','01H1BAVW1T693NNA52RCR38VA8','now()','now()','-2147483622'),
	 ('01H1BAPYDYQ51CJZAW2SRA97XQ','01H1BAVW1T693NNA52RCR38VA9','now()','now()','-2147483622'),
	 ('01H1BAPYDYQ51CJZAW2SRA97XQ','01H1BAVW1T693NNA52RCR38VA5','now()','now()','-2147483622') ON CONFLICT DO NOTHING;
INSERT INTO permission_role (permission_id,role_id,created_at,updated_at,resource_path) VALUES
	 ('01H1BAPYDYQ51CJZAW2SRA97XQ','01H1BAVW1T693NNA52RCR38VA2','now()','now()','-2147483622'),
	 ('01H1BAQ37P4ZHWW43V01WGZVZE','01H1BAVW1T693NNA52RCR38VA5','now()','now()','-2147483622'),
	 ('01H1BAQ37P4ZHWW43V01WGZVZE','01H1BAVW1T693NNA52RCR38VA2','now()','now()','-2147483622'),
	 ('01H1BAQSD3W7XM3YWJVQHCTNX1','01H1BAVW1T693NNA52RCR38VA5','now()','now()','-2147483622'),
	 ('01H1BAQSD3W7XM3YWJVQHCTNX1','01H1BAVW1T693NNA52RCR38VA2','now()','now()','-2147483622'),
	 ('01H1BASZED229ZG76516RS3NCZ','01H1BAWEDM09WC2KPQZDPSS7GB','now()','now()','-2147483622'),
	 ('01H1BAN4GQWSVG90T70F0JMYYW','01H1BAVW1T693NNA52RCR38VA6','now()','now()','-2147483622'),
	 ('01H1BAN4GQWSVG90T70F0JMYYW','01H1BAVW1T693NNA52RCR38VA5','now()','now()','-2147483622'),
	 ('01H1BAN4GQWSVG90T70F0JMYYW','01H1BAVW1T693NNA52RCR38VA1','now()','now()','-2147483622'),
	 ('01H1BAN4GQWSVG90T70F0JMYYW','01H1BAVW1T693NNA52RCR38VA0','now()','now()','-2147483622') ON CONFLICT DO NOTHING;
INSERT INTO permission_role (permission_id,role_id,created_at,updated_at,resource_path) VALUES
	 ('01H1BAN4GQWSVG90T70F0JMYYW','01H1BAVW1T693NNA52RCR38VA4','now()','now()','-2147483622'),
	 ('01H1BAN4GQWSVG90T70F0JMYYW','01H1BAVW1T693NNA52RCR38VA3','now()','now()','-2147483622'),
	 ('01H1BAN4GQWSVG90T70F0JMYYW','01H1BAWEDM09WC2KPQZDPSS7GB','now()','now()','-2147483622'),
	 ('01H1BAN4GQWSVG90T70F0JMYYW','01H1BAVW1T693NNA52RCR38VA2','now()','now()','-2147483622'),
	 ('01H1BAN4GQWSVG90T70F0JMYYW','01H1BAWA6VT0BE9J363M1DWXT5','now()','now()','-2147483622'),
	 ('01H1BAN4GQWSVG90T70F0JMYYW','01H1BAVW1T693NNA52RCR38VA9','now()','now()','-2147483622'),
	 ('01H1BAN4GQWSVG90T70F0JMYYW','01H1BAVW1T693NNA52RCR38VA8','now()','now()','-2147483622'),
	 ('01H1BAN4GQWSVG90T70F0JMYYW','01H1BAVW1T693NNA52RCR38VA7','now()','now()','-2147483622'),
	 ('01H1BAN9YZ9PHN9804E35SDGXY','01H1BAVW1T693NNA52RCR38VA2','now()','now()','-2147483622'),
	 ('01H1BAN9YZ9PHN9804E35SDGXY','01H1BAVW1T693NNA52RCR38VA5','now()','now()','-2147483622') ON CONFLICT DO NOTHING;
INSERT INTO permission_role (permission_id,role_id,created_at,updated_at,resource_path) VALUES
	 ('01H1BANMFS7YNV9SVS6PR645VF','01H1BAVW1T693NNA52RCR38VA2','now()','now()','-2147483622') ON CONFLICT DO NOTHING;

--- User Group ---
INSERT INTO user_group (user_group_id,user_group_name,is_system,created_at,updated_at,resource_path) VALUES
	 ('01H1BAX3GAHQ4D8Y3ZV1X3CST0','OpenAPI',true,'now()','now()','-2147483622'),
	 ('01H1BAX3GAHQ4D8Y3ZV1X3CST1','Teacher',true,'now()','now()','-2147483622'),
	 ('01H1BAX3GAHQ4D8Y3ZV1X3CST2','School Admin',true,'now()','now()','-2147483622'),
	 ('01H1BAX3GAHQ4D8Y3ZV1X3CST3','Student',true,'now()','now()','-2147483622'),
	 ('01H1BAX3GAHQ4D8Y3ZV1X3CST4','Parent',true,'now()','now()','-2147483622'),
	 ('01H1BAX3GAHQ4D8Y3ZV1X3CST5','HQ Staff',true,'now()','now()','-2147483622'),
	 ('01H1BAX3GAHQ4D8Y3ZV1X3CST6','Centre Lead',true,'now()','now()','-2147483622'),
	 ('01H1BAX3GAHQ4D8Y3ZV1X3CST7','Teacher Lead',true,'now()','now()','-2147483622'),
	 ('01H1BAX3GAHQ4D8Y3ZV1X3CST8','Centre Manager',true,'now()','now()','-2147483622'),
	 ('01H1BAX3GAHQ4D8Y3ZV1X3CST9','Centre Staff',true,'now()','now()','-2147483622') ON CONFLICT DO NOTHING;
INSERT INTO user_group (user_group_id,user_group_name,is_system,created_at,updated_at,resource_path) VALUES
	 ('01H1BAXNXV4KFKCC6KS8EQJ0EP','NotificationScheduleJob',true,'now()','now()','-2147483622'),
	 ('01H1BAXTMNXZWRM6F4Y60G4J8F','UserGroup UsermgmtScheduleJob',true,'now()','now()','-2147483622'),
	 ('01H1BAXZ67BZE7YQ32S1RCX4AX','VirtualClassroomScheduleJob',true,'now()','now()','-2147483622'),
	 ('01H1BAY49VVYCJT12ATNAHDM8M','PaymentScheduleJob',true,'now()','now()','-2147483622') ON CONFLICT DO NOTHING;

--- Granted Role ---
INSERT INTO granted_role (granted_role_id,user_group_id,role_id,created_at,updated_at,resource_path) VALUES
	 ('01H1BAZGCCB0PZ4G3J0EXZ27SY0','01H1BAX3GAHQ4D8Y3ZV1X3CST0','01H1BAVW1T693NNA52RCR38VA0','now()','now()','-2147483622'),
	 ('01H1BAZGCCB0PZ4G3J0EXZ27SY1','01H1BAX3GAHQ4D8Y3ZV1X3CST1','01H1BAVW1T693NNA52RCR38VA1','now()','now()','-2147483622'),
	 ('01H1BAZGCCB0PZ4G3J0EXZ27SY2','01H1BAX3GAHQ4D8Y3ZV1X3CST2','01H1BAVW1T693NNA52RCR38VA2','now()','now()','-2147483622'),
	 ('01H1BAZGCCB0PZ4G3J0EXZ27SY3','01H1BAX3GAHQ4D8Y3ZV1X3CST3','01H1BAVW1T693NNA52RCR38VA3','now()','now()','-2147483622'),
	 ('01H1BAZGCCB0PZ4G3J0EXZ27SY4','01H1BAX3GAHQ4D8Y3ZV1X3CST4','01H1BAVW1T693NNA52RCR38VA4','now()','now()','-2147483622'),
	 ('01H1BAZGCCB0PZ4G3J0EXZ27SY5','01H1BAX3GAHQ4D8Y3ZV1X3CST5','01H1BAVW1T693NNA52RCR38VA5','now()','now()','-2147483622'),
	 ('01H1BAZGCCB0PZ4G3J0EXZ27SY6','01H1BAX3GAHQ4D8Y3ZV1X3CST6','01H1BAVW1T693NNA52RCR38VA6','now()','now()','-2147483622'),
	 ('01H1BAZGCCB0PZ4G3J0EXZ27SY7','01H1BAX3GAHQ4D8Y3ZV1X3CST7','01H1BAVW1T693NNA52RCR38VA7','now()','now()','-2147483622'),
	 ('01H1BAZGCCB0PZ4G3J0EXZ27SY8','01H1BAX3GAHQ4D8Y3ZV1X3CST8','01H1BAVW1T693NNA52RCR38VA8','now()','now()','-2147483622'),
	 ('01H1BAZGCCB0PZ4G3J0EXZ27SY9','01H1BAX3GAHQ4D8Y3ZV1X3CST9','01H1BAVW1T693NNA52RCR38VA9','now()','now()','-2147483622') ON CONFLICT DO NOTHING;
INSERT INTO granted_role (granted_role_id,user_group_id,role_id,created_at,updated_at,resource_path) VALUES
	 ('01H1BAZR4071805W7G4EKARMRF','01H1BAXNXV4KFKCC6KS8EQJ0EP','01H1BAWA6VT0BE9J363M1DWXT5','now()','now()','-2147483622'),
	 ('01H1BAZWXEVX3ADWPK3HJ0YCKC','01H1BAXTMNXZWRM6F4Y60G4J8F','01H1BAWEDM09WC2KPQZDPSS7GB','now()','now()','-2147483622'),
	 ('01H1BB01KXXEZH14ENEA5WZM1Q','01H1BAXZ67BZE7YQ32S1RCX4AX','01H1BAWKDMKRNNMQREVQY5ZHES','now()','now()','-2147483622'),
	 ('01H1BB07JXR8HPCWD74FSPW187','01H1BAY49VVYCJT12ATNAHDM8M','01H1BAWQW54NPNYM01KX8YK1CF','now()','now()','-2147483622') ON CONFLICT DO NOTHING;

--- Granted Role Access Path
INSERT INTO granted_role_access_path (granted_role_id,location_id,created_at,updated_at,resource_path) VALUES
	 ('01H1BAZGCCB0PZ4G3J0EXZ27SY0','01H1BAHG1YXMMXEVSTS7NBV9CH','now()','now()','-2147483622'),
	 ('01H1BAZGCCB0PZ4G3J0EXZ27SY1','01H1BAHG1YXMMXEVSTS7NBV9CH','now()','now()','-2147483622'),
	 ('01H1BAZGCCB0PZ4G3J0EXZ27SY2','01H1BAHG1YXMMXEVSTS7NBV9CH','now()','now()','-2147483622'),
	 ('01H1BAZGCCB0PZ4G3J0EXZ27SY3','01H1BAHG1YXMMXEVSTS7NBV9CH','now()','now()','-2147483622'),
	 ('01H1BAZGCCB0PZ4G3J0EXZ27SY4','01H1BAHG1YXMMXEVSTS7NBV9CH','now()','now()','-2147483622'),
	 ('01H1BAZGCCB0PZ4G3J0EXZ27SY5','01H1BAHG1YXMMXEVSTS7NBV9CH','now()','now()','-2147483622'),
	 ('01H1BAZGCCB0PZ4G3J0EXZ27SY6','01H1BAHG1YXMMXEVSTS7NBV9CH','now()','now()','-2147483622'),
	 ('01H1BAZGCCB0PZ4G3J0EXZ27SY7','01H1BAHG1YXMMXEVSTS7NBV9CH','now()','now()','-2147483622'),
	 ('01H1BAZGCCB0PZ4G3J0EXZ27SY8','01H1BAHG1YXMMXEVSTS7NBV9CH','now()','now()','-2147483622'),
	 ('01H1BAZGCCB0PZ4G3J0EXZ27SY9','01H1BAHG1YXMMXEVSTS7NBV9CH','now()','now()','-2147483622') ON CONFLICT DO NOTHING;
INSERT INTO granted_role_access_path (granted_role_id,location_id,created_at,updated_at,resource_path) VALUES
	 ('01H1BAZR4071805W7G4EKARMRF','01H1BAHG1YXMMXEVSTS7NBV9CH','now()','now()','-2147483622'),
	 ('01H1BAZWXEVX3ADWPK3HJ0YCKC','01H1BAHG1YXMMXEVSTS7NBV9CH','now()','now()','-2147483622'),
	 ('01H1BB01KXXEZH14ENEA5WZM1Q','01H1BAHG1YXMMXEVSTS7NBV9CH','now()','now()','-2147483622'),
	 ('01H1BB07JXR8HPCWD74FSPW187','01H1BAHG1YXMMXEVSTS7NBV9CH','now()','now()','-2147483622') ON CONFLICT DO NOTHING;

--- Granted permission ---
INSERT INTO granted_permission
  (user_group_id, user_group_name, role_id, role_name, permission_id, permission_name, location_id, resource_path)
SELECT * FROM retrieve_src_granted_permission('01H1BAX3GAHQ4D8Y3ZV1X3CST0')
ON CONFLICT DO NOTHING;

INSERT INTO granted_permission
  (user_group_id, user_group_name, role_id, role_name, permission_id, permission_name, location_id, resource_path)
SELECT * FROM retrieve_src_granted_permission('01H1BAX3GAHQ4D8Y3ZV1X3CST1')
ON CONFLICT DO NOTHING;

INSERT INTO granted_permission
  (user_group_id, user_group_name, role_id, role_name, permission_id, permission_name, location_id, resource_path)
SELECT * FROM retrieve_src_granted_permission('01H1BAX3GAHQ4D8Y3ZV1X3CST2')
ON CONFLICT DO NOTHING;

INSERT INTO granted_permission
  (user_group_id, user_group_name, role_id, role_name, permission_id, permission_name, location_id, resource_path)
SELECT * FROM retrieve_src_granted_permission('01H1BAX3GAHQ4D8Y3ZV1X3CST3')
ON CONFLICT DO NOTHING;

INSERT INTO granted_permission
  (user_group_id, user_group_name, role_id, role_name, permission_id, permission_name, location_id, resource_path)
SELECT * FROM retrieve_src_granted_permission('01H1BAX3GAHQ4D8Y3ZV1X3CST4')
ON CONFLICT DO NOTHING;

INSERT INTO granted_permission
  (user_group_id, user_group_name, role_id, role_name, permission_id, permission_name, location_id, resource_path)
SELECT * FROM retrieve_src_granted_permission('01H1BAX3GAHQ4D8Y3ZV1X3CST5')
ON CONFLICT DO NOTHING;
INSERT INTO granted_permission
  (user_group_id, user_group_name, role_id, role_name, permission_id, permission_name, location_id, resource_path)
SELECT * FROM retrieve_src_granted_permission('01H1BAX3GAHQ4D8Y3ZV1X3CST6')
ON CONFLICT DO NOTHING;

INSERT INTO granted_permission
  (user_group_id, user_group_name, role_id, role_name, permission_id, permission_name, location_id, resource_path)
SELECT * FROM retrieve_src_granted_permission('01H1BAX3GAHQ4D8Y3ZV1X3CST7')
ON CONFLICT DO NOTHING;

INSERT INTO granted_permission
  (user_group_id, user_group_name, role_id, role_name, permission_id, permission_name, location_id, resource_path)
SELECT * FROM retrieve_src_granted_permission('01H1BAX3GAHQ4D8Y3ZV1X3CST8')
ON CONFLICT DO NOTHING;

INSERT INTO granted_permission
  (user_group_id, user_group_name, role_id, role_name, permission_id, permission_name, location_id, resource_path)
SELECT * FROM retrieve_src_granted_permission('01H1BAX3GAHQ4D8Y3ZV1X3CST9')
ON CONFLICT DO NOTHING;

INSERT INTO granted_permission
  (user_group_id, user_group_name, role_id, role_name, permission_id, permission_name, location_id, resource_path)
SELECT * FROM retrieve_src_granted_permission('01H1BAXNXV4KFKCC6KS8EQJ0EP')
ON CONFLICT DO NOTHING;

INSERT INTO granted_permission
  (user_group_id, user_group_name, role_id, role_name, permission_id, permission_name, location_id, resource_path)
SELECT * FROM retrieve_src_granted_permission('01H1BAXTMNXZWRM6F4Y60G4J8F')
ON CONFLICT DO NOTHING;

INSERT INTO granted_permission
  (user_group_id, user_group_name, role_id, role_name, permission_id, permission_name, location_id, resource_path)
SELECT * FROM retrieve_src_granted_permission('01H1BAXZ67BZE7YQ32S1RCX4AX')
ON CONFLICT DO NOTHING;

INSERT INTO granted_permission
  (user_group_id, user_group_name, role_id, role_name, permission_id, permission_name, location_id, resource_path)
SELECT * FROM retrieve_src_granted_permission('01H1BAY49VVYCJT12ATNAHDM8M')
ON CONFLICT DO NOTHING;
