------------ usermgmt internal -------------
--- Location ---
INSERT INTO public.location_types
(location_type_id, name, "display_name", resource_path, updated_at, created_at)
VALUES	('01H1XGH5WK9Z11DM21V75JYBSE','org','Usermgmt Internal', '100012', now(), now()) ON CONFLICT DO NOTHING;

INSERT INTO public.locations
(location_id, name, location_type, partner_internal_id, partner_internal_parent_id, parent_location_id, resource_path, updated_at, created_at,access_path)
VALUES	('01H1XGH5WK9Z11DM21V75JYBSE', 'Usermgmt Internal', '01H1XGH5WK9Z11DM21V75JYBSE',NULL, NULL, NULL, '100012', now(), now(), '01H1XGH5WK9Z11DM21V75JYBSE') ON CONFLICT DO NOTHING;

--- Organization ---
INSERT INTO organizations (organization_id, tenant_id, name, resource_path, domain_name, logo_url, country, created_at, updated_at, deleted_at)
VALUES   ('100012', 'usermgmt-internal-86vua', 'Usermgmt Internal', '100012', 'usermgmt', '', 'COUNTRY_JP', now(), now(), null) ON CONFLICT DO NOTHING;

INSERT INTO public.organization_auths
(organization_id, auth_project_id, auth_tenant_id)
VALUES(100012, 'student-coach-e1e95', 'usermgmt-internal-86vua') ON CONFLICT DO NOTHING;

INSERT INTO schools ( school_id, name, country, city_id, district_id, point, is_system_school, created_at, updated_at, is_merge, phone_number, deleted_at, resource_path)
VALUES  (100012, 'Usermgmt Internal', 'COUNTRY_JP', 1,  1, null,  false, now(), now(), false, null,  null, '100012') ON CONFLICT DO NOTHING;

--- Role <> User Group ---
---- Role and Permission ---
INSERT INTO "permission" (permission_id,permission_name,created_at,updated_at,resource_path) VALUES
	 ('01H1XGPQQQ8H0CA8ABJTBQFVCT','communication.conversation.read','now()','now()','100012'),
	 ('01H1XGQ07FCAX49RPMFT9QQMJP','communication.conversation.write','now()','now()','100012'),
	 ('01H1XGQ5VXQ2HS3BWM52E5FQMA','communication.notification.owner','now()','now()','100012'),
	 ('01H1XGQCJ647FECNR692F6TAGH','communication.notification.read','now()','now()','100012'),
	 ('01H1XGQMFMFFG2D01JF9283Y4J','communication.notification.write','now()','now()','100012'),
	 ('01H1XGQV24VH37W8FRYAZV33GX','entryexit.student_entryexit_records.read','now()','now()','100012'),
	 ('01H1XGR1SXZ604G5NM4BW1Y36H','entryexit.student_entryexit_records.write','now()','now()','100012'),
	 ('01H1XGR8T0F26BPEVHFP6BXS3V','entryexit.student_qr.read','now()','now()','100012'),
	 ('01H1XGRECCXEBJS14Z7RN35BP5','entryexit.student_qr.write','now()','now()','100012'),
	 ('01H1XGRKHXAQC1NGDHBH4VSB1F','lesson.lessonmember.read','now()','now()','100012') ON CONFLICT DO NOTHING;
INSERT INTO "permission" (permission_id,permission_name,created_at,updated_at,resource_path) VALUES
	 ('01H1XGYAR9A09VG6PVHFAXJAJV','lesson.lessonmember.write','now()','now()','100012'),
	 ('01H1XGYHWAC3H8M500G2J8YA43','lesson.lesson.read','now()','now()','100012'),
	 ('01H1XGYT0TEPTMGDGKDQ0KPEWJ','lesson.lesson.write','now()','now()','100012'),
	 ('01H1XGZ08YH6JG89EYQVFYCP42','lesson.reallocation.read','now()','now()','100012'),
	 ('01H1XGZ4XPWBASSBDR2CVKDSHW','lesson.reallocation.write','now()','now()','100012'),
	 ('01H1XGZ9H8RQDVJAHR7MVV9Y1E','lesson.report.review','now()','now()','100012'),
	 ('01H1XGZE06RNZFVME6WXXJ1MEG','master.course.read','now()','now()','100012'),
	 ('01H1XHDS0NF7WC8D8YTTQHV3QD','master.course.write','now()','now()','100012'),
	 ('01H1XHDYE04VYY6JX8NSQQBSF4','master.location.read','now()','now()','100012'),
	 ('01H1XHE3KYD19TW4CH6N93GYMF','master.location.write','now()','now()','100012') ON CONFLICT DO NOTHING;
INSERT INTO "permission" (permission_id,permission_name,created_at,updated_at,resource_path) VALUES
	 ('01H1XHE9SY0Y3HFJ1QD5T95YGK','payment.bank_account.read','now()','now()','100012'),
	 ('01H1XHEE04HW2TY5CTVE839JF4','payment.bank_account.write','now()','now()','100012'),
	 ('01H1XHEJ068J2303GJJQ8ZXH20','payment.billing_address.read','now()','now()','100012'),
	 ('01H1XHEQD6KMAN9W4MH1WJ16RT','payment.billing_address.write','now()','now()','100012'),
	 ('01H1XHEYE6NBC30T8D1GSRQ5XN','payment.bill_item.read','now()','now()','100012'),
	 ('01H1XHF3DD0HKNW47V3HS70895','payment.bill_item.write','now()','now()','100012'),
	 ('01H1XHFA0B4M1YGQ9JC0JWCDWJ','payment.invoice.read','now()','now()','100012'),
	 ('01H1XHFESD6Y3B9TPT61JJ3RDC','payment.invoice.write','now()','now()','100012'),
	 ('01H1XHFMQ2XSEGR29DSS3R0YKK','payment.order.read','now()','now()','100012'),
	 ('01H1XHFV6HRT3374NCYZCB1VQ4','payment.order.write','now()','now()','100012') ON CONFLICT DO NOTHING;
INSERT INTO "permission" (permission_id,permission_name,created_at,updated_at,resource_path) VALUES
	 ('01H1XHG30G6594R38AFBN6HATG','payment.payment.read','now()','now()','100012'),
	 ('01H1XHG81W6H6DENV9DG3H2GY6','payment.payment.write','now()','now()','100012'),
	 ('01H1XHGCF6JYB24P22KJEKZ6DC','payment.student_payment_detail.read','now()','now()','100012'),
	 ('01H1XHGHVTDHJ697261W117BSR','payment.student_payment_detail.write','now()','now()','100012'),
	 ('01H1XHGQYC7MZYRVH7HZA2CSVS','payment.student_product.read','now()','now()','100012'),
	 ('01H1XHGXRRCB9WKKYQ99R9KNT9','payment.student_product.write','now()','now()','100012'),
	 ('01H1XHH2E1BK05N4G12217W0RA','timesheet.timesheet.read','now()','now()','100012'),
	 ('01H1XHH73NJQ88VMQR1DDQZQAE','timesheet.timesheet.write','now()','now()','100012'),
	 ('01H1XHHC67C2RJ52BBD3M6N4AA','user.parent.read','now()','now()','100012'),
	 ('01H1XHHGW87FSA0EA0R5D9J555','user.parent.write','now()','now()','100012') ON CONFLICT DO NOTHING;
INSERT INTO "permission" (permission_id,permission_name,created_at,updated_at,resource_path) VALUES
	 ('01H1XHJY9PWS9ZFA1TB59XP4A5','user.staff.read','now()','now()','100012'),
	 ('01H1XHK4THJ59ZD6FSN71G4M9Q','user.staff.write','now()','now()','100012'),
	 ('01H1XHK8XASF1FF6CZY0BAQ72V','user.student_course.write','now()','now()','100012'),
	 ('01H1XHKDCC1GT3RJVSB5C9HEH8','user.student_enrollment_status_history.read','now()','now()','100012'),
	 ('01H1XHKJKVSSQ51139J1Z47C9N','user.student.read','now()','now()','100012'),
	 ('01H1XHKPZHDF0HR82MX0S67KHM','user.student.write','now()','now()','100012'),
	 ('01H1XHKVPB9Y3C89HYVYJZPNGA','user.usergroupmember.read','now()','now()','100012'),
	 ('01H1XHM0R29MFAB7K810CBQ422','user.usergroupmember.write','now()','now()','100012'),
	 ('01H1XHM61QHVTXTXAZ3NAT0TPK','user.usergroup.read','now()','now()','100012'),
	 ('01H1XHMAN10EJZBKNXSEASYT6Z','user.usergroup.write','now()','now()','100012') ON CONFLICT DO NOTHING;
INSERT INTO "permission" (permission_id,permission_name,created_at,updated_at,resource_path) VALUES
	 ('01H1XHMHVXY3ZH95V42EV5RTSG','user.user.read','now()','now()','100012'),
	 ('01H1XHMPCDB2E17V3147DMK6R3','user.user.write','now()','now()','100012'),
	 ('01H1XHMTG6V45KBFC4H3HCT7MX','virtualclassroom.room_state.read','now()','now()','100012'),
	 ('01H1XHMZKXA56B5RMCHXKTP4ZF','virtualclassroom.room_state.write','now()','now()','100012') ON CONFLICT DO NOTHING;

--- Role ---
INSERT INTO role (role_id,role_name,is_system,created_at,updated_at,resource_path) VALUES
	 ('01H1XHN5DWRDJXMMF3FK9857N0','OpenAPI',true,'now()','now()','100012'),
	 ('01H1XHN5DWRDJXMMF3FK9857N1','Teacher',false,'now()','now()','100012'),
	 ('01H1XHN5DWRDJXMMF3FK9857N2','School Admin',false,'now()','now()','100012'),
	 ('01H1XHN5DWRDJXMMF3FK9857N3','Student',true,'now()','now()','100012'),
	 ('01H1XHN5DWRDJXMMF3FK9857N4','Parent',true,'now()','now()','100012'),
	 ('01H1XHN5DWRDJXMMF3FK9857N5','HQ Staff',false,'now()','now()','100012'),
	 ('01H1XHN5DWRDJXMMF3FK9857N6','Centre Lead',false,'now()','now()','100012'),
	 ('01H1XHN5DWRDJXMMF3FK9857N7','Teacher Lead',false,'now()','now()','100012'),
	 ('01H1XHN5DWRDJXMMF3FK9857N8','Centre Manager',false,'now()','now()','100012'),
	 ('01H1XHN5DWRDJXMMF3FK9857N9','Centre Staff',false,'now()','now()','100012') ON CONFLICT DO NOTHING;
INSERT INTO role (role_id,role_name,is_system,created_at,updated_at,resource_path) VALUES
	 ('01H1XHNHC22NZA36N08P0GD6XE','NotificationScheduleJob',true,'now()','now()','100012'),
	 ('01H1XHNNXHTJJMAFT6BKH9YC9S','UsermgmtScheduleJob',true,'now()','now()','100012'),
	 ('01H1XHNTJT7S18G913EPAHEWWT','VirtualClassroomScheduleJob',true,'now()','now()','100012'),
	 ('01H1XHNZ01BZHN07FXZXEYW1FM','PaymentScheduleJob',true,'now()','now()','100012') ON CONFLICT DO NOTHING;

--- Permission Role ---
INSERT INTO permission_role (permission_id,role_id,created_at,updated_at,resource_path) VALUES
	 ('01H1XGR1SXZ604G5NM4BW1Y36H','01H1XHN5DWRDJXMMF3FK9857N2','now()','now()','100012'),
	 ('01H1XGR1SXZ604G5NM4BW1Y36H','01H1XHN5DWRDJXMMF3FK9857N5','now()','now()','100012'),
	 ('01H1XGR1SXZ604G5NM4BW1Y36H','01H1XHN5DWRDJXMMF3FK9857N9','now()','now()','100012'),
	 ('01H1XGR1SXZ604G5NM4BW1Y36H','01H1XHN5DWRDJXMMF3FK9857N1','now()','now()','100012'),
	 ('01H1XGR1SXZ604G5NM4BW1Y36H','01H1XHN5DWRDJXMMF3FK9857N8','now()','now()','100012'),
	 ('01H1XGR1SXZ604G5NM4BW1Y36H','01H1XHN5DWRDJXMMF3FK9857N6','now()','now()','100012'),
	 ('01H1XGQV24VH37W8FRYAZV33GX','01H1XHN5DWRDJXMMF3FK9857N6','now()','now()','100012'),
	 ('01H1XGQV24VH37W8FRYAZV33GX','01H1XHN5DWRDJXMMF3FK9857N1','now()','now()','100012'),
	 ('01H1XGQV24VH37W8FRYAZV33GX','01H1XHN5DWRDJXMMF3FK9857N3','now()','now()','100012'),
	 ('01H1XGQV24VH37W8FRYAZV33GX','01H1XHN5DWRDJXMMF3FK9857N9','now()','now()','100012') ON CONFLICT DO NOTHING;
INSERT INTO permission_role (permission_id,role_id,created_at,updated_at,resource_path) VALUES
	 ('01H1XGQV24VH37W8FRYAZV33GX','01H1XHN5DWRDJXMMF3FK9857N5','now()','now()','100012'),
	 ('01H1XGQV24VH37W8FRYAZV33GX','01H1XHN5DWRDJXMMF3FK9857N2','now()','now()','100012'),
	 ('01H1XGQV24VH37W8FRYAZV33GX','01H1XHN5DWRDJXMMF3FK9857N8','now()','now()','100012'),
	 ('01H1XGQV24VH37W8FRYAZV33GX','01H1XHN5DWRDJXMMF3FK9857N4','now()','now()','100012'),
	 ('01H1XGRECCXEBJS14Z7RN35BP5','01H1XHN5DWRDJXMMF3FK9857N5','now()','now()','100012'),
	 ('01H1XGRECCXEBJS14Z7RN35BP5','01H1XHN5DWRDJXMMF3FK9857N3','now()','now()','100012'),
	 ('01H1XGRECCXEBJS14Z7RN35BP5','01H1XHN5DWRDJXMMF3FK9857N8','now()','now()','100012'),
	 ('01H1XGRECCXEBJS14Z7RN35BP5','01H1XHN5DWRDJXMMF3FK9857N9','now()','now()','100012'),
	 ('01H1XGRECCXEBJS14Z7RN35BP5','01H1XHN5DWRDJXMMF3FK9857N2','now()','now()','100012'),
	 ('01H1XGRECCXEBJS14Z7RN35BP5','01H1XHN5DWRDJXMMF3FK9857N6','now()','now()','100012') ON CONFLICT DO NOTHING;
INSERT INTO permission_role (permission_id,role_id,created_at,updated_at,resource_path) VALUES
	 ('01H1XGR8T0F26BPEVHFP6BXS3V','01H1XHN5DWRDJXMMF3FK9857N3','now()','now()','100012'),
	 ('01H1XGR8T0F26BPEVHFP6BXS3V','01H1XHN5DWRDJXMMF3FK9857N1','now()','now()','100012'),
	 ('01H1XGR8T0F26BPEVHFP6BXS3V','01H1XHN5DWRDJXMMF3FK9857N8','now()','now()','100012'),
	 ('01H1XGR8T0F26BPEVHFP6BXS3V','01H1XHN5DWRDJXMMF3FK9857N5','now()','now()','100012'),
	 ('01H1XGR8T0F26BPEVHFP6BXS3V','01H1XHN5DWRDJXMMF3FK9857N4','now()','now()','100012'),
	 ('01H1XGR8T0F26BPEVHFP6BXS3V','01H1XHN5DWRDJXMMF3FK9857N2','now()','now()','100012'),
	 ('01H1XGR8T0F26BPEVHFP6BXS3V','01H1XHN5DWRDJXMMF3FK9857N9','now()','now()','100012'),
	 ('01H1XGR8T0F26BPEVHFP6BXS3V','01H1XHN5DWRDJXMMF3FK9857N6','now()','now()','100012'),
	 ('01H1XHG30G6594R38AFBN6HATG','01H1XHN5DWRDJXMMF3FK9857N2','now()','now()','100012'),
	 ('01H1XHG30G6594R38AFBN6HATG','01H1XHN5DWRDJXMMF3FK9857N5','now()','now()','100012') ON CONFLICT DO NOTHING;
INSERT INTO permission_role (permission_id,role_id,created_at,updated_at,resource_path) VALUES
	 ('01H1XHGQYC7MZYRVH7HZA2CSVS','01H1XHN5DWRDJXMMF3FK9857N9','now()','now()','100012'),
	 ('01H1XHGQYC7MZYRVH7HZA2CSVS','01H1XHNZ01BZHN07FXZXEYW1FM','now()','now()','100012'),
	 ('01H1XHGQYC7MZYRVH7HZA2CSVS','01H1XHN5DWRDJXMMF3FK9857N8','now()','now()','100012'),
	 ('01H1XHGQYC7MZYRVH7HZA2CSVS','01H1XHN5DWRDJXMMF3FK9857N6','now()','now()','100012'),
	 ('01H1XHGQYC7MZYRVH7HZA2CSVS','01H1XHN5DWRDJXMMF3FK9857N5','now()','now()','100012'),
	 ('01H1XHGQYC7MZYRVH7HZA2CSVS','01H1XHN5DWRDJXMMF3FK9857N2','now()','now()','100012'),
	 ('01H1XHGXRRCB9WKKYQ99R9KNT9','01H1XHN5DWRDJXMMF3FK9857N9','now()','now()','100012'),
	 ('01H1XHGXRRCB9WKKYQ99R9KNT9','01H1XHN5DWRDJXMMF3FK9857N5','now()','now()','100012'),
	 ('01H1XHGXRRCB9WKKYQ99R9KNT9','01H1XHN5DWRDJXMMF3FK9857N8','now()','now()','100012'),
	 ('01H1XHGXRRCB9WKKYQ99R9KNT9','01H1XHNZ01BZHN07FXZXEYW1FM','now()','now()','100012') ON CONFLICT DO NOTHING;
INSERT INTO permission_role (permission_id,role_id,created_at,updated_at,resource_path) VALUES
	 ('01H1XHGXRRCB9WKKYQ99R9KNT9','01H1XHN5DWRDJXMMF3FK9857N2','now()','now()','100012'),
	 ('01H1XHEYE6NBC30T8D1GSRQ5XN','01H1XHN5DWRDJXMMF3FK9857N8','now()','now()','100012'),
	 ('01H1XHEYE6NBC30T8D1GSRQ5XN','01H1XHN5DWRDJXMMF3FK9857N6','now()','now()','100012'),
	 ('01H1XHEYE6NBC30T8D1GSRQ5XN','01H1XHN5DWRDJXMMF3FK9857N2','now()','now()','100012'),
	 ('01H1XHEYE6NBC30T8D1GSRQ5XN','01H1XHN5DWRDJXMMF3FK9857N5','now()','now()','100012'),
	 ('01H1XHEYE6NBC30T8D1GSRQ5XN','01H1XHN5DWRDJXMMF3FK9857N9','now()','now()','100012'),
	 ('01H1XHEYE6NBC30T8D1GSRQ5XN','01H1XHNZ01BZHN07FXZXEYW1FM','now()','now()','100012'),
	 ('01H1XHF3DD0HKNW47V3HS70895','01H1XHN5DWRDJXMMF3FK9857N8','now()','now()','100012'),
	 ('01H1XHF3DD0HKNW47V3HS70895','01H1XHN5DWRDJXMMF3FK9857N9','now()','now()','100012'),
	 ('01H1XHF3DD0HKNW47V3HS70895','01H1XHN5DWRDJXMMF3FK9857N2','now()','now()','100012') ON CONFLICT DO NOTHING;
INSERT INTO permission_role (permission_id,role_id,created_at,updated_at,resource_path) VALUES
	 ('01H1XHF3DD0HKNW47V3HS70895','01H1XHN5DWRDJXMMF3FK9857N5','now()','now()','100012'),
	 ('01H1XHF3DD0HKNW47V3HS70895','01H1XHNZ01BZHN07FXZXEYW1FM','now()','now()','100012'),
	 ('01H1XHDYE04VYY6JX8NSQQBSF4','01H1XHN5DWRDJXMMF3FK9857N6','now()','now()','100012'),
	 ('01H1XHDYE04VYY6JX8NSQQBSF4','01H1XHN5DWRDJXMMF3FK9857N1','now()','now()','100012'),
	 ('01H1XHDYE04VYY6JX8NSQQBSF4','01H1XHN5DWRDJXMMF3FK9857N2','now()','now()','100012'),
	 ('01H1XHDYE04VYY6JX8NSQQBSF4','01H1XHN5DWRDJXMMF3FK9857N3','now()','now()','100012'),
	 ('01H1XHDYE04VYY6JX8NSQQBSF4','01H1XHN5DWRDJXMMF3FK9857N4','now()','now()','100012'),
	 ('01H1XHDYE04VYY6JX8NSQQBSF4','01H1XHN5DWRDJXMMF3FK9857N5','now()','now()','100012'),
	 ('01H1XHDYE04VYY6JX8NSQQBSF4','01H1XHN5DWRDJXMMF3FK9857N8','now()','now()','100012'),
	 ('01H1XHDYE04VYY6JX8NSQQBSF4','01H1XHN5DWRDJXMMF3FK9857N9','now()','now()','100012') ON CONFLICT DO NOTHING;
INSERT INTO permission_role (permission_id,role_id,created_at,updated_at,resource_path) VALUES
	 ('01H1XHDYE04VYY6JX8NSQQBSF4','01H1XHN5DWRDJXMMF3FK9857N0','now()','now()','100012'),
	 ('01H1XHDYE04VYY6JX8NSQQBSF4','01H1XHNNXHTJJMAFT6BKH9YC9S','now()','now()','100012'),
	 ('01H1XHFMQ2XSEGR29DSS3R0YKK','01H1XHN5DWRDJXMMF3FK9857N5','now()','now()','100012'),
	 ('01H1XHFMQ2XSEGR29DSS3R0YKK','01H1XHN5DWRDJXMMF3FK9857N2','now()','now()','100012'),
	 ('01H1XHFMQ2XSEGR29DSS3R0YKK','01H1XHNZ01BZHN07FXZXEYW1FM','now()','now()','100012'),
	 ('01H1XHFMQ2XSEGR29DSS3R0YKK','01H1XHN5DWRDJXMMF3FK9857N9','now()','now()','100012'),
	 ('01H1XHFMQ2XSEGR29DSS3R0YKK','01H1XHN5DWRDJXMMF3FK9857N8','now()','now()','100012'),
	 ('01H1XHFMQ2XSEGR29DSS3R0YKK','01H1XHN5DWRDJXMMF3FK9857N6','now()','now()','100012'),
	 ('01H1XGQCJ647FECNR692F6TAGH','01H1XHNHC22NZA36N08P0GD6XE','now()','now()','100012'),
	 ('01H1XGQCJ647FECNR692F6TAGH','01H1XHN5DWRDJXMMF3FK9857N4','now()','now()','100012') ON CONFLICT DO NOTHING;
INSERT INTO permission_role (permission_id,role_id,created_at,updated_at,resource_path) VALUES
	 ('01H1XGQCJ647FECNR692F6TAGH','01H1XHN5DWRDJXMMF3FK9857N1','now()','now()','100012'),
	 ('01H1XGQCJ647FECNR692F6TAGH','01H1XHN5DWRDJXMMF3FK9857N3','now()','now()','100012'),
	 ('01H1XGQCJ647FECNR692F6TAGH','01H1XHN5DWRDJXMMF3FK9857N5','now()','now()','100012'),
	 ('01H1XGQCJ647FECNR692F6TAGH','01H1XHN5DWRDJXMMF3FK9857N8','now()','now()','100012'),
	 ('01H1XGQCJ647FECNR692F6TAGH','01H1XHN5DWRDJXMMF3FK9857N2','now()','now()','100012'),
	 ('01H1XGQCJ647FECNR692F6TAGH','01H1XHN5DWRDJXMMF3FK9857N9','now()','now()','100012'),
	 ('01H1XGQMFMFFG2D01JF9283Y4J','01H1XHNHC22NZA36N08P0GD6XE','now()','now()','100012'),
	 ('01H1XGQMFMFFG2D01JF9283Y4J','01H1XHN5DWRDJXMMF3FK9857N2','now()','now()','100012'),
	 ('01H1XGQMFMFFG2D01JF9283Y4J','01H1XHN5DWRDJXMMF3FK9857N5','now()','now()','100012'),
	 ('01H1XGQ5VXQ2HS3BWM52E5FQMA','01H1XHN5DWRDJXMMF3FK9857N8','now()','now()','100012') ON CONFLICT DO NOTHING;
INSERT INTO permission_role (permission_id,role_id,created_at,updated_at,resource_path) VALUES
	 ('01H1XGQ5VXQ2HS3BWM52E5FQMA','01H1XHN5DWRDJXMMF3FK9857N9','now()','now()','100012'),
	 ('01H1XGQ5VXQ2HS3BWM52E5FQMA','01H1XHN5DWRDJXMMF3FK9857N1','now()','now()','100012'),
	 ('01H1XGPQQQ8H0CA8ABJTBQFVCT','01H1XHN5DWRDJXMMF3FK9857N3','now()','now()','100012'),
	 ('01H1XGPQQQ8H0CA8ABJTBQFVCT','01H1XHN5DWRDJXMMF3FK9857N1','now()','now()','100012'),
	 ('01H1XGPQQQ8H0CA8ABJTBQFVCT','01H1XHN5DWRDJXMMF3FK9857N4','now()','now()','100012'),
	 ('01H1XGQ07FCAX49RPMFT9QQMJP','01H1XHN5DWRDJXMMF3FK9857N3','now()','now()','100012'),
	 ('01H1XGQ07FCAX49RPMFT9QQMJP','01H1XHN5DWRDJXMMF3FK9857N4','now()','now()','100012'),
	 ('01H1XGQ07FCAX49RPMFT9QQMJP','01H1XHN5DWRDJXMMF3FK9857N1','now()','now()','100012'),
	 ('01H1XGYT0TEPTMGDGKDQ0KPEWJ','01H1XHN5DWRDJXMMF3FK9857N5','now()','now()','100012'),
	 ('01H1XGYT0TEPTMGDGKDQ0KPEWJ','01H1XHN5DWRDJXMMF3FK9857N3','now()','now()','100012') ON CONFLICT DO NOTHING;
INSERT INTO permission_role (permission_id,role_id,created_at,updated_at,resource_path) VALUES
	 ('01H1XGYT0TEPTMGDGKDQ0KPEWJ','01H1XHN5DWRDJXMMF3FK9857N9','now()','now()','100012'),
	 ('01H1XGYT0TEPTMGDGKDQ0KPEWJ','01H1XHN5DWRDJXMMF3FK9857N1','now()','now()','100012'),
	 ('01H1XGYT0TEPTMGDGKDQ0KPEWJ','01H1XHN5DWRDJXMMF3FK9857N8','now()','now()','100012'),
	 ('01H1XGYT0TEPTMGDGKDQ0KPEWJ','01H1XHN5DWRDJXMMF3FK9857N2','now()','now()','100012'),
	 ('01H1XGYHWAC3H8M500G2J8YA43','01H1XHN5DWRDJXMMF3FK9857N6','now()','now()','100012'),
	 ('01H1XGYHWAC3H8M500G2J8YA43','01H1XHN5DWRDJXMMF3FK9857N1','now()','now()','100012'),
	 ('01H1XGYHWAC3H8M500G2J8YA43','01H1XHN5DWRDJXMMF3FK9857N8','now()','now()','100012'),
	 ('01H1XGYHWAC3H8M500G2J8YA43','01H1XHN5DWRDJXMMF3FK9857N2','now()','now()','100012'),
	 ('01H1XGYHWAC3H8M500G2J8YA43','01H1XHN5DWRDJXMMF3FK9857N5','now()','now()','100012'),
	 ('01H1XGYHWAC3H8M500G2J8YA43','01H1XHNTJT7S18G913EPAHEWWT','now()','now()','100012') ON CONFLICT DO NOTHING;
INSERT INTO permission_role (permission_id,role_id,created_at,updated_at,resource_path) VALUES
	 ('01H1XGYHWAC3H8M500G2J8YA43','01H1XHN5DWRDJXMMF3FK9857N4','now()','now()','100012'),
	 ('01H1XGYHWAC3H8M500G2J8YA43','01H1XHN5DWRDJXMMF3FK9857N7','now()','now()','100012'),
	 ('01H1XGYHWAC3H8M500G2J8YA43','01H1XHN5DWRDJXMMF3FK9857N3','now()','now()','100012'),
	 ('01H1XGYHWAC3H8M500G2J8YA43','01H1XHN5DWRDJXMMF3FK9857N9','now()','now()','100012'),
	 ('01H1XGRKHXAQC1NGDHBH4VSB1F','01H1XHN5DWRDJXMMF3FK9857N8','now()','now()','100012'),
	 ('01H1XGRKHXAQC1NGDHBH4VSB1F','01H1XHN5DWRDJXMMF3FK9857N3','now()','now()','100012'),
	 ('01H1XGRKHXAQC1NGDHBH4VSB1F','01H1XHN5DWRDJXMMF3FK9857N5','now()','now()','100012'),
	 ('01H1XGRKHXAQC1NGDHBH4VSB1F','01H1XHN5DWRDJXMMF3FK9857N1','now()','now()','100012'),
	 ('01H1XGRKHXAQC1NGDHBH4VSB1F','01H1XHN5DWRDJXMMF3FK9857N2','now()','now()','100012'),
	 ('01H1XGRKHXAQC1NGDHBH4VSB1F','01H1XHN5DWRDJXMMF3FK9857N6','now()','now()','100012') ON CONFLICT DO NOTHING;
INSERT INTO permission_role (permission_id,role_id,created_at,updated_at,resource_path) VALUES
	 ('01H1XGRKHXAQC1NGDHBH4VSB1F','01H1XHN5DWRDJXMMF3FK9857N9','now()','now()','100012'),
	 ('01H1XGRKHXAQC1NGDHBH4VSB1F','01H1XHN5DWRDJXMMF3FK9857N4','now()','now()','100012'),
	 ('01H1XGYAR9A09VG6PVHFAXJAJV','01H1XHN5DWRDJXMMF3FK9857N7','now()','now()','100012'),
	 ('01H1XGYAR9A09VG6PVHFAXJAJV','01H1XHN5DWRDJXMMF3FK9857N1','now()','now()','100012'),
	 ('01H1XGYAR9A09VG6PVHFAXJAJV','01H1XHN5DWRDJXMMF3FK9857N2','now()','now()','100012'),
	 ('01H1XGYAR9A09VG6PVHFAXJAJV','01H1XHN5DWRDJXMMF3FK9857N5','now()','now()','100012'),
	 ('01H1XGYAR9A09VG6PVHFAXJAJV','01H1XHN5DWRDJXMMF3FK9857N6','now()','now()','100012'),
	 ('01H1XGYAR9A09VG6PVHFAXJAJV','01H1XHN5DWRDJXMMF3FK9857N8','now()','now()','100012'),
	 ('01H1XGYAR9A09VG6PVHFAXJAJV','01H1XHN5DWRDJXMMF3FK9857N9','now()','now()','100012'),
	 ('01H1XGZ08YH6JG89EYQVFYCP42','01H1XHN5DWRDJXMMF3FK9857N3','now()','now()','100012') ON CONFLICT DO NOTHING;
INSERT INTO permission_role (permission_id,role_id,created_at,updated_at,resource_path) VALUES
	 ('01H1XGZ08YH6JG89EYQVFYCP42','01H1XHN5DWRDJXMMF3FK9857N2','now()','now()','100012'),
	 ('01H1XGZ08YH6JG89EYQVFYCP42','01H1XHN5DWRDJXMMF3FK9857N8','now()','now()','100012'),
	 ('01H1XGZ08YH6JG89EYQVFYCP42','01H1XHN5DWRDJXMMF3FK9857N5','now()','now()','100012'),
	 ('01H1XGZ08YH6JG89EYQVFYCP42','01H1XHN5DWRDJXMMF3FK9857N1','now()','now()','100012'),
	 ('01H1XGZ08YH6JG89EYQVFYCP42','01H1XHN5DWRDJXMMF3FK9857N4','now()','now()','100012'),
	 ('01H1XGZ08YH6JG89EYQVFYCP42','01H1XHN5DWRDJXMMF3FK9857N9','now()','now()','100012'),
	 ('01H1XGZ08YH6JG89EYQVFYCP42','01H1XHN5DWRDJXMMF3FK9857N6','now()','now()','100012'),
	 ('01H1XGZ4XPWBASSBDR2CVKDSHW','01H1XHN5DWRDJXMMF3FK9857N1','now()','now()','100012'),
	 ('01H1XGZ4XPWBASSBDR2CVKDSHW','01H1XHN5DWRDJXMMF3FK9857N9','now()','now()','100012'),
	 ('01H1XGZ4XPWBASSBDR2CVKDSHW','01H1XHN5DWRDJXMMF3FK9857N2','now()','now()','100012') ON CONFLICT DO NOTHING;
INSERT INTO permission_role (permission_id,role_id,created_at,updated_at,resource_path) VALUES
	 ('01H1XGZ4XPWBASSBDR2CVKDSHW','01H1XHN5DWRDJXMMF3FK9857N5','now()','now()','100012'),
	 ('01H1XGZ4XPWBASSBDR2CVKDSHW','01H1XHN5DWRDJXMMF3FK9857N8','now()','now()','100012'),
	 ('01H1XHH2E1BK05N4G12217W0RA','01H1XHN5DWRDJXMMF3FK9857N6','now()','now()','100012'),
	 ('01H1XHH2E1BK05N4G12217W0RA','01H1XHN5DWRDJXMMF3FK9857N7','now()','now()','100012'),
	 ('01H1XHH2E1BK05N4G12217W0RA','01H1XHN5DWRDJXMMF3FK9857N9','now()','now()','100012'),
	 ('01H1XHH2E1BK05N4G12217W0RA','01H1XHN5DWRDJXMMF3FK9857N8','now()','now()','100012'),
	 ('01H1XHH2E1BK05N4G12217W0RA','01H1XHN5DWRDJXMMF3FK9857N5','now()','now()','100012'),
	 ('01H1XHH2E1BK05N4G12217W0RA','01H1XHN5DWRDJXMMF3FK9857N2','now()','now()','100012'),
	 ('01H1XHH2E1BK05N4G12217W0RA','01H1XHN5DWRDJXMMF3FK9857N1','now()','now()','100012'),
	 ('01H1XHH73NJQ88VMQR1DDQZQAE','01H1XHN5DWRDJXMMF3FK9857N6','now()','now()','100012') ON CONFLICT DO NOTHING;
INSERT INTO permission_role (permission_id,role_id,created_at,updated_at,resource_path) VALUES
	 ('01H1XHH73NJQ88VMQR1DDQZQAE','01H1XHN5DWRDJXMMF3FK9857N1','now()','now()','100012'),
	 ('01H1XHH73NJQ88VMQR1DDQZQAE','01H1XHN5DWRDJXMMF3FK9857N8','now()','now()','100012'),
	 ('01H1XHH73NJQ88VMQR1DDQZQAE','01H1XHN5DWRDJXMMF3FK9857N7','now()','now()','100012'),
	 ('01H1XHH73NJQ88VMQR1DDQZQAE','01H1XHN5DWRDJXMMF3FK9857N2','now()','now()','100012'),
	 ('01H1XHH73NJQ88VMQR1DDQZQAE','01H1XHN5DWRDJXMMF3FK9857N9','now()','now()','100012'),
	 ('01H1XHH73NJQ88VMQR1DDQZQAE','01H1XHN5DWRDJXMMF3FK9857N5','now()','now()','100012'),
	 ('01H1XHMHVXY3ZH95V42EV5RTSG','01H1XHN5DWRDJXMMF3FK9857N7','now()','now()','100012'),
	 ('01H1XHMHVXY3ZH95V42EV5RTSG','01H1XHN5DWRDJXMMF3FK9857N2','now()','now()','100012'),
	 ('01H1XHMHVXY3ZH95V42EV5RTSG','01H1XHN5DWRDJXMMF3FK9857N5','now()','now()','100012'),
	 ('01H1XHMHVXY3ZH95V42EV5RTSG','01H1XHNNXHTJJMAFT6BKH9YC9S','now()','now()','100012') ON CONFLICT DO NOTHING;
INSERT INTO permission_role (permission_id,role_id,created_at,updated_at,resource_path) VALUES
	 ('01H1XHMHVXY3ZH95V42EV5RTSG','01H1XHNHC22NZA36N08P0GD6XE','now()','now()','100012'),
	 ('01H1XHMHVXY3ZH95V42EV5RTSG','01H1XHNTJT7S18G913EPAHEWWT','now()','now()','100012'),
	 ('01H1XHMHVXY3ZH95V42EV5RTSG','01H1XHN5DWRDJXMMF3FK9857N4','now()','now()','100012'),
	 ('01H1XHMHVXY3ZH95V42EV5RTSG','01H1XHN5DWRDJXMMF3FK9857N6','now()','now()','100012'),
	 ('01H1XHMHVXY3ZH95V42EV5RTSG','01H1XHN5DWRDJXMMF3FK9857N0','now()','now()','100012'),
	 ('01H1XHMHVXY3ZH95V42EV5RTSG','01H1XHN5DWRDJXMMF3FK9857N9','now()','now()','100012'),
	 ('01H1XHMHVXY3ZH95V42EV5RTSG','01H1XHN5DWRDJXMMF3FK9857N8','now()','now()','100012'),
	 ('01H1XHMHVXY3ZH95V42EV5RTSG','01H1XHN5DWRDJXMMF3FK9857N1','now()','now()','100012'),
	 ('01H1XHMHVXY3ZH95V42EV5RTSG','01H1XHN5DWRDJXMMF3FK9857N3','now()','now()','100012'),
	 ('01H1XHMPCDB2E17V3147DMK6R3','01H1XHN5DWRDJXMMF3FK9857N2','now()','now()','100012') ON CONFLICT DO NOTHING;
INSERT INTO permission_role (permission_id,role_id,created_at,updated_at,resource_path) VALUES
	 ('01H1XHMPCDB2E17V3147DMK6R3','01H1XHN5DWRDJXMMF3FK9857N6','now()','now()','100012'),
	 ('01H1XHMPCDB2E17V3147DMK6R3','01H1XHN5DWRDJXMMF3FK9857N5','now()','now()','100012'),
	 ('01H1XHMPCDB2E17V3147DMK6R3','01H1XHN5DWRDJXMMF3FK9857N8','now()','now()','100012'),
	 ('01H1XHMPCDB2E17V3147DMK6R3','01H1XHNNXHTJJMAFT6BKH9YC9S','now()','now()','100012'),
	 ('01H1XHMPCDB2E17V3147DMK6R3','01H1XHN5DWRDJXMMF3FK9857N9','now()','now()','100012'),
	 ('01H1XHMPCDB2E17V3147DMK6R3','01H1XHN5DWRDJXMMF3FK9857N0','now()','now()','100012'),
	 ('01H1XHKJKVSSQ51139J1Z47C9N','01H1XHN5DWRDJXMMF3FK9857N1','now()','now()','100012'),
	 ('01H1XHKJKVSSQ51139J1Z47C9N','01H1XHN5DWRDJXMMF3FK9857N8','now()','now()','100012'),
	 ('01H1XHKJKVSSQ51139J1Z47C9N','01H1XHNHC22NZA36N08P0GD6XE','now()','now()','100012'),
	 ('01H1XHKJKVSSQ51139J1Z47C9N','01H1XHN5DWRDJXMMF3FK9857N9','now()','now()','100012') ON CONFLICT DO NOTHING;
INSERT INTO permission_role (permission_id,role_id,created_at,updated_at,resource_path) VALUES
	 ('01H1XHKJKVSSQ51139J1Z47C9N','01H1XHN5DWRDJXMMF3FK9857N3','now()','now()','100012'),
	 ('01H1XHKJKVSSQ51139J1Z47C9N','01H1XHN5DWRDJXMMF3FK9857N5','now()','now()','100012'),
	 ('01H1XHKJKVSSQ51139J1Z47C9N','01H1XHN5DWRDJXMMF3FK9857N6','now()','now()','100012'),
	 ('01H1XHKJKVSSQ51139J1Z47C9N','01H1XHNNXHTJJMAFT6BKH9YC9S','now()','now()','100012'),
	 ('01H1XHKJKVSSQ51139J1Z47C9N','01H1XHN5DWRDJXMMF3FK9857N4','now()','now()','100012'),
	 ('01H1XHKJKVSSQ51139J1Z47C9N','01H1XHN5DWRDJXMMF3FK9857N2','now()','now()','100012'),
	 ('01H1XHKJKVSSQ51139J1Z47C9N','01H1XHN5DWRDJXMMF3FK9857N0','now()','now()','100012'),
	 ('01H1XHKJKVSSQ51139J1Z47C9N','01H1XHN5DWRDJXMMF3FK9857N7','now()','now()','100012'),
	 ('01H1XHKPZHDF0HR82MX0S67KHM','01H1XHN5DWRDJXMMF3FK9857N2','now()','now()','100012'),
	 ('01H1XHKPZHDF0HR82MX0S67KHM','01H1XHN5DWRDJXMMF3FK9857N5','now()','now()','100012') ON CONFLICT DO NOTHING;
INSERT INTO permission_role (permission_id,role_id,created_at,updated_at,resource_path) VALUES
	 ('01H1XHKPZHDF0HR82MX0S67KHM','01H1XHN5DWRDJXMMF3FK9857N6','now()','now()','100012'),
	 ('01H1XHKPZHDF0HR82MX0S67KHM','01H1XHN5DWRDJXMMF3FK9857N8','now()','now()','100012'),
	 ('01H1XHKPZHDF0HR82MX0S67KHM','01H1XHNNXHTJJMAFT6BKH9YC9S','now()','now()','100012'),
	 ('01H1XHKPZHDF0HR82MX0S67KHM','01H1XHN5DWRDJXMMF3FK9857N3','now()','now()','100012'),
	 ('01H1XHKPZHDF0HR82MX0S67KHM','01H1XHN5DWRDJXMMF3FK9857N9','now()','now()','100012'),
	 ('01H1XHKPZHDF0HR82MX0S67KHM','01H1XHN5DWRDJXMMF3FK9857N0','now()','now()','100012'),
	 ('01H1XHHC67C2RJ52BBD3M6N4AA','01H1XHN5DWRDJXMMF3FK9857N3','now()','now()','100012'),
	 ('01H1XHHC67C2RJ52BBD3M6N4AA','01H1XHN5DWRDJXMMF3FK9857N4','now()','now()','100012'),
	 ('01H1XHHC67C2RJ52BBD3M6N4AA','01H1XHN5DWRDJXMMF3FK9857N2','now()','now()','100012'),
	 ('01H1XHHC67C2RJ52BBD3M6N4AA','01H1XHNNXHTJJMAFT6BKH9YC9S','now()','now()','100012') ON CONFLICT DO NOTHING;
INSERT INTO permission_role (permission_id,role_id,created_at,updated_at,resource_path) VALUES
	 ('01H1XHHC67C2RJ52BBD3M6N4AA','01H1XHN5DWRDJXMMF3FK9857N7','now()','now()','100012'),
	 ('01H1XHHC67C2RJ52BBD3M6N4AA','01H1XHN5DWRDJXMMF3FK9857N6','now()','now()','100012'),
	 ('01H1XHHC67C2RJ52BBD3M6N4AA','01H1XHN5DWRDJXMMF3FK9857N1','now()','now()','100012'),
	 ('01H1XHHC67C2RJ52BBD3M6N4AA','01H1XHN5DWRDJXMMF3FK9857N9','now()','now()','100012'),
	 ('01H1XHHC67C2RJ52BBD3M6N4AA','01H1XHN5DWRDJXMMF3FK9857N5','now()','now()','100012'),
	 ('01H1XHHC67C2RJ52BBD3M6N4AA','01H1XHN5DWRDJXMMF3FK9857N8','now()','now()','100012'),
	 ('01H1XHHGW87FSA0EA0R5D9J555','01H1XHN5DWRDJXMMF3FK9857N4','now()','now()','100012'),
	 ('01H1XHHGW87FSA0EA0R5D9J555','01H1XHN5DWRDJXMMF3FK9857N8','now()','now()','100012'),
	 ('01H1XHHGW87FSA0EA0R5D9J555','01H1XHN5DWRDJXMMF3FK9857N5','now()','now()','100012'),
	 ('01H1XHHGW87FSA0EA0R5D9J555','01H1XHN5DWRDJXMMF3FK9857N2','now()','now()','100012') ON CONFLICT DO NOTHING;
INSERT INTO permission_role (permission_id,role_id,created_at,updated_at,resource_path) VALUES
	 ('01H1XHHGW87FSA0EA0R5D9J555','01H1XHN5DWRDJXMMF3FK9857N9','now()','now()','100012'),
	 ('01H1XHHGW87FSA0EA0R5D9J555','01H1XHNNXHTJJMAFT6BKH9YC9S','now()','now()','100012'),
	 ('01H1XHHGW87FSA0EA0R5D9J555','01H1XHN5DWRDJXMMF3FK9857N6','now()','now()','100012'),
	 ('01H1XHJY9PWS9ZFA1TB59XP4A5','01H1XHN5DWRDJXMMF3FK9857N5','now()','now()','100012'),
	 ('01H1XHJY9PWS9ZFA1TB59XP4A5','01H1XHN5DWRDJXMMF3FK9857N8','now()','now()','100012'),
	 ('01H1XHJY9PWS9ZFA1TB59XP4A5','01H1XHN5DWRDJXMMF3FK9857N3','now()','now()','100012'),
	 ('01H1XHJY9PWS9ZFA1TB59XP4A5','01H1XHN5DWRDJXMMF3FK9857N2','now()','now()','100012'),
	 ('01H1XHJY9PWS9ZFA1TB59XP4A5','01H1XHN5DWRDJXMMF3FK9857N9','now()','now()','100012'),
	 ('01H1XHJY9PWS9ZFA1TB59XP4A5','01H1XHN5DWRDJXMMF3FK9857N4','now()','now()','100012'),
	 ('01H1XHJY9PWS9ZFA1TB59XP4A5','01H1XHN5DWRDJXMMF3FK9857N6','now()','now()','100012') ON CONFLICT DO NOTHING;
INSERT INTO permission_role (permission_id,role_id,created_at,updated_at,resource_path) VALUES
	 ('01H1XHJY9PWS9ZFA1TB59XP4A5','01H1XHN5DWRDJXMMF3FK9857N1','now()','now()','100012'),
	 ('01H1XHJY9PWS9ZFA1TB59XP4A5','01H1XHNNXHTJJMAFT6BKH9YC9S','now()','now()','100012'),
	 ('01H1XHK4THJ59ZD6FSN71G4M9Q','01H1XHNNXHTJJMAFT6BKH9YC9S','now()','now()','100012'),
	 ('01H1XHK4THJ59ZD6FSN71G4M9Q','01H1XHN5DWRDJXMMF3FK9857N2','now()','now()','100012'),
	 ('01H1XHK4THJ59ZD6FSN71G4M9Q','01H1XHN5DWRDJXMMF3FK9857N5','now()','now()','100012'),
	 ('01H1XHM61QHVTXTXAZ3NAT0TPK','01H1XHN5DWRDJXMMF3FK9857N8','now()','now()','100012'),
	 ('01H1XHM61QHVTXTXAZ3NAT0TPK','01H1XHN5DWRDJXMMF3FK9857N3','now()','now()','100012'),
	 ('01H1XHM61QHVTXTXAZ3NAT0TPK','01H1XHN5DWRDJXMMF3FK9857N4','now()','now()','100012'),
	 ('01H1XHM61QHVTXTXAZ3NAT0TPK','01H1XHN5DWRDJXMMF3FK9857N7','now()','now()','100012'),
	 ('01H1XHM61QHVTXTXAZ3NAT0TPK','01H1XHNNXHTJJMAFT6BKH9YC9S','now()','now()','100012') ON CONFLICT DO NOTHING;
INSERT INTO permission_role (permission_id,role_id,created_at,updated_at,resource_path) VALUES
	 ('01H1XHM61QHVTXTXAZ3NAT0TPK','01H1XHN5DWRDJXMMF3FK9857N6','now()','now()','100012'),
	 ('01H1XHM61QHVTXTXAZ3NAT0TPK','01H1XHN5DWRDJXMMF3FK9857N9','now()','now()','100012'),
	 ('01H1XHM61QHVTXTXAZ3NAT0TPK','01H1XHN5DWRDJXMMF3FK9857N1','now()','now()','100012'),
	 ('01H1XHM61QHVTXTXAZ3NAT0TPK','01H1XHN5DWRDJXMMF3FK9857N5','now()','now()','100012'),
	 ('01H1XHM61QHVTXTXAZ3NAT0TPK','01H1XHN5DWRDJXMMF3FK9857N0','now()','now()','100012'),
	 ('01H1XHM61QHVTXTXAZ3NAT0TPK','01H1XHN5DWRDJXMMF3FK9857N2','now()','now()','100012'),
	 ('01H1XHMAN10EJZBKNXSEASYT6Z','01H1XHN5DWRDJXMMF3FK9857N5','now()','now()','100012'),
	 ('01H1XHMAN10EJZBKNXSEASYT6Z','01H1XHNNXHTJJMAFT6BKH9YC9S','now()','now()','100012'),
	 ('01H1XHMAN10EJZBKNXSEASYT6Z','01H1XHN5DWRDJXMMF3FK9857N2','now()','now()','100012'),
	 ('01H1XHM0R29MFAB7K810CBQ422','01H1XHNNXHTJJMAFT6BKH9YC9S','now()','now()','100012') ON CONFLICT DO NOTHING;
INSERT INTO permission_role (permission_id,role_id,created_at,updated_at,resource_path) VALUES
	 ('01H1XHM0R29MFAB7K810CBQ422','01H1XHN5DWRDJXMMF3FK9857N5','now()','now()','100012'),
	 ('01H1XHM0R29MFAB7K810CBQ422','01H1XHN5DWRDJXMMF3FK9857N2','now()','now()','100012'),
	 ('01H1XHM0R29MFAB7K810CBQ422','01H1XHN5DWRDJXMMF3FK9857N0','now()','now()','100012'),
	 ('01H1XHKVPB9Y3C89HYVYJZPNGA','01H1XHN5DWRDJXMMF3FK9857N3','now()','now()','100012'),
	 ('01H1XHKVPB9Y3C89HYVYJZPNGA','01H1XHN5DWRDJXMMF3FK9857N5','now()','now()','100012'),
	 ('01H1XHKVPB9Y3C89HYVYJZPNGA','01H1XHN5DWRDJXMMF3FK9857N6','now()','now()','100012'),
	 ('01H1XHKVPB9Y3C89HYVYJZPNGA','01H1XHN5DWRDJXMMF3FK9857N7','now()','now()','100012'),
	 ('01H1XHKVPB9Y3C89HYVYJZPNGA','01H1XHN5DWRDJXMMF3FK9857N8','now()','now()','100012'),
	 ('01H1XHKVPB9Y3C89HYVYJZPNGA','01H1XHN5DWRDJXMMF3FK9857N9','now()','now()','100012'),
	 ('01H1XHKVPB9Y3C89HYVYJZPNGA','01H1XHN5DWRDJXMMF3FK9857N0','now()','now()','100012') ON CONFLICT DO NOTHING;
INSERT INTO permission_role (permission_id,role_id,created_at,updated_at,resource_path) VALUES
	 ('01H1XHKVPB9Y3C89HYVYJZPNGA','01H1XHN5DWRDJXMMF3FK9857N2','now()','now()','100012'),
	 ('01H1XHKVPB9Y3C89HYVYJZPNGA','01H1XHNNXHTJJMAFT6BKH9YC9S','now()','now()','100012'),
	 ('01H1XHKVPB9Y3C89HYVYJZPNGA','01H1XHN5DWRDJXMMF3FK9857N4','now()','now()','100012'),
	 ('01H1XHK8XASF1FF6CZY0BAQ72V','01H1XHN5DWRDJXMMF3FK9857N5','now()','now()','100012'),
	 ('01H1XHK8XASF1FF6CZY0BAQ72V','01H1XHN5DWRDJXMMF3FK9857N9','now()','now()','100012'),
	 ('01H1XHK8XASF1FF6CZY0BAQ72V','01H1XHN5DWRDJXMMF3FK9857N8','now()','now()','100012'),
	 ('01H1XHK8XASF1FF6CZY0BAQ72V','01H1XHN5DWRDJXMMF3FK9857N2','now()','now()','100012'),
	 ('01H1XHMTG6V45KBFC4H3HCT7MX','01H1XHN5DWRDJXMMF3FK9857N6','now()','now()','100012'),
	 ('01H1XHMTG6V45KBFC4H3HCT7MX','01H1XHN5DWRDJXMMF3FK9857N7','now()','now()','100012'),
	 ('01H1XHMTG6V45KBFC4H3HCT7MX','01H1XHN5DWRDJXMMF3FK9857N3','now()','now()','100012') ON CONFLICT DO NOTHING;
INSERT INTO permission_role (permission_id,role_id,created_at,updated_at,resource_path) VALUES
	 ('01H1XHMTG6V45KBFC4H3HCT7MX','01H1XHN5DWRDJXMMF3FK9857N8','now()','now()','100012'),
	 ('01H1XHMTG6V45KBFC4H3HCT7MX','01H1XHN5DWRDJXMMF3FK9857N9','now()','now()','100012'),
	 ('01H1XHMTG6V45KBFC4H3HCT7MX','01H1XHN5DWRDJXMMF3FK9857N2','now()','now()','100012'),
	 ('01H1XHMTG6V45KBFC4H3HCT7MX','01H1XHN5DWRDJXMMF3FK9857N1','now()','now()','100012'),
	 ('01H1XHMTG6V45KBFC4H3HCT7MX','01H1XHN5DWRDJXMMF3FK9857N4','now()','now()','100012'),
	 ('01H1XHMTG6V45KBFC4H3HCT7MX','01H1XHN5DWRDJXMMF3FK9857N5','now()','now()','100012'),
	 ('01H1XHMZKXA56B5RMCHXKTP4ZF','01H1XHN5DWRDJXMMF3FK9857N7','now()','now()','100012'),
	 ('01H1XHMZKXA56B5RMCHXKTP4ZF','01H1XHN5DWRDJXMMF3FK9857N9','now()','now()','100012'),
	 ('01H1XHMZKXA56B5RMCHXKTP4ZF','01H1XHN5DWRDJXMMF3FK9857N2','now()','now()','100012'),
	 ('01H1XHMZKXA56B5RMCHXKTP4ZF','01H1XHN5DWRDJXMMF3FK9857N8','now()','now()','100012') ON CONFLICT DO NOTHING;
INSERT INTO permission_role (permission_id,role_id,created_at,updated_at,resource_path) VALUES
	 ('01H1XHMZKXA56B5RMCHXKTP4ZF','01H1XHN5DWRDJXMMF3FK9857N3','now()','now()','100012'),
	 ('01H1XHMZKXA56B5RMCHXKTP4ZF','01H1XHN5DWRDJXMMF3FK9857N6','now()','now()','100012'),
	 ('01H1XHMZKXA56B5RMCHXKTP4ZF','01H1XHN5DWRDJXMMF3FK9857N5','now()','now()','100012'),
	 ('01H1XHMZKXA56B5RMCHXKTP4ZF','01H1XHN5DWRDJXMMF3FK9857N4','now()','now()','100012'),
	 ('01H1XHMZKXA56B5RMCHXKTP4ZF','01H1XHN5DWRDJXMMF3FK9857N1','now()','now()','100012'),
	 ('01H1XHFV6HRT3374NCYZCB1VQ4','01H1XHNZ01BZHN07FXZXEYW1FM','now()','now()','100012'),
	 ('01H1XHFV6HRT3374NCYZCB1VQ4','01H1XHN5DWRDJXMMF3FK9857N5','now()','now()','100012'),
	 ('01H1XHFV6HRT3374NCYZCB1VQ4','01H1XHN5DWRDJXMMF3FK9857N9','now()','now()','100012'),
	 ('01H1XHFV6HRT3374NCYZCB1VQ4','01H1XHN5DWRDJXMMF3FK9857N8','now()','now()','100012'),
	 ('01H1XHFV6HRT3374NCYZCB1VQ4','01H1XHN5DWRDJXMMF3FK9857N2','now()','now()','100012') ON CONFLICT DO NOTHING;
INSERT INTO permission_role (permission_id,role_id,created_at,updated_at,resource_path) VALUES
	 ('01H1XHGCF6JYB24P22KJEKZ6DC','01H1XHN5DWRDJXMMF3FK9857N8','now()','now()','100012'),
	 ('01H1XHGCF6JYB24P22KJEKZ6DC','01H1XHN5DWRDJXMMF3FK9857N5','now()','now()','100012'),
	 ('01H1XHGCF6JYB24P22KJEKZ6DC','01H1XHN5DWRDJXMMF3FK9857N2','now()','now()','100012'),
	 ('01H1XHGCF6JYB24P22KJEKZ6DC','01H1XHN5DWRDJXMMF3FK9857N9','now()','now()','100012'),
	 ('01H1XHGCF6JYB24P22KJEKZ6DC','01H1XHN5DWRDJXMMF3FK9857N6','now()','now()','100012'),
	 ('01H1XHGHVTDHJ697261W117BSR','01H1XHN5DWRDJXMMF3FK9857N9','now()','now()','100012'),
	 ('01H1XHGHVTDHJ697261W117BSR','01H1XHN5DWRDJXMMF3FK9857N2','now()','now()','100012'),
	 ('01H1XHGHVTDHJ697261W117BSR','01H1XHN5DWRDJXMMF3FK9857N5','now()','now()','100012'),
	 ('01H1XHGHVTDHJ697261W117BSR','01H1XHN5DWRDJXMMF3FK9857N8','now()','now()','100012'),
	 ('01H1XHEJ068J2303GJJQ8ZXH20','01H1XHN5DWRDJXMMF3FK9857N9','now()','now()','100012') ON CONFLICT DO NOTHING;
INSERT INTO permission_role (permission_id,role_id,created_at,updated_at,resource_path) VALUES
	 ('01H1XHEJ068J2303GJJQ8ZXH20','01H1XHN5DWRDJXMMF3FK9857N2','now()','now()','100012'),
	 ('01H1XHEJ068J2303GJJQ8ZXH20','01H1XHN5DWRDJXMMF3FK9857N6','now()','now()','100012'),
	 ('01H1XHEJ068J2303GJJQ8ZXH20','01H1XHN5DWRDJXMMF3FK9857N8','now()','now()','100012'),
	 ('01H1XHEJ068J2303GJJQ8ZXH20','01H1XHN5DWRDJXMMF3FK9857N5','now()','now()','100012'),
	 ('01H1XHEQD6KMAN9W4MH1WJ16RT','01H1XHN5DWRDJXMMF3FK9857N5','now()','now()','100012'),
	 ('01H1XHEQD6KMAN9W4MH1WJ16RT','01H1XHN5DWRDJXMMF3FK9857N9','now()','now()','100012'),
	 ('01H1XHEQD6KMAN9W4MH1WJ16RT','01H1XHN5DWRDJXMMF3FK9857N8','now()','now()','100012'),
	 ('01H1XHEQD6KMAN9W4MH1WJ16RT','01H1XHN5DWRDJXMMF3FK9857N2','now()','now()','100012'),
	 ('01H1XHE9SY0Y3HFJ1QD5T95YGK','01H1XHN5DWRDJXMMF3FK9857N2','now()','now()','100012'),
	 ('01H1XHE9SY0Y3HFJ1QD5T95YGK','01H1XHN5DWRDJXMMF3FK9857N5','now()','now()','100012') ON CONFLICT DO NOTHING;
INSERT INTO permission_role (permission_id,role_id,created_at,updated_at,resource_path) VALUES
	 ('01H1XHE9SY0Y3HFJ1QD5T95YGK','01H1XHN5DWRDJXMMF3FK9857N6','now()','now()','100012'),
	 ('01H1XHE9SY0Y3HFJ1QD5T95YGK','01H1XHN5DWRDJXMMF3FK9857N9','now()','now()','100012'),
	 ('01H1XHE9SY0Y3HFJ1QD5T95YGK','01H1XHN5DWRDJXMMF3FK9857N8','now()','now()','100012'),
	 ('01H1XHEE04HW2TY5CTVE839JF4','01H1XHN5DWRDJXMMF3FK9857N5','now()','now()','100012'),
	 ('01H1XHEE04HW2TY5CTVE839JF4','01H1XHN5DWRDJXMMF3FK9857N2','now()','now()','100012'),
	 ('01H1XHEE04HW2TY5CTVE839JF4','01H1XHN5DWRDJXMMF3FK9857N8','now()','now()','100012'),
	 ('01H1XHEE04HW2TY5CTVE839JF4','01H1XHN5DWRDJXMMF3FK9857N9','now()','now()','100012'),
	 ('01H1XHFA0B4M1YGQ9JC0JWCDWJ','01H1XHN5DWRDJXMMF3FK9857N8','now()','now()','100012'),
	 ('01H1XHFA0B4M1YGQ9JC0JWCDWJ','01H1XHN5DWRDJXMMF3FK9857N9','now()','now()','100012'),
	 ('01H1XHFA0B4M1YGQ9JC0JWCDWJ','01H1XHN5DWRDJXMMF3FK9857N5','now()','now()','100012') ON CONFLICT DO NOTHING;
INSERT INTO permission_role (permission_id,role_id,created_at,updated_at,resource_path) VALUES
	 ('01H1XHFA0B4M1YGQ9JC0JWCDWJ','01H1XHN5DWRDJXMMF3FK9857N2','now()','now()','100012'),
	 ('01H1XHFESD6Y3B9TPT61JJ3RDC','01H1XHN5DWRDJXMMF3FK9857N5','now()','now()','100012'),
	 ('01H1XHFESD6Y3B9TPT61JJ3RDC','01H1XHN5DWRDJXMMF3FK9857N2','now()','now()','100012'),
	 ('01H1XHG81W6H6DENV9DG3H2GY6','01H1XHN5DWRDJXMMF3FK9857N5','now()','now()','100012'),
	 ('01H1XHG81W6H6DENV9DG3H2GY6','01H1XHN5DWRDJXMMF3FK9857N2','now()','now()','100012'),
	 ('01H1XHKDCC1GT3RJVSB5C9HEH8','01H1XHNNXHTJJMAFT6BKH9YC9S','now()','now()','100012'),
	 ('01H1XGZE06RNZFVME6WXXJ1MEG','01H1XHN5DWRDJXMMF3FK9857N6','now()','now()','100012'),
	 ('01H1XGZE06RNZFVME6WXXJ1MEG','01H1XHN5DWRDJXMMF3FK9857N5','now()','now()','100012'),
	 ('01H1XGZE06RNZFVME6WXXJ1MEG','01H1XHN5DWRDJXMMF3FK9857N1','now()','now()','100012'),
	 ('01H1XGZE06RNZFVME6WXXJ1MEG','01H1XHN5DWRDJXMMF3FK9857N0','now()','now()','100012') ON CONFLICT DO NOTHING;
INSERT INTO permission_role (permission_id,role_id,created_at,updated_at,resource_path) VALUES
	 ('01H1XGZE06RNZFVME6WXXJ1MEG','01H1XHN5DWRDJXMMF3FK9857N4','now()','now()','100012'),
	 ('01H1XGZE06RNZFVME6WXXJ1MEG','01H1XHN5DWRDJXMMF3FK9857N3','now()','now()','100012'),
	 ('01H1XGZE06RNZFVME6WXXJ1MEG','01H1XHNNXHTJJMAFT6BKH9YC9S','now()','now()','100012'),
	 ('01H1XGZE06RNZFVME6WXXJ1MEG','01H1XHN5DWRDJXMMF3FK9857N2','now()','now()','100012'),
	 ('01H1XGZE06RNZFVME6WXXJ1MEG','01H1XHNHC22NZA36N08P0GD6XE','now()','now()','100012'),
	 ('01H1XGZE06RNZFVME6WXXJ1MEG','01H1XHN5DWRDJXMMF3FK9857N9','now()','now()','100012'),
	 ('01H1XGZE06RNZFVME6WXXJ1MEG','01H1XHN5DWRDJXMMF3FK9857N8','now()','now()','100012'),
	 ('01H1XGZE06RNZFVME6WXXJ1MEG','01H1XHN5DWRDJXMMF3FK9857N7','now()','now()','100012'),
	 ('01H1XHDS0NF7WC8D8YTTQHV3QD','01H1XHN5DWRDJXMMF3FK9857N2','now()','now()','100012'),
	 ('01H1XHDS0NF7WC8D8YTTQHV3QD','01H1XHN5DWRDJXMMF3FK9857N5','now()','now()','100012') ON CONFLICT DO NOTHING;
INSERT INTO permission_role (permission_id,role_id,created_at,updated_at,resource_path) VALUES
	 ('01H1XHE3KYD19TW4CH6N93GYMF','01H1XHN5DWRDJXMMF3FK9857N2','now()','now()','100012') ON CONFLICT DO NOTHING;

--- User Group ---
INSERT INTO user_group (user_group_id,user_group_name,is_system,created_at,updated_at,resource_path) VALUES
	 ('01H1XHPCC5C0PFG25C7KXRMNQ0','OpenAPI',true,'now()','now()','100012'),
	 ('01H1XHPCC5C0PFG25C7KXRMNQ1','Teacher',true,'now()','now()','100012'),
	 ('01H1XHPCC5C0PFG25C7KXRMNQ2','School Admin',true,'now()','now()','100012'),
	 ('01H1XHPCC5C0PFG25C7KXRMNQ3','Student',true,'now()','now()','100012'),
	 ('01H1XHPCC5C0PFG25C7KXRMNQ4','Parent',true,'now()','now()','100012'),
	 ('01H1XHPCC5C0PFG25C7KXRMNQ5','HQ Staff',true,'now()','now()','100012'),
	 ('01H1XHPCC5C0PFG25C7KXRMNQ6','Centre Lead',true,'now()','now()','100012'),
	 ('01H1XHPCC5C0PFG25C7KXRMNQ7','Teacher Lead',true,'now()','now()','100012'),
	 ('01H1XHPCC5C0PFG25C7KXRMNQ8','Centre Manager',true,'now()','now()','100012'),
	 ('01H1XHPCC5C0PFG25C7KXRMNQ9','Centre Staff',true,'now()','now()','100012') ON CONFLICT DO NOTHING;
INSERT INTO user_group (user_group_id,user_group_name,is_system,created_at,updated_at,resource_path) VALUES
	 ('01H1XHPQZ2JZVQAM5NFWQ1NHTB','NotificationScheduleJob',true,'now()','now()','100012'),
	 ('01H1XHPWV0J32W3CKRYYFV2528','UserGroup UsermgmtScheduleJob',true,'now()','now()','100012'),
	 ('01H1XHQ0ZGKJEPXRVVTD9CMQD3','VirtualClassroomScheduleJob',true,'now()','now()','100012'),
	 ('01H1XHQ5GM56AGF9NY3GRK1WAE','PaymentScheduleJob',true,'now()','now()','100012') ON CONFLICT DO NOTHING;

--- Granted Role ---
INSERT INTO granted_role (granted_role_id,user_group_id,role_id,created_at,updated_at,resource_path) VALUES
	 ('01H1XHQD1YQ8TGXT5SMP6G0EA0','01H1XHPCC5C0PFG25C7KXRMNQ0','01H1XHN5DWRDJXMMF3FK9857N0','now()','now()','100012'),
	 ('01H1XHQD1YQ8TGXT5SMP6G0EA1','01H1XHPCC5C0PFG25C7KXRMNQ1','01H1XHN5DWRDJXMMF3FK9857N1','now()','now()','100012'),
	 ('01H1XHQD1YQ8TGXT5SMP6G0EA2','01H1XHPCC5C0PFG25C7KXRMNQ2','01H1XHN5DWRDJXMMF3FK9857N2','now()','now()','100012'),
	 ('01H1XHQD1YQ8TGXT5SMP6G0EA3','01H1XHPCC5C0PFG25C7KXRMNQ3','01H1XHN5DWRDJXMMF3FK9857N3','now()','now()','100012'),
	 ('01H1XHQD1YQ8TGXT5SMP6G0EA4','01H1XHPCC5C0PFG25C7KXRMNQ4','01H1XHN5DWRDJXMMF3FK9857N4','now()','now()','100012'),
	 ('01H1XHQD1YQ8TGXT5SMP6G0EA5','01H1XHPCC5C0PFG25C7KXRMNQ5','01H1XHN5DWRDJXMMF3FK9857N5','now()','now()','100012'),
	 ('01H1XHQD1YQ8TGXT5SMP6G0EA6','01H1XHPCC5C0PFG25C7KXRMNQ6','01H1XHN5DWRDJXMMF3FK9857N6','now()','now()','100012'),
	 ('01H1XHQD1YQ8TGXT5SMP6G0EA7','01H1XHPCC5C0PFG25C7KXRMNQ7','01H1XHN5DWRDJXMMF3FK9857N7','now()','now()','100012'),
	 ('01H1XHQD1YQ8TGXT5SMP6G0EA8','01H1XHPCC5C0PFG25C7KXRMNQ8','01H1XHN5DWRDJXMMF3FK9857N8','now()','now()','100012'),
	 ('01H1XHQD1YQ8TGXT5SMP6G0EA9','01H1XHPCC5C0PFG25C7KXRMNQ9','01H1XHN5DWRDJXMMF3FK9857N9','now()','now()','100012') ON CONFLICT DO NOTHING;
INSERT INTO granted_role (granted_role_id,user_group_id,role_id,created_at,updated_at,resource_path) VALUES
	 ('01H1XHQN8YE035WGXVCZGANBSS','01H1XHPQZ2JZVQAM5NFWQ1NHTB','01H1XHNHC22NZA36N08P0GD6XE','now()','now()','100012'),
	 ('01H1XHQSSKXFQW020R3BAQNF0X','01H1XHPWV0J32W3CKRYYFV2528','01H1XHNNXHTJJMAFT6BKH9YC9S','now()','now()','100012'),
	 ('01H1XHQYHQCA7ZR7VF3SG16J4B','01H1XHQ0ZGKJEPXRVVTD9CMQD3','01H1XHNTJT7S18G913EPAHEWWT','now()','now()','100012'),
	 ('01H1XHR2ZVP71N8TJ0J9Z9C1E9','01H1XHQ5GM56AGF9NY3GRK1WAE','01H1XHNZ01BZHN07FXZXEYW1FM','now()','now()','100012') ON CONFLICT DO NOTHING;

--- Granted Role Access Path
INSERT INTO granted_role_access_path (granted_role_id,location_id,created_at,updated_at,resource_path) VALUES
	 ('01H1XHQD1YQ8TGXT5SMP6G0EA0','01H1XGH5WK9Z11DM21V75JYBSE','now()','now()','100012'),
	 ('01H1XHQD1YQ8TGXT5SMP6G0EA1','01H1XGH5WK9Z11DM21V75JYBSE','now()','now()','100012'),
	 ('01H1XHQD1YQ8TGXT5SMP6G0EA2','01H1XGH5WK9Z11DM21V75JYBSE','now()','now()','100012'),
	 ('01H1XHQD1YQ8TGXT5SMP6G0EA3','01H1XGH5WK9Z11DM21V75JYBSE','now()','now()','100012'),
	 ('01H1XHQD1YQ8TGXT5SMP6G0EA4','01H1XGH5WK9Z11DM21V75JYBSE','now()','now()','100012'),
	 ('01H1XHQD1YQ8TGXT5SMP6G0EA5','01H1XGH5WK9Z11DM21V75JYBSE','now()','now()','100012'),
	 ('01H1XHQD1YQ8TGXT5SMP6G0EA6','01H1XGH5WK9Z11DM21V75JYBSE','now()','now()','100012'),
	 ('01H1XHQD1YQ8TGXT5SMP6G0EA7','01H1XGH5WK9Z11DM21V75JYBSE','now()','now()','100012'),
	 ('01H1XHQD1YQ8TGXT5SMP6G0EA8','01H1XGH5WK9Z11DM21V75JYBSE','now()','now()','100012'),
	 ('01H1XHQD1YQ8TGXT5SMP6G0EA9','01H1XGH5WK9Z11DM21V75JYBSE','now()','now()','100012') ON CONFLICT DO NOTHING;
INSERT INTO granted_role_access_path (granted_role_id,location_id,created_at,updated_at,resource_path) VALUES
	 ('01H1XHQN8YE035WGXVCZGANBSS','01H1XGH5WK9Z11DM21V75JYBSE','now()','now()','100012'),
	 ('01H1XHQSSKXFQW020R3BAQNF0X','01H1XGH5WK9Z11DM21V75JYBSE','now()','now()','100012'),
	 ('01H1XHQYHQCA7ZR7VF3SG16J4B','01H1XGH5WK9Z11DM21V75JYBSE','now()','now()','100012'),
	 ('01H1XHR2ZVP71N8TJ0J9Z9C1E9','01H1XGH5WK9Z11DM21V75JYBSE','now()','now()','100012') ON CONFLICT DO NOTHING;


--- Create usermgmt job account
INSERT INTO public.users
(user_id, country, name, avatar, phone_number, email, device_token, allow_notification, user_group, updated_at, created_at, is_tester, facebook_id, platform, phone_verified, email_verified, deleted_at, given_name, resource_path, is_system)
VALUES('01H1XJNM54T2ATPZYR3YQY75KM', 'COUNTRY_JP', 'Usermgmt Schedule Job', '', NULL, 'schedule_job+usermgmt@manabie.com', NULL, NULL, 'USER_GROUP_SCHOOL_ADMIN', now(), now(), NULL, NULL, NULL, NULL, NULL, NULL, NULL, '100012', true)
    ON CONFLICT DO NOTHING;

INSERT INTO user_group_member(
    user_id,
    user_group_id,
    created_at,
    updated_at,
    resource_path
) VALUES
    ('01H1XJNM54T2ATPZYR3YQY75KM', '01H1XHPWV0J32W3CKRYYFV2528', now(), now(), '100012') ON CONFLICT DO NOTHING;

INSERT INTO staff
(staff_id, created_at, updated_at, deleted_at, resource_path, auto_create_timesheet, working_status, start_date, end_date)
VALUES ('01H1XJNM54T2ATPZYR3YQY75KM', now(), now(), NULL, '100012', DEFAULT, DEFAULT, NULL, NULL) ON CONFLICT DO NOTHING;