------ Synersia Internal ------
INSERT INTO public.location_types (location_type_id, name, "display_name", resource_path, updated_at, created_at)
VALUES ('01H4JC53MQ00WXEHV200VS2JKZ','org','Synersia Internal', '2147483646', now(), now()) ON CONFLICT DO NOTHING;


INSERT INTO public.locations (location_id, name, location_type, partner_internal_id, partner_internal_parent_id, parent_location_id, resource_path, updated_at, created_at,access_path)
VALUES ('01H4JC53MQ00WXEHV200VS2JKZ', 'Synersia Internal', '01H4JC53MQ00WXEHV200VS2JKZ',NULL, NULL, NULL, '2147483646', now(), now(), '01H4JC53MQ00WXEHV200VS2JKZ') ON CONFLICT DO NOTHING;


INSERT INTO organizations (organization_id, tenant_id, name, resource_path, domain_name, logo_url, country, created_at, updated_at, deleted_at)
VALUES ('2147483646', 'synersia-internal-d0m8j', 'Synersia Internal', '2147483646', 'synersia-internal', 'https://storage.googleapis.com/prod-tokyo-backend/user-upload/multi-tenant-logo/synersia-logo.png', 'COUNTRY_JP', now(), now(), null) ON CONFLICT DO NOTHING;


INSERT INTO public.organization_auths (organization_id, auth_project_id, auth_tenant_id)
VALUES (2147483646, 'student-coach-e1e95', 'synersia-internal-d0m8j') ON CONFLICT DO NOTHING;


INSERT INTO schools (school_id, name, country, city_id, district_id, point, is_system_school, created_at, updated_at, is_merge, phone_number, deleted_at, resource_path)
VALUES (2147483646, 'Synersia Internal', 'COUNTRY_JP', 1,  1, null,  false, now(), now(), false, null,  null, '2147483646') ON CONFLICT DO NOTHING;


INSERT INTO "permission" (permission_id,permission_name,created_at,updated_at,resource_path) VALUES
('01H4JC53MY02PNH6WE01K3CQ1R','entryexit.student_entryexit_records.read','now()','now()','2147483646'),
('01H4JC53MX03QKRSK8027FTE3T','entryexit.student_qr.write','now()','now()','2147483646'),
('01H4JC53MY03JV7NHT0154WSAV','entryexit.student_qr.read','now()','now()','2147483646'),
('01H4JC53MY0254RFWJ00EXEZ59','payment.student_product.read','now()','now()','2147483646'),
('01H4JC53MY02MNXJAT02KY3WEA','payment.student_product.write','now()','now()','2147483646'),
('01H4JC53MY00HACH1602JC3EBM','payment.bill_item.read','now()','now()','2147483646'),
('01H4JC53MX012P43ZT00CGP1MK','master.location.read','now()','now()','2147483646'),
('01H4JC53MY0003J53T016P466B','payment.order.read','now()','now()','2147483646'),
('01H4JC53MY005VYFYT031XM5KN','communication.notification.read','now()','now()','2147483646'),
('01H4JC53MX015V9QD001B8PNHJ','lesson.lesson.write','now()','now()','2147483646'),
('01H4JC53MY0058XN0303HZJ7VK','lesson.lesson.read','now()','now()','2147483646'),
('01H4JC53MX01F44XEW00V11KQR','lesson.lessonmember.write','now()','now()','2147483646'),
('01H4JC53MY03TJF69D01D7E30M','lesson.reallocation.read','now()','now()','2147483646'),
('01H4JC53MY0392DT8C03R7VQQ9','lesson.reallocation.write','now()','now()','2147483646'),
('01H4JC53MY00GC7N7G02PQX036','timesheet.timesheet.read','now()','now()','2147483646'),
('01H4JC53MY006EQ6QE00B7X3CM','timesheet.timesheet.write','now()','now()','2147483646'),
('01H4JC53MY0118QR4Z000NERGG','user.user.write','now()','now()','2147483646'),
('01H4JC53MY03RCGG3X0272TKNW','user.student.write','now()','now()','2147483646'),
('01H4JC53MY00R87K6H0366344D','user.usergroup.read','now()','now()','2147483646'),
('01H4JC53MW01WZXAS30323TV4M','payment.order.write','now()','now()','2147483646'),
('01H4JC53MY02JYV158027GTF5Z','payment.student_payment_detail.write','now()','now()','2147483646'),
('01H4JC53MY03JR1VC803X78SQS','payment.billing_address.read','now()','now()','2147483646'),
('01H4JC53MY00Y9A5CR0062J2QA','payment.billing_address.write','now()','now()','2147483646'),
('01H4JC53MY01CGDRQE03PAHHX6','payment.bank_account.write','now()','now()','2147483646'),
('01H4JC53MY02ZXYSJB01VQ8QA2','lesson.report.review','now()','now()','2147483646'),
('01H4JC53MY01JCXECS01RY9JYS','user.user.read','now()','now()','2147483646'),
('01H4JC53MY01EEJXQQ03XHYEW1','user.parent.read','now()','now()','2147483646'),
('01H4JC53MY034XBAXW02JG1X32','user.parent.write','now()','now()','2147483646'),
('01H4JC53MY00XM6XA003KCSZ56','user.staff.read','now()','now()','2147483646'),
('01H4JC53MX027BX77A00RGEPQF','user.usergroupmember.write','now()','now()','2147483646'),
('01H4JC53MY00G64GJV02AFCTNW','user.usergroupmember.read','now()','now()','2147483646'),
('01H4JC53MY01W9NRGT03NK5PHA','user.student_course.write','now()','now()','2147483646'),
('01H4JC53MY013NXG9D035PVZ0D','virtualclassroom.room_state.read','now()','now()','2147483646'),
('01H4JC53MY03AXZSG901B2CM0M','virtualclassroom.room_state.write','now()','now()','2147483646'),
('01H4JC53MY019PF8M203VBB6J6','payment.bank_account.read','now()','now()','2147483646'),
('01H4JC53MY036R0GAK00182QHD','master.course.read','now()','now()','2147483646'),
('01H4JC53MY01S0HBN903CC0JMK','entryexit.student_entryexit_records.write','now()','now()','2147483646'),
('01H4JC53MX02YYCDF600PFFZA7','payment.bill_item.write','now()','now()','2147483646'),
('01H4JC53MY01W8NNBD00V33X8M','communication.notification.write','now()','now()','2147483646'),
('01H4JC53MX00QMQ3HM02GHZBR4','communication.conversation.write','now()','now()','2147483646'),
('01H4JC53MX00WTP6NA01NS9C5X','lesson.lessonmember.read','now()','now()','2147483646'),
('01H4JC53MY01Y2CAYF02HADG8Y','user.student.read','now()','now()','2147483646'),
('01H4JC53MW004E52R403286SVK','user.usergroup.write','now()','now()','2147483646'),
('01H4JC53MX030NVATM00KB0JE5','payment.invoice.write','now()','now()','2147483646'),
('01H4JC53MY01QR9RP603P802ZG','payment.payment.write','now()','now()','2147483646'),
('01H4JC53MX01K8R3MK01PZJHDP','payment.invoice.read','now()','now()','2147483646'),
('01H4JC53MX034AZ5MX03V8S8C2','communication.notification.owner','now()','now()','2147483646'),
('01H4JC53MW02AJ2FFQ026Y21TR','user.student_enrollment_status_history.read','now()','now()','2147483646'),
('01H4JC53MY01KKZSVS022CYSQC','communication.conversation.read','now()','now()','2147483646'),
('01H4JC53MY02S6V6XB02KYEDZ2','payment.student_payment_detail.read','now()','now()','2147483646'),
('01H4JC53MY0360BA9P03AHE166','master.course.write','now()','now()','2147483646'),
('01H4JC53MY02BT59XS02C7VDM6','payment.payment.read','now()','now()','2147483646'),
('01H4JC53MY00RZ8331011C5ZK4','user.staff.write','now()','now()','2147483646'),
('01H4JC53MY03N7YZJY027T52G4','master.location.write','now()','now()','2147483646')
ON CONFLICT DO NOTHING;


INSERT INTO role (role_id,role_name,is_system,created_at,updated_at,resource_path) VALUES
('01H4JC53MY01ESPQP902MCSVHF','Teacher',false,'now()','now()','2147483646'),
('01H4JC53MY02H30HBN01KR6410','HQ Staff',false,'now()','now()','2147483646'),
('01H4JC53MY00PHQ8Y401X8KWN9','Centre Manager',false,'now()','now()','2147483646'),
('01H4JC53MY011W1S6H01HCDS86','Centre Lead',false,'now()','now()','2147483646'),
('01H4JC53MY02TJQ9QT012ZMPRF','School Admin',false,'now()','now()','2147483646'),
('01H4JC53MY00ATJGQ700MAXC5B','PaymentScheduleJob',true,'now()','now()','2147483646'),
('01H4JC53MY0232MGS601ZKRGNX','OpenAPI',true,'now()','now()','2147483646'),
('01H4JC53MY00KE9T8801GEBMWF','Parent',true,'now()','now()','2147483646'),
('01H4JC53MY00QSNDTR02WFN9W1','Centre Staff',false,'now()','now()','2147483646'),
('01H4JC53MY011YHJTJ029056Y1','Student',true,'now()','now()','2147483646'),
('01H4JC53MY009GSGTM00F90627','Teacher Lead',false,'now()','now()','2147483646'),
('01H4JC53MY00HK7E3Z02PHA9C1','NotificationScheduleJob',true,'now()','now()','2147483646'),
('01H4JC53MY03HTRXAV02XWT6D9','UsermgmtScheduleJob',true,'now()','now()','2147483646'),
('01H4JC53MY03K7NG0X02ZC9SVN','VirtualClassroomScheduleJob',true,'now()','now()','2147483646')
ON CONFLICT DO NOTHING;


INSERT INTO permission_role (permission_id,role_id,created_at,updated_at,resource_path) VALUES
('01H4JC53MY02PNH6WE01K3CQ1R','01H4JC53MY01ESPQP902MCSVHF','now()','now()','2147483646'),
('01H4JC53MX03QKRSK8027FTE3T','01H4JC53MY02H30HBN01KR6410','now()','now()','2147483646'),
('01H4JC53MY03JV7NHT0154WSAV','01H4JC53MY00PHQ8Y401X8KWN9','now()','now()','2147483646'),
('01H4JC53MY0254RFWJ00EXEZ59','01H4JC53MY011W1S6H01HCDS86','now()','now()','2147483646'),
('01H4JC53MY0254RFWJ00EXEZ59','01H4JC53MY02TJQ9QT012ZMPRF','now()','now()','2147483646'),
('01H4JC53MY02MNXJAT02KY3WEA','01H4JC53MY02TJQ9QT012ZMPRF','now()','now()','2147483646'),
('01H4JC53MY00HACH1602JC3EBM','01H4JC53MY00PHQ8Y401X8KWN9','now()','now()','2147483646'),
('01H4JC53MY00HACH1602JC3EBM','01H4JC53MY00ATJGQ700MAXC5B','now()','now()','2147483646'),
('01H4JC53MX012P43ZT00CGP1MK','01H4JC53MY00PHQ8Y401X8KWN9','now()','now()','2147483646'),
('01H4JC53MX012P43ZT00CGP1MK','01H4JC53MY0232MGS601ZKRGNX','now()','now()','2147483646'),
('01H4JC53MY0003J53T016P466B','01H4JC53MY00PHQ8Y401X8KWN9','now()','now()','2147483646'),
('01H4JC53MY005VYFYT031XM5KN','01H4JC53MY00KE9T8801GEBMWF','now()','now()','2147483646'),
('01H4JC53MX015V9QD001B8PNHJ','01H4JC53MY00QSNDTR02WFN9W1','now()','now()','2147483646'),
('01H4JC53MY0058XN0303HZJ7VK','01H4JC53MY01ESPQP902MCSVHF','now()','now()','2147483646'),
('01H4JC53MX01F44XEW00V11KQR','01H4JC53MY00QSNDTR02WFN9W1','now()','now()','2147483646'),
('01H4JC53MY03TJF69D01D7E30M','01H4JC53MY00QSNDTR02WFN9W1','now()','now()','2147483646'),
('01H4JC53MY0392DT8C03R7VQQ9','01H4JC53MY01ESPQP902MCSVHF','now()','now()','2147483646'),
('01H4JC53MY0392DT8C03R7VQQ9','01H4JC53MY02H30HBN01KR6410','now()','now()','2147483646'),
('01H4JC53MY00GC7N7G02PQX036','01H4JC53MY01ESPQP902MCSVHF','now()','now()','2147483646'),
('01H4JC53MY006EQ6QE00B7X3CM','01H4JC53MY02TJQ9QT012ZMPRF','now()','now()','2147483646'),
('01H4JC53MY006EQ6QE00B7X3CM','01H4JC53MY00QSNDTR02WFN9W1','now()','now()','2147483646'),
('01H4JC53MY0118QR4Z000NERGG','01H4JC53MY011W1S6H01HCDS86','now()','now()','2147483646'),
('01H4JC53MY03RCGG3X0272TKNW','01H4JC53MY011W1S6H01HCDS86','now()','now()','2147483646'),
('01H4JC53MY03RCGG3X0272TKNW','01H4JC53MY011YHJTJ029056Y1','now()','now()','2147483646'),
('01H4JC53MY00R87K6H0366344D','01H4JC53MY0232MGS601ZKRGNX','now()','now()','2147483646'),
('01H4JC53MW01WZXAS30323TV4M','01H4JC53MY02TJQ9QT012ZMPRF','now()','now()','2147483646'),
('01H4JC53MY02JYV158027GTF5Z','01H4JC53MY02TJQ9QT012ZMPRF','now()','now()','2147483646'),
('01H4JC53MY03JR1VC803X78SQS','01H4JC53MY02TJQ9QT012ZMPRF','now()','now()','2147483646'),
('01H4JC53MY00Y9A5CR0062J2QA','01H4JC53MY02H30HBN01KR6410','now()','now()','2147483646'),
('01H4JC53MY01CGDRQE03PAHHX6','01H4JC53MY02TJQ9QT012ZMPRF','now()','now()','2147483646'),
('01H4JC53MY02ZXYSJB01VQ8QA2','01H4JC53MY02H30HBN01KR6410','now()','now()','2147483646'),
('01H4JC53MY00HACH1602JC3EBM','01H4JC53MY011W1S6H01HCDS86','now()','now()','2147483646'),
('01H4JC53MY0003J53T016P466B','01H4JC53MY02TJQ9QT012ZMPRF','now()','now()','2147483646'),
('01H4JC53MX015V9QD001B8PNHJ','01H4JC53MY01ESPQP902MCSVHF','now()','now()','2147483646'),
('01H4JC53MX015V9QD001B8PNHJ','01H4JC53MY02TJQ9QT012ZMPRF','now()','now()','2147483646'),
('01H4JC53MX01F44XEW00V11KQR','01H4JC53MY00PHQ8Y401X8KWN9','now()','now()','2147483646'),
('01H4JC53MY03TJF69D01D7E30M','01H4JC53MY02TJQ9QT012ZMPRF','now()','now()','2147483646'),
('01H4JC53MY03TJF69D01D7E30M','01H4JC53MY00PHQ8Y401X8KWN9','now()','now()','2147483646'),
('01H4JC53MY03TJF69D01D7E30M','01H4JC53MY01ESPQP902MCSVHF','now()','now()','2147483646'),
('01H4JC53MY0392DT8C03R7VQQ9','01H4JC53MY02TJQ9QT012ZMPRF','now()','now()','2147483646'),
('01H4JC53MY01JCXECS01RY9JYS','01H4JC53MY00PHQ8Y401X8KWN9','now()','now()','2147483646'),
('01H4JC53MY01JCXECS01RY9JYS','01H4JC53MY01ESPQP902MCSVHF','now()','now()','2147483646'),
('01H4JC53MY03RCGG3X0272TKNW','01H4JC53MY02H30HBN01KR6410','now()','now()','2147483646'),
('01H4JC53MY01EEJXQQ03XHYEW1','01H4JC53MY011YHJTJ029056Y1','now()','now()','2147483646'),
('01H4JC53MY01EEJXQQ03XHYEW1','01H4JC53MY01ESPQP902MCSVHF','now()','now()','2147483646'),
('01H4JC53MY034XBAXW02JG1X32','01H4JC53MY02TJQ9QT012ZMPRF','now()','now()','2147483646'),
('01H4JC53MY034XBAXW02JG1X32','01H4JC53MY011W1S6H01HCDS86','now()','now()','2147483646'),
('01H4JC53MY00XM6XA003KCSZ56','01H4JC53MY01ESPQP902MCSVHF','now()','now()','2147483646'),
('01H4JC53MX027BX77A00RGEPQF','01H4JC53MY0232MGS601ZKRGNX','now()','now()','2147483646'),
('01H4JC53MY00G64GJV02AFCTNW','01H4JC53MY009GSGTM00F90627','now()','now()','2147483646'),
('01H4JC53MY00G64GJV02AFCTNW','01H4JC53MY00KE9T8801GEBMWF','now()','now()','2147483646'),
('01H4JC53MY01W9NRGT03NK5PHA','01H4JC53MY00QSNDTR02WFN9W1','now()','now()','2147483646'),
('01H4JC53MY013NXG9D035PVZ0D','01H4JC53MY011W1S6H01HCDS86','now()','now()','2147483646'),
('01H4JC53MY013NXG9D035PVZ0D','01H4JC53MY02TJQ9QT012ZMPRF','now()','now()','2147483646'),
('01H4JC53MY03AXZSG901B2CM0M','01H4JC53MY02TJQ9QT012ZMPRF','now()','now()','2147483646'),
('01H4JC53MY03AXZSG901B2CM0M','01H4JC53MY02H30HBN01KR6410','now()','now()','2147483646'),
('01H4JC53MW01WZXAS30323TV4M','01H4JC53MY02H30HBN01KR6410','now()','now()','2147483646'),
('01H4JC53MW01WZXAS30323TV4M','01H4JC53MY00QSNDTR02WFN9W1','now()','now()','2147483646'),
('01H4JC53MY00Y9A5CR0062J2QA','01H4JC53MY00QSNDTR02WFN9W1','now()','now()','2147483646'),
('01H4JC53MY019PF8M203VBB6J6','01H4JC53MY00QSNDTR02WFN9W1','now()','now()','2147483646'),
('01H4JC53MY01CGDRQE03PAHHX6','01H4JC53MY02H30HBN01KR6410','now()','now()','2147483646'),
('01H4JC53MY036R0GAK00182QHD','01H4JC53MY02H30HBN01KR6410','now()','now()','2147483646'),
('01H4JC53MY036R0GAK00182QHD','01H4JC53MY009GSGTM00F90627','now()','now()','2147483646'),
('01H4JC53MY019PF8M203VBB6J6','01H4JC53MY0232MGS601ZKRGNX','now()','now()','2147483646'),
('01H4JC53MY01S0HBN903CC0JMK','01H4JC53MY00QSNDTR02WFN9W1','now()','now()','2147483646'),
('01H4JC53MY02PNH6WE01K3CQ1R','01H4JC53MY00PHQ8Y401X8KWN9','now()','now()','2147483646'),
('01H4JC53MX03QKRSK8027FTE3T','01H4JC53MY00PHQ8Y401X8KWN9','now()','now()','2147483646'),
('01H4JC53MX03QKRSK8027FTE3T','01H4JC53MY00QSNDTR02WFN9W1','now()','now()','2147483646'),
('01H4JC53MY02MNXJAT02KY3WEA','01H4JC53MY00QSNDTR02WFN9W1','now()','now()','2147483646'),
('01H4JC53MX02YYCDF600PFFZA7','01H4JC53MY02H30HBN01KR6410','now()','now()','2147483646'),
('01H4JC53MX012P43ZT00CGP1MK','01H4JC53MY02TJQ9QT012ZMPRF','now()','now()','2147483646'),
('01H4JC53MY005VYFYT031XM5KN','01H4JC53MY00HK7E3Z02PHA9C1','now()','now()','2147483646'),
('01H4JC53MY005VYFYT031XM5KN','01H4JC53MY02TJQ9QT012ZMPRF','now()','now()','2147483646'),
('01H4JC53MY01W8NNBD00V33X8M','01H4JC53MY02TJQ9QT012ZMPRF','now()','now()','2147483646'),
('01H4JC53MX00QMQ3HM02GHZBR4','01H4JC53MY01ESPQP902MCSVHF','now()','now()','2147483646'),
('01H4JC53MY0058XN0303HZJ7VK','01H4JC53MY011YHJTJ029056Y1','now()','now()','2147483646'),
('01H4JC53MX00WTP6NA01NS9C5X','01H4JC53MY011YHJTJ029056Y1','now()','now()','2147483646'),
('01H4JC53MX00WTP6NA01NS9C5X','01H4JC53MY00QSNDTR02WFN9W1','now()','now()','2147483646'),
('01H4JC53MX01F44XEW00V11KQR','01H4JC53MY009GSGTM00F90627','now()','now()','2147483646'),
('01H4JC53MY00GC7N7G02PQX036','01H4JC53MY011W1S6H01HCDS86','now()','now()','2147483646'),
('01H4JC53MY00GC7N7G02PQX036','01H4JC53MY009GSGTM00F90627','now()','now()','2147483646'),
('01H4JC53MY00GC7N7G02PQX036','01H4JC53MY02H30HBN01KR6410','now()','now()','2147483646'),
('01H4JC53MY006EQ6QE00B7X3CM','01H4JC53MY02H30HBN01KR6410','now()','now()','2147483646'),
('01H4JC53MY01JCXECS01RY9JYS','01H4JC53MY009GSGTM00F90627','now()','now()','2147483646'),
('01H4JC53MY01JCXECS01RY9JYS','01H4JC53MY02TJQ9QT012ZMPRF','now()','now()','2147483646'),
('01H4JC53MY01Y2CAYF02HADG8Y','01H4JC53MY00HK7E3Z02PHA9C1','now()','now()','2147483646'),
('01H4JC53MY01EEJXQQ03XHYEW1','01H4JC53MY00QSNDTR02WFN9W1','now()','now()','2147483646'),
('01H4JC53MY01EEJXQQ03XHYEW1','01H4JC53MY00PHQ8Y401X8KWN9','now()','now()','2147483646'),
('01H4JC53MY034XBAXW02JG1X32','01H4JC53MY00QSNDTR02WFN9W1','now()','now()','2147483646'),
('01H4JC53MY034XBAXW02JG1X32','01H4JC53MY03HTRXAV02XWT6D9','now()','now()','2147483646'),
('01H4JC53MY00XM6XA003KCSZ56','01H4JC53MY00PHQ8Y401X8KWN9','now()','now()','2147483646'),
('01H4JC53MY00XM6XA003KCSZ56','01H4JC53MY00QSNDTR02WFN9W1','now()','now()','2147483646'),
('01H4JC53MY00R87K6H0366344D','01H4JC53MY02TJQ9QT012ZMPRF','now()','now()','2147483646'),
('01H4JC53MW004E52R403286SVK','01H4JC53MY02H30HBN01KR6410','now()','now()','2147483646'),
('01H4JC53MX027BX77A00RGEPQF','01H4JC53MY02H30HBN01KR6410','now()','now()','2147483646'),
('01H4JC53MY01W9NRGT03NK5PHA','01H4JC53MY02TJQ9QT012ZMPRF','now()','now()','2147483646'),
('01H4JC53MY03AXZSG901B2CM0M','01H4JC53MY00KE9T8801GEBMWF','now()','now()','2147483646'),
('01H4JC53MW01WZXAS30323TV4M','01H4JC53MY00PHQ8Y401X8KWN9','now()','now()','2147483646'),
('01H4JC53MY03JR1VC803X78SQS','01H4JC53MY00PHQ8Y401X8KWN9','now()','now()','2147483646'),
('01H4JC53MY019PF8M203VBB6J6','01H4JC53MY02H30HBN01KR6410','now()','now()','2147483646'),
('01H4JC53MX030NVATM00KB0JE5','01H4JC53MY02TJQ9QT012ZMPRF','now()','now()','2147483646'),
('01H4JC53MY01QR9RP603P802ZG','01H4JC53MY02H30HBN01KR6410','now()','now()','2147483646'),
('01H4JC53MY02ZXYSJB01VQ8QA2','01H4JC53MY011W1S6H01HCDS86','now()','now()','2147483646'),
('01H4JC53MX02YYCDF600PFFZA7','01H4JC53MY00PHQ8Y401X8KWN9','now()','now()','2147483646'),
('01H4JC53MX012P43ZT00CGP1MK','01H4JC53MY01ESPQP902MCSVHF','now()','now()','2147483646'),
('01H4JC53MX012P43ZT00CGP1MK','01H4JC53MY02H30HBN01KR6410','now()','now()','2147483646'),
('01H4JC53MY0058XN0303HZJ7VK','01H4JC53MY00KE9T8801GEBMWF','now()','now()','2147483646'),
('01H4JC53MX00WTP6NA01NS9C5X','01H4JC53MY01ESPQP902MCSVHF','now()','now()','2147483646'),
('01H4JC53MX01F44XEW00V11KQR','01H4JC53MY011W1S6H01HCDS86','now()','now()','2147483646'),
('01H4JC53MY03TJF69D01D7E30M','01H4JC53MY00KE9T8801GEBMWF','now()','now()','2147483646'),
('01H4JC53MY0118QR4Z000NERGG','01H4JC53MY0232MGS601ZKRGNX','now()','now()','2147483646'),
('01H4JC53MY01Y2CAYF02HADG8Y','01H4JC53MY00QSNDTR02WFN9W1','now()','now()','2147483646'),
('01H4JC53MY01Y2CAYF02HADG8Y','01H4JC53MY009GSGTM00F90627','now()','now()','2147483646'),
('01H4JC53MY03RCGG3X0272TKNW','01H4JC53MY0232MGS601ZKRGNX','now()','now()','2147483646'),
('01H4JC53MY00XM6XA003KCSZ56','01H4JC53MY02TJQ9QT012ZMPRF','now()','now()','2147483646'),
('01H4JC53MY00XM6XA003KCSZ56','01H4JC53MY00KE9T8801GEBMWF','now()','now()','2147483646'),
('01H4JC53MY00R87K6H0366344D','01H4JC53MY011YHJTJ029056Y1','now()','now()','2147483646'),
('01H4JC53MY00R87K6H0366344D','01H4JC53MY00KE9T8801GEBMWF','now()','now()','2147483646'),
('01H4JC53MW004E52R403286SVK','01H4JC53MY03HTRXAV02XWT6D9','now()','now()','2147483646'),
('01H4JC53MY013NXG9D035PVZ0D','01H4JC53MY009GSGTM00F90627','now()','now()','2147483646'),
('01H4JC53MY013NXG9D035PVZ0D','01H4JC53MY00KE9T8801GEBMWF','now()','now()','2147483646'),
('01H4JC53MY03AXZSG901B2CM0M','01H4JC53MY011W1S6H01HCDS86','now()','now()','2147483646'),
('01H4JC53MY02JYV158027GTF5Z','01H4JC53MY00PHQ8Y401X8KWN9','now()','now()','2147483646'),
('01H4JC53MY019PF8M203VBB6J6','01H4JC53MY011W1S6H01HCDS86','now()','now()','2147483646'),
('01H4JC53MX01K8R3MK01PZJHDP','01H4JC53MY00PHQ8Y401X8KWN9','now()','now()','2147483646'),
('01H4JC53MY036R0GAK00182QHD','01H4JC53MY00HK7E3Z02PHA9C1','now()','now()','2147483646'),
('01H4JC53MY02ZXYSJB01VQ8QA2','01H4JC53MY00PHQ8Y401X8KWN9','now()','now()','2147483646'),
('01H4JC53MX03QKRSK8027FTE3T','01H4JC53MY011W1S6H01HCDS86','now()','now()','2147483646'),
('01H4JC53MY03JV7NHT0154WSAV','01H4JC53MY01ESPQP902MCSVHF','now()','now()','2147483646'),
('01H4JC53MY0254RFWJ00EXEZ59','01H4JC53MY00PHQ8Y401X8KWN9','now()','now()','2147483646'),
('01H4JC53MY02MNXJAT02KY3WEA','01H4JC53MY02H30HBN01KR6410','now()','now()','2147483646'),
('01H4JC53MY00HACH1602JC3EBM','01H4JC53MY02H30HBN01KR6410','now()','now()','2147483646'),
('01H4JC53MX012P43ZT00CGP1MK','01H4JC53MY011W1S6H01HCDS86','now()','now()','2147483646'),
('01H4JC53MX012P43ZT00CGP1MK','01H4JC53MY00KE9T8801GEBMWF','now()','now()','2147483646'),
('01H4JC53MX012P43ZT00CGP1MK','01H4JC53MY03HTRXAV02XWT6D9','now()','now()','2147483646'),
('01H4JC53MY0003J53T016P466B','01H4JC53MY011W1S6H01HCDS86','now()','now()','2147483646'),
('01H4JC53MY005VYFYT031XM5KN','01H4JC53MY00QSNDTR02WFN9W1','now()','now()','2147483646'),
('01H4JC53MX034AZ5MX03V8S8C2','01H4JC53MY00QSNDTR02WFN9W1','now()','now()','2147483646'),
('01H4JC53MX034AZ5MX03V8S8C2','01H4JC53MY01ESPQP902MCSVHF','now()','now()','2147483646'),
('01H4JC53MX00QMQ3HM02GHZBR4','01H4JC53MY00KE9T8801GEBMWF','now()','now()','2147483646'),
('01H4JC53MY0058XN0303HZJ7VK','01H4JC53MY011W1S6H01HCDS86','now()','now()','2147483646'),
('01H4JC53MY0058XN0303HZJ7VK','01H4JC53MY00PHQ8Y401X8KWN9','now()','now()','2147483646'),
('01H4JC53MX00WTP6NA01NS9C5X','01H4JC53MY00PHQ8Y401X8KWN9','now()','now()','2147483646'),
('01H4JC53MX01F44XEW00V11KQR','01H4JC53MY02H30HBN01KR6410','now()','now()','2147483646'),
('01H4JC53MY0392DT8C03R7VQQ9','01H4JC53MY00PHQ8Y401X8KWN9','now()','now()','2147483646'),
('01H4JC53MY00GC7N7G02PQX036','01H4JC53MY02TJQ9QT012ZMPRF','now()','now()','2147483646'),
('01H4JC53MY006EQ6QE00B7X3CM','01H4JC53MY011W1S6H01HCDS86','now()','now()','2147483646'),
('01H4JC53MY0118QR4Z000NERGG','01H4JC53MY02TJQ9QT012ZMPRF','now()','now()','2147483646'),
('01H4JC53MY03RCGG3X0272TKNW','01H4JC53MY02TJQ9QT012ZMPRF','now()','now()','2147483646'),
('01H4JC53MY01EEJXQQ03XHYEW1','01H4JC53MY009GSGTM00F90627','now()','now()','2147483646'),
('01H4JC53MW004E52R403286SVK','01H4JC53MY02TJQ9QT012ZMPRF','now()','now()','2147483646'),
('01H4JC53MY00G64GJV02AFCTNW','01H4JC53MY011W1S6H01HCDS86','now()','now()','2147483646'),
('01H4JC53MY00G64GJV02AFCTNW','01H4JC53MY0232MGS601ZKRGNX','now()','now()','2147483646'),
('01H4JC53MY013NXG9D035PVZ0D','01H4JC53MY01ESPQP902MCSVHF','now()','now()','2147483646'),
('01H4JC53MY03AXZSG901B2CM0M','01H4JC53MY011YHJTJ029056Y1','now()','now()','2147483646'),
('01H4JC53MY03AXZSG901B2CM0M','01H4JC53MY01ESPQP902MCSVHF','now()','now()','2147483646'),
('01H4JC53MW01WZXAS30323TV4M','01H4JC53MY00ATJGQ700MAXC5B','now()','now()','2147483646'),
('01H4JC53MX01K8R3MK01PZJHDP','01H4JC53MY02TJQ9QT012ZMPRF','now()','now()','2147483646'),
('01H4JC53MW02AJ2FFQ026Y21TR','01H4JC53MY03HTRXAV02XWT6D9','now()','now()','2147483646'),
('01H4JC53MY036R0GAK00182QHD','01H4JC53MY01ESPQP902MCSVHF','now()','now()','2147483646'),
('01H4JC53MY036R0GAK00182QHD','01H4JC53MY011YHJTJ029056Y1','now()','now()','2147483646'),
('01H4JC53MY02ZXYSJB01VQ8QA2','01H4JC53MY01ESPQP902MCSVHF','now()','now()','2147483646'),
('01H4JC53MY02ZXYSJB01VQ8QA2','01H4JC53MY009GSGTM00F90627','now()','now()','2147483646'),
('01H4JC53MY01EEJXQQ03XHYEW1','01H4JC53MY0232MGS601ZKRGNX','now()','now()','2147483646'),
('01H4JC53MY02PNH6WE01K3CQ1R','01H4JC53MY011YHJTJ029056Y1','now()','now()','2147483646'),
('01H4JC53MX03QKRSK8027FTE3T','01H4JC53MY011YHJTJ029056Y1','now()','now()','2147483646'),
('01H4JC53MY03JV7NHT0154WSAV','01H4JC53MY011YHJTJ029056Y1','now()','now()','2147483646'),
('01H4JC53MY03JV7NHT0154WSAV','01H4JC53MY00KE9T8801GEBMWF','now()','now()','2147483646'),
('01H4JC53MX02YYCDF600PFFZA7','01H4JC53MY00QSNDTR02WFN9W1','now()','now()','2147483646'),
('01H4JC53MX02YYCDF600PFFZA7','01H4JC53MY02TJQ9QT012ZMPRF','now()','now()','2147483646'),
('01H4JC53MY01KKZSVS022CYSQC','01H4JC53MY01ESPQP902MCSVHF','now()','now()','2147483646'),
('01H4JC53MX00QMQ3HM02GHZBR4','01H4JC53MY011YHJTJ029056Y1','now()','now()','2147483646'),
('01H4JC53MX015V9QD001B8PNHJ','01H4JC53MY00PHQ8Y401X8KWN9','now()','now()','2147483646'),
('01H4JC53MY0058XN0303HZJ7VK','01H4JC53MY009GSGTM00F90627','now()','now()','2147483646'),
('01H4JC53MX00WTP6NA01NS9C5X','01H4JC53MY00KE9T8801GEBMWF','now()','now()','2147483646'),
('01H4JC53MY006EQ6QE00B7X3CM','01H4JC53MY01ESPQP902MCSVHF','now()','now()','2147483646'),
('01H4JC53MY01JCXECS01RY9JYS','01H4JC53MY02H30HBN01KR6410','now()','now()','2147483646'),
('01H4JC53MY01JCXECS01RY9JYS','01H4JC53MY00KE9T8801GEBMWF','now()','now()','2147483646'),
('01H4JC53MY01JCXECS01RY9JYS','01H4JC53MY011YHJTJ029056Y1','now()','now()','2147483646'),
('01H4JC53MY01Y2CAYF02HADG8Y','01H4JC53MY00PHQ8Y401X8KWN9','now()','now()','2147483646'),
('01H4JC53MY01Y2CAYF02HADG8Y','01H4JC53MY02H30HBN01KR6410','now()','now()','2147483646'),
('01H4JC53MY01EEJXQQ03XHYEW1','01H4JC53MY02H30HBN01KR6410','now()','now()','2147483646'),
('01H4JC53MY00R87K6H0366344D','01H4JC53MY00PHQ8Y401X8KWN9','now()','now()','2147483646'),
('01H4JC53MX027BX77A00RGEPQF','01H4JC53MY03HTRXAV02XWT6D9','now()','now()','2147483646'),
('01H4JC53MY03AXZSG901B2CM0M','01H4JC53MY009GSGTM00F90627','now()','now()','2147483646'),
('01H4JC53MY02JYV158027GTF5Z','01H4JC53MY00QSNDTR02WFN9W1','now()','now()','2147483646'),
('01H4JC53MY02JYV158027GTF5Z','01H4JC53MY02H30HBN01KR6410','now()','now()','2147483646'),
('01H4JC53MY03JR1VC803X78SQS','01H4JC53MY00QSNDTR02WFN9W1','now()','now()','2147483646'),
('01H4JC53MY02ZXYSJB01VQ8QA2','01H4JC53MY00QSNDTR02WFN9W1','now()','now()','2147483646'),
('01H4JC53MY01CGDRQE03PAHHX6','01H4JC53MY0232MGS601ZKRGNX','now()','now()','2147483646'),
('01H4JC53MY01S0HBN903CC0JMK','01H4JC53MY01ESPQP902MCSVHF','now()','now()','2147483646'),
('01H4JC53MY01S0HBN903CC0JMK','01H4JC53MY00PHQ8Y401X8KWN9','now()','now()','2147483646'),
('01H4JC53MY01S0HBN903CC0JMK','01H4JC53MY011W1S6H01HCDS86','now()','now()','2147483646'),
('01H4JC53MY02PNH6WE01K3CQ1R','01H4JC53MY02TJQ9QT012ZMPRF','now()','now()','2147483646'),
('01H4JC53MY0254RFWJ00EXEZ59','01H4JC53MY00QSNDTR02WFN9W1','now()','now()','2147483646'),
('01H4JC53MX02YYCDF600PFFZA7','01H4JC53MY00ATJGQ700MAXC5B','now()','now()','2147483646'),
('01H4JC53MX012P43ZT00CGP1MK','01H4JC53MY011YHJTJ029056Y1','now()','now()','2147483646'),
('01H4JC53MX012P43ZT00CGP1MK','01H4JC53MY00QSNDTR02WFN9W1','now()','now()','2147483646'),
('01H4JC53MY0003J53T016P466B','01H4JC53MY02H30HBN01KR6410','now()','now()','2147483646'),
('01H4JC53MX015V9QD001B8PNHJ','01H4JC53MY02H30HBN01KR6410','now()','now()','2147483646'),
('01H4JC53MX015V9QD001B8PNHJ','01H4JC53MY011YHJTJ029056Y1','now()','now()','2147483646'),
('01H4JC53MY0058XN0303HZJ7VK','01H4JC53MY00QSNDTR02WFN9W1','now()','now()','2147483646'),
('01H4JC53MX01F44XEW00V11KQR','01H4JC53MY01ESPQP902MCSVHF','now()','now()','2147483646'),
('01H4JC53MY01JCXECS01RY9JYS','01H4JC53MY0232MGS601ZKRGNX','now()','now()','2147483646'),
('01H4JC53MY0118QR4Z000NERGG','01H4JC53MY00QSNDTR02WFN9W1','now()','now()','2147483646'),
('01H4JC53MY01Y2CAYF02HADG8Y','01H4JC53MY0232MGS601ZKRGNX','now()','now()','2147483646'),
('01H4JC53MY03RCGG3X0272TKNW','01H4JC53MY00QSNDTR02WFN9W1','now()','now()','2147483646'),
('01H4JC53MY01EEJXQQ03XHYEW1','01H4JC53MY011W1S6H01HCDS86','now()','now()','2147483646'),
('01H4JC53MY00XM6XA003KCSZ56','01H4JC53MY02H30HBN01KR6410','now()','now()','2147483646'),
('01H4JC53MY00R87K6H0366344D','01H4JC53MY00QSNDTR02WFN9W1','now()','now()','2147483646'),
('01H4JC53MY00R87K6H0366344D','01H4JC53MY01ESPQP902MCSVHF','now()','now()','2147483646'),
('01H4JC53MX027BX77A00RGEPQF','01H4JC53MY02TJQ9QT012ZMPRF','now()','now()','2147483646'),
('01H4JC53MY00G64GJV02AFCTNW','01H4JC53MY03HTRXAV02XWT6D9','now()','now()','2147483646'),
('01H4JC53MY013NXG9D035PVZ0D','01H4JC53MY00PHQ8Y401X8KWN9','now()','now()','2147483646'),
('01H4JC53MY02S6V6XB02KYEDZ2','01H4JC53MY00QSNDTR02WFN9W1','now()','now()','2147483646'),
('01H4JC53MY00Y9A5CR0062J2QA','01H4JC53MY00PHQ8Y401X8KWN9','now()','now()','2147483646'),
('01H4JC53MX01K8R3MK01PZJHDP','01H4JC53MY00QSNDTR02WFN9W1','now()','now()','2147483646'),
('01H4JC53MX01K8R3MK01PZJHDP','01H4JC53MY02H30HBN01KR6410','now()','now()','2147483646'),
('01H4JC53MX030NVATM00KB0JE5','01H4JC53MY02H30HBN01KR6410','now()','now()','2147483646'),
('01H4JC53MY036R0GAK00182QHD','01H4JC53MY011W1S6H01HCDS86','now()','now()','2147483646'),
('01H4JC53MY036R0GAK00182QHD','01H4JC53MY0232MGS601ZKRGNX','now()','now()','2147483646'),
('01H4JC53MY036R0GAK00182QHD','01H4JC53MY03HTRXAV02XWT6D9','now()','now()','2147483646'),
('01H4JC53MY0360BA9P03AHE166','01H4JC53MY02TJQ9QT012ZMPRF','now()','now()','2147483646'),
('01H4JC53MY034XBAXW02JG1X32','01H4JC53MY0232MGS601ZKRGNX','now()','now()','2147483646'),
('01H4JC53MY01S0HBN903CC0JMK','01H4JC53MY02H30HBN01KR6410','now()','now()','2147483646'),
('01H4JC53MY02PNH6WE01K3CQ1R','01H4JC53MY00KE9T8801GEBMWF','now()','now()','2147483646'),
('01H4JC53MX03QKRSK8027FTE3T','01H4JC53MY02TJQ9QT012ZMPRF','now()','now()','2147483646'),
('01H4JC53MY02BT59XS02C7VDM6','01H4JC53MY02H30HBN01KR6410','now()','now()','2147483646'),
('01H4JC53MY00HACH1602JC3EBM','01H4JC53MY02TJQ9QT012ZMPRF','now()','now()','2147483646'),
('01H4JC53MY005VYFYT031XM5KN','01H4JC53MY01ESPQP902MCSVHF','now()','now()','2147483646'),
('01H4JC53MY005VYFYT031XM5KN','01H4JC53MY02H30HBN01KR6410','now()','now()','2147483646'),
('01H4JC53MX034AZ5MX03V8S8C2','01H4JC53MY00PHQ8Y401X8KWN9','now()','now()','2147483646'),
('01H4JC53MY0058XN0303HZJ7VK','01H4JC53MY02TJQ9QT012ZMPRF','now()','now()','2147483646'),
('01H4JC53MX00WTP6NA01NS9C5X','01H4JC53MY02H30HBN01KR6410','now()','now()','2147483646'),
('01H4JC53MX00WTP6NA01NS9C5X','01H4JC53MY02TJQ9QT012ZMPRF','now()','now()','2147483646'),
('01H4JC53MX00WTP6NA01NS9C5X','01H4JC53MY011W1S6H01HCDS86','now()','now()','2147483646'),
('01H4JC53MX01F44XEW00V11KQR','01H4JC53MY02TJQ9QT012ZMPRF','now()','now()','2147483646'),
('01H4JC53MY03TJF69D01D7E30M','01H4JC53MY011YHJTJ029056Y1','now()','now()','2147483646'),
('01H4JC53MY03TJF69D01D7E30M','01H4JC53MY02H30HBN01KR6410','now()','now()','2147483646'),
('01H4JC53MY01JCXECS01RY9JYS','01H4JC53MY03HTRXAV02XWT6D9','now()','now()','2147483646'),
('01H4JC53MY01JCXECS01RY9JYS','01H4JC53MY00QSNDTR02WFN9W1','now()','now()','2147483646'),
('01H4JC53MY01Y2CAYF02HADG8Y','01H4JC53MY011W1S6H01HCDS86','now()','now()','2147483646'),
('01H4JC53MY03RCGG3X0272TKNW','01H4JC53MY00PHQ8Y401X8KWN9','now()','now()','2147483646'),
('01H4JC53MY034XBAXW02JG1X32','01H4JC53MY00KE9T8801GEBMWF','now()','now()','2147483646'),
('01H4JC53MY00XM6XA003KCSZ56','01H4JC53MY011W1S6H01HCDS86','now()','now()','2147483646'),
('01H4JC53MY00XM6XA003KCSZ56','01H4JC53MY03HTRXAV02XWT6D9','now()','now()','2147483646'),
('01H4JC53MY00RZ8331011C5ZK4','01H4JC53MY03HTRXAV02XWT6D9','now()','now()','2147483646'),
('01H4JC53MY00G64GJV02AFCTNW','01H4JC53MY02H30HBN01KR6410','now()','now()','2147483646'),
('01H4JC53MY00G64GJV02AFCTNW','01H4JC53MY00QSNDTR02WFN9W1','now()','now()','2147483646'),
('01H4JC53MY01W9NRGT03NK5PHA','01H4JC53MY00PHQ8Y401X8KWN9','now()','now()','2147483646'),
('01H4JC53MY013NXG9D035PVZ0D','01H4JC53MY02H30HBN01KR6410','now()','now()','2147483646'),
('01H4JC53MY03AXZSG901B2CM0M','01H4JC53MY00PHQ8Y401X8KWN9','now()','now()','2147483646'),
('01H4JC53MY02S6V6XB02KYEDZ2','01H4JC53MY02H30HBN01KR6410','now()','now()','2147483646'),
('01H4JC53MY02S6V6XB02KYEDZ2','01H4JC53MY02TJQ9QT012ZMPRF','now()','now()','2147483646'),
('01H4JC53MY03JR1VC803X78SQS','01H4JC53MY011W1S6H01HCDS86','now()','now()','2147483646'),
('01H4JC53MY00Y9A5CR0062J2QA','01H4JC53MY02TJQ9QT012ZMPRF','now()','now()','2147483646'),
('01H4JC53MY01CGDRQE03PAHHX6','01H4JC53MY00QSNDTR02WFN9W1','now()','now()','2147483646'),
('01H4JC53MY02JYV158027GTF5Z','01H4JC53MY0232MGS601ZKRGNX','now()','now()','2147483646'),
('01H4JC53MY01S0HBN903CC0JMK','01H4JC53MY02TJQ9QT012ZMPRF','now()','now()','2147483646'),
('01H4JC53MY02PNH6WE01K3CQ1R','01H4JC53MY011W1S6H01HCDS86','now()','now()','2147483646'),
('01H4JC53MY02PNH6WE01K3CQ1R','01H4JC53MY02H30HBN01KR6410','now()','now()','2147483646'),
('01H4JC53MY03JV7NHT0154WSAV','01H4JC53MY02H30HBN01KR6410','now()','now()','2147483646'),
('01H4JC53MY03JV7NHT0154WSAV','01H4JC53MY02TJQ9QT012ZMPRF','now()','now()','2147483646'),
('01H4JC53MY02BT59XS02C7VDM6','01H4JC53MY02TJQ9QT012ZMPRF','now()','now()','2147483646'),
('01H4JC53MY0254RFWJ00EXEZ59','01H4JC53MY02H30HBN01KR6410','now()','now()','2147483646'),
('01H4JC53MY02MNXJAT02KY3WEA','01H4JC53MY00PHQ8Y401X8KWN9','now()','now()','2147483646'),
('01H4JC53MY00HACH1602JC3EBM','01H4JC53MY00QSNDTR02WFN9W1','now()','now()','2147483646'),
('01H4JC53MY01W8NNBD00V33X8M','01H4JC53MY00HK7E3Z02PHA9C1','now()','now()','2147483646'),
('01H4JC53MY01W8NNBD00V33X8M','01H4JC53MY02H30HBN01KR6410','now()','now()','2147483646'),
('01H4JC53MY01KKZSVS022CYSQC','01H4JC53MY011YHJTJ029056Y1','now()','now()','2147483646'),
('01H4JC53MY01KKZSVS022CYSQC','01H4JC53MY00KE9T8801GEBMWF','now()','now()','2147483646'),
('01H4JC53MY03TJF69D01D7E30M','01H4JC53MY011W1S6H01HCDS86','now()','now()','2147483646'),
('01H4JC53MY0392DT8C03R7VQQ9','01H4JC53MY00QSNDTR02WFN9W1','now()','now()','2147483646'),
('01H4JC53MY00GC7N7G02PQX036','01H4JC53MY00PHQ8Y401X8KWN9','now()','now()','2147483646'),
('01H4JC53MY006EQ6QE00B7X3CM','01H4JC53MY00PHQ8Y401X8KWN9','now()','now()','2147483646'),
('01H4JC53MY006EQ6QE00B7X3CM','01H4JC53MY009GSGTM00F90627','now()','now()','2147483646'),
('01H4JC53MY01JCXECS01RY9JYS','01H4JC53MY00HK7E3Z02PHA9C1','now()','now()','2147483646'),
('01H4JC53MY01JCXECS01RY9JYS','01H4JC53MY03K7NG0X02ZC9SVN','now()','now()','2147483646'),
('01H4JC53MY0118QR4Z000NERGG','01H4JC53MY02H30HBN01KR6410','now()','now()','2147483646'),
('01H4JC53MY0118QR4Z000NERGG','01H4JC53MY00PHQ8Y401X8KWN9','now()','now()','2147483646'),
('01H4JC53MY01Y2CAYF02HADG8Y','01H4JC53MY00KE9T8801GEBMWF','now()','now()','2147483646'),
('01H4JC53MY01EEJXQQ03XHYEW1','01H4JC53MY00KE9T8801GEBMWF','now()','now()','2147483646'),
('01H4JC53MY034XBAXW02JG1X32','01H4JC53MY00PHQ8Y401X8KWN9','now()','now()','2147483646'),
('01H4JC53MY034XBAXW02JG1X32','01H4JC53MY02H30HBN01KR6410','now()','now()','2147483646'),
('01H4JC53MY00XM6XA003KCSZ56','01H4JC53MY011YHJTJ029056Y1','now()','now()','2147483646'),
('01H4JC53MY00RZ8331011C5ZK4','01H4JC53MY02H30HBN01KR6410','now()','now()','2147483646'),
('01H4JC53MY00R87K6H0366344D','01H4JC53MY009GSGTM00F90627','now()','now()','2147483646'),
('01H4JC53MY00R87K6H0366344D','01H4JC53MY011W1S6H01HCDS86','now()','now()','2147483646'),
('01H4JC53MY00G64GJV02AFCTNW','01H4JC53MY02TJQ9QT012ZMPRF','now()','now()','2147483646'),
('01H4JC53MY019PF8M203VBB6J6','01H4JC53MY02TJQ9QT012ZMPRF','now()','now()','2147483646'),
('01H4JC53MY019PF8M203VBB6J6','01H4JC53MY00PHQ8Y401X8KWN9','now()','now()','2147483646'),
('01H4JC53MY036R0GAK00182QHD','01H4JC53MY00KE9T8801GEBMWF','now()','now()','2147483646'),
('01H4JC53MY036R0GAK00182QHD','01H4JC53MY00QSNDTR02WFN9W1','now()','now()','2147483646'),
('01H4JC53MY03JR1VC803X78SQS','01H4JC53MY0232MGS601ZKRGNX','now()','now()','2147483646'),
('01H4JC53MY02PNH6WE01K3CQ1R','01H4JC53MY00QSNDTR02WFN9W1','now()','now()','2147483646'),
('01H4JC53MY03JV7NHT0154WSAV','01H4JC53MY00QSNDTR02WFN9W1','now()','now()','2147483646'),
('01H4JC53MY03JV7NHT0154WSAV','01H4JC53MY011W1S6H01HCDS86','now()','now()','2147483646'),
('01H4JC53MY0254RFWJ00EXEZ59','01H4JC53MY00ATJGQ700MAXC5B','now()','now()','2147483646'),
('01H4JC53MY02MNXJAT02KY3WEA','01H4JC53MY00ATJGQ700MAXC5B','now()','now()','2147483646'),
('01H4JC53MY0003J53T016P466B','01H4JC53MY00ATJGQ700MAXC5B','now()','now()','2147483646'),
('01H4JC53MY0003J53T016P466B','01H4JC53MY00QSNDTR02WFN9W1','now()','now()','2147483646'),
('01H4JC53MY005VYFYT031XM5KN','01H4JC53MY011YHJTJ029056Y1','now()','now()','2147483646'),
('01H4JC53MY005VYFYT031XM5KN','01H4JC53MY00PHQ8Y401X8KWN9','now()','now()','2147483646'),
('01H4JC53MY0058XN0303HZJ7VK','01H4JC53MY02H30HBN01KR6410','now()','now()','2147483646'),
('01H4JC53MY0058XN0303HZJ7VK','01H4JC53MY03K7NG0X02ZC9SVN','now()','now()','2147483646'),
('01H4JC53MY00GC7N7G02PQX036','01H4JC53MY00QSNDTR02WFN9W1','now()','now()','2147483646'),
('01H4JC53MY01JCXECS01RY9JYS','01H4JC53MY011W1S6H01HCDS86','now()','now()','2147483646'),
('01H4JC53MY0118QR4Z000NERGG','01H4JC53MY03HTRXAV02XWT6D9','now()','now()','2147483646'),
('01H4JC53MY01Y2CAYF02HADG8Y','01H4JC53MY01ESPQP902MCSVHF','now()','now()','2147483646'),
('01H4JC53MY01Y2CAYF02HADG8Y','01H4JC53MY011YHJTJ029056Y1','now()','now()','2147483646'),
('01H4JC53MY01Y2CAYF02HADG8Y','01H4JC53MY03HTRXAV02XWT6D9','now()','now()','2147483646'),
('01H4JC53MY01Y2CAYF02HADG8Y','01H4JC53MY02TJQ9QT012ZMPRF','now()','now()','2147483646'),
('01H4JC53MY03RCGG3X0272TKNW','01H4JC53MY03HTRXAV02XWT6D9','now()','now()','2147483646'),
('01H4JC53MY01EEJXQQ03XHYEW1','01H4JC53MY02TJQ9QT012ZMPRF','now()','now()','2147483646'),
('01H4JC53MY01EEJXQQ03XHYEW1','01H4JC53MY03HTRXAV02XWT6D9','now()','now()','2147483646'),
('01H4JC53MY00RZ8331011C5ZK4','01H4JC53MY02TJQ9QT012ZMPRF','now()','now()','2147483646'),
('01H4JC53MY00R87K6H0366344D','01H4JC53MY03HTRXAV02XWT6D9','now()','now()','2147483646'),
('01H4JC53MY00R87K6H0366344D','01H4JC53MY02H30HBN01KR6410','now()','now()','2147483646'),
('01H4JC53MY00G64GJV02AFCTNW','01H4JC53MY011YHJTJ029056Y1','now()','now()','2147483646'),
('01H4JC53MY00G64GJV02AFCTNW','01H4JC53MY00PHQ8Y401X8KWN9','now()','now()','2147483646'),
('01H4JC53MY01W9NRGT03NK5PHA','01H4JC53MY02H30HBN01KR6410','now()','now()','2147483646'),
('01H4JC53MY013NXG9D035PVZ0D','01H4JC53MY011YHJTJ029056Y1','now()','now()','2147483646'),
('01H4JC53MY013NXG9D035PVZ0D','01H4JC53MY00QSNDTR02WFN9W1','now()','now()','2147483646'),
('01H4JC53MY03AXZSG901B2CM0M','01H4JC53MY00QSNDTR02WFN9W1','now()','now()','2147483646'),
('01H4JC53MY02S6V6XB02KYEDZ2','01H4JC53MY00PHQ8Y401X8KWN9','now()','now()','2147483646'),
('01H4JC53MY02S6V6XB02KYEDZ2','01H4JC53MY011W1S6H01HCDS86','now()','now()','2147483646'),
('01H4JC53MY03JR1VC803X78SQS','01H4JC53MY02H30HBN01KR6410','now()','now()','2147483646'),
('01H4JC53MY01CGDRQE03PAHHX6','01H4JC53MY00PHQ8Y401X8KWN9','now()','now()','2147483646'),
('01H4JC53MY01QR9RP603P802ZG','01H4JC53MY02TJQ9QT012ZMPRF','now()','now()','2147483646'),
('01H4JC53MY036R0GAK00182QHD','01H4JC53MY02TJQ9QT012ZMPRF','now()','now()','2147483646'),
('01H4JC53MY036R0GAK00182QHD','01H4JC53MY00PHQ8Y401X8KWN9','now()','now()','2147483646'),
('01H4JC53MY0360BA9P03AHE166','01H4JC53MY02H30HBN01KR6410','now()','now()','2147483646'),
('01H4JC53MY03N7YZJY027T52G4','01H4JC53MY02TJQ9QT012ZMPRF','now()','now()','2147483646'),
('01H4JC53MY02ZXYSJB01VQ8QA2','01H4JC53MY02TJQ9QT012ZMPRF','now()','now()','2147483646'),
('01H4JC53MY00Y9A5CR0062J2QA','01H4JC53MY0232MGS601ZKRGNX','now()','now()','2147483646'),
('01H4JC53MY02S6V6XB02KYEDZ2','01H4JC53MY0232MGS601ZKRGNX','now()','now()','2147483646')
ON CONFLICT DO NOTHING;


INSERT INTO user_group (user_group_id,user_group_name,is_system,created_at,updated_at,resource_path) VALUES
('01H4JC53MZ00194XFQ01KF03HP','Teacher',true,'now()','now()','2147483646'),
('01H4JC53MZ03ZN9Z9N02PM3A39','HQ Staff',true,'now()','now()','2147483646'),
('01H4JC53MZ027PEDDT01F6WK7R','Centre Manager',true,'now()','now()','2147483646'),
('01H4JC53MZ00TKH9E802KZM6CR','Centre Lead',true,'now()','now()','2147483646'),
('01H4JC53MZ00XH40AK03Q1QT2J','School Admin',true,'now()','now()','2147483646'),
('01H4JC53MZ02JMBXXS00T1J6QY','PaymentScheduleJob',true,'now()','now()','2147483646'),
('01H4JC53MZ03MFQ57J02HZQ4QX','OpenAPI',true,'now()','now()','2147483646'),
('01H4JC53MZ0390KYSH01JFVH19','Parent',true,'now()','now()','2147483646'),
('01H4JC53MZ01VYBKW102K02JV9','Centre Staff',true,'now()','now()','2147483646'),
('01H4JC53MZ01BJZTRD02JXE4N9','Student',true,'now()','now()','2147483646'),
('01H4JC53MZ00SRQMW2001N1TSA','Teacher Lead',true,'now()','now()','2147483646'),
('01H4JC53MZ01ZYWZMX0148G9K8','NotificationScheduleJob',true,'now()','now()','2147483646'),
('01H4JC53MZ03WN5GCV01RS48C0','UsermgmtScheduleJob',true,'now()','now()','2147483646'),
('01H4JC53MZ027GES0F01GP3C9Z','VirtualClassroomScheduleJob',true,'now()','now()','2147483646')
ON CONFLICT DO NOTHING;


INSERT INTO granted_role (granted_role_id,user_group_id,role_id,created_at,updated_at,resource_path) VALUES
('01H4JC53MZ013A86AH02BE8VV1','01H4JC53MZ00194XFQ01KF03HP','01H4JC53MY01ESPQP902MCSVHF','now()','now()','2147483646'),
('01H4JC53MZ00MSYWFK01MN07DB','01H4JC53MZ03ZN9Z9N02PM3A39','01H4JC53MY02H30HBN01KR6410','now()','now()','2147483646'),
('01H4JC53MZ01QSGX2Y03DTJRXS','01H4JC53MZ027PEDDT01F6WK7R','01H4JC53MY00PHQ8Y401X8KWN9','now()','now()','2147483646'),
('01H4JC53MZ025KG8KX00T8NR68','01H4JC53MZ00TKH9E802KZM6CR','01H4JC53MY011W1S6H01HCDS86','now()','now()','2147483646'),
('01H4JC53MZ00H7MFSV018H2P4F','01H4JC53MZ00XH40AK03Q1QT2J','01H4JC53MY02TJQ9QT012ZMPRF','now()','now()','2147483646'),
('01H4JC53MZ01PCYQHY01WXTBM7','01H4JC53MZ02JMBXXS00T1J6QY','01H4JC53MY00ATJGQ700MAXC5B','now()','now()','2147483646'),
('01H4JC53MZ02F3E88N02S6KSNA','01H4JC53MZ03MFQ57J02HZQ4QX','01H4JC53MY0232MGS601ZKRGNX','now()','now()','2147483646'),
('01H4JC53MZ02K8XGRM01HYTHQD','01H4JC53MZ0390KYSH01JFVH19','01H4JC53MY00KE9T8801GEBMWF','now()','now()','2147483646'),
('01H4JC53MZ022S284100MKE0WY','01H4JC53MZ01VYBKW102K02JV9','01H4JC53MY00QSNDTR02WFN9W1','now()','now()','2147483646'),
('01H4JC53MZ01M7TNC901ER601S','01H4JC53MZ01BJZTRD02JXE4N9','01H4JC53MY011YHJTJ029056Y1','now()','now()','2147483646'),
('01H4JC53MZ02WKSBRR03HH2JGE','01H4JC53MZ00SRQMW2001N1TSA','01H4JC53MY009GSGTM00F90627','now()','now()','2147483646'),
('01H4JC53MZ01V3D62Q0336QEN5','01H4JC53MZ01ZYWZMX0148G9K8','01H4JC53MY00HK7E3Z02PHA9C1','now()','now()','2147483646'),
('01H4JC53MZ01A621Y802NBBN3G','01H4JC53MZ03WN5GCV01RS48C0','01H4JC53MY03HTRXAV02XWT6D9','now()','now()','2147483646'),
('01H4JC53MZ01MRTX9E00MBB8EP','01H4JC53MZ027GES0F01GP3C9Z','01H4JC53MY03K7NG0X02ZC9SVN','now()','now()','2147483646')
ON CONFLICT DO NOTHING;


INSERT INTO granted_role_access_path (granted_role_id,location_id,created_at,updated_at,resource_path) VALUES
('01H4JC53MZ013A86AH02BE8VV1','01H4JC53MQ00WXEHV200VS2JKZ','now()','now()','2147483646'),
('01H4JC53MZ00MSYWFK01MN07DB','01H4JC53MQ00WXEHV200VS2JKZ','now()','now()','2147483646'),
('01H4JC53MZ01QSGX2Y03DTJRXS','01H4JC53MQ00WXEHV200VS2JKZ','now()','now()','2147483646'),
('01H4JC53MZ025KG8KX00T8NR68','01H4JC53MQ00WXEHV200VS2JKZ','now()','now()','2147483646'),
('01H4JC53MZ00H7MFSV018H2P4F','01H4JC53MQ00WXEHV200VS2JKZ','now()','now()','2147483646'),
('01H4JC53MZ01PCYQHY01WXTBM7','01H4JC53MQ00WXEHV200VS2JKZ','now()','now()','2147483646'),
('01H4JC53MZ02F3E88N02S6KSNA','01H4JC53MQ00WXEHV200VS2JKZ','now()','now()','2147483646'),
('01H4JC53MZ02K8XGRM01HYTHQD','01H4JC53MQ00WXEHV200VS2JKZ','now()','now()','2147483646'),
('01H4JC53MZ022S284100MKE0WY','01H4JC53MQ00WXEHV200VS2JKZ','now()','now()','2147483646'),
('01H4JC53MZ01M7TNC901ER601S','01H4JC53MQ00WXEHV200VS2JKZ','now()','now()','2147483646'),
('01H4JC53MZ02WKSBRR03HH2JGE','01H4JC53MQ00WXEHV200VS2JKZ','now()','now()','2147483646'),
('01H4JC53MZ01V3D62Q0336QEN5','01H4JC53MQ00WXEHV200VS2JKZ','now()','now()','2147483646'),
('01H4JC53MZ01A621Y802NBBN3G','01H4JC53MQ00WXEHV200VS2JKZ','now()','now()','2147483646'),
('01H4JC53MZ01MRTX9E00MBB8EP','01H4JC53MQ00WXEHV200VS2JKZ','now()','now()','2147483646')
ON CONFLICT DO NOTHING;

--- Create PaymentScheduleJob account
INSERT INTO public.users
(user_id, country, name, avatar, phone_number, email, device_token, allow_notification, user_group, updated_at, created_at, is_tester, facebook_id, platform, phone_verified, email_verified, deleted_at, given_name, resource_path, is_system)
VALUES('01H4JC53MZ03WBX8VJ0187ZVR0', 'COUNTRY_JP', 'Payment Schedule Job', '', NULL, 'schedule_job+payment@manabie.com', NULL, NULL, 'USER_GROUP_SCHOOL_ADMIN', now(), now(), NULL, NULL, NULL, NULL, NULL, NULL, NULL, '2147483646', true)
ON CONFLICT DO NOTHING;

INSERT INTO user_group_member(
user_id,
user_group_id,
created_at,
updated_at,
resource_path
) VALUES
('01H4JC53MZ03WBX8VJ0187ZVR0', '01H4JC53MZ02JMBXXS00T1J6QY', now(), now(), '2147483646') ON CONFLICT DO NOTHING;

INSERT INTO staff
(staff_id, created_at, updated_at, deleted_at, resource_path, auto_create_timesheet, working_status, start_date, end_date)
VALUES ('01H4JC53MZ03WBX8VJ0187ZVR0', now(), now(), NULL, '2147483646', DEFAULT, DEFAULT, NULL, NULL) ON CONFLICT DO NOTHING;

--- Create NotificationScheduleJob account
INSERT INTO public.users
(user_id, country, name, avatar, phone_number, email, device_token, allow_notification, user_group, updated_at, created_at, is_tester, facebook_id, platform, phone_verified, email_verified, deleted_at, given_name, resource_path, is_system)
VALUES('01H4JC53MZ03T79DNR02YFQNHH', 'COUNTRY_JP', 'Notification Schedule Job', '', NULL, 'schedule_job+notification@manabie.com', NULL, NULL, 'USER_GROUP_SCHOOL_ADMIN', now(), now(), NULL, NULL, NULL, NULL, NULL, NULL, NULL, '2147483646', true)
ON CONFLICT DO NOTHING;

INSERT INTO user_group_member(
user_id,
user_group_id,
created_at,
updated_at,
resource_path
) VALUES
('01H4JC53MZ03T79DNR02YFQNHH', '01H4JC53MZ01ZYWZMX0148G9K8', now(), now(), '2147483646') ON CONFLICT DO NOTHING;

INSERT INTO staff
(staff_id, created_at, updated_at, deleted_at, resource_path, auto_create_timesheet, working_status, start_date, end_date)
VALUES ('01H4JC53MZ03T79DNR02YFQNHH', now(), now(), NULL, '2147483646', DEFAULT, DEFAULT, NULL, NULL) ON CONFLICT DO NOTHING;

--- Create UsermgmtScheduleJob account
INSERT INTO public.users
(user_id, country, name, avatar, phone_number, email, device_token, allow_notification, user_group, updated_at, created_at, is_tester, facebook_id, platform, phone_verified, email_verified, deleted_at, given_name, resource_path, is_system)
VALUES('01H4JC53MZ03F2AD9C02K5P2C8', 'COUNTRY_JP', 'Usermgmt Schedule Job', '', NULL, 'schedule_job+usermgmt@manabie.com', NULL, NULL, 'USER_GROUP_SCHOOL_ADMIN', now(), now(), NULL, NULL, NULL, NULL, NULL, NULL, NULL, '2147483646', true)
ON CONFLICT DO NOTHING;

INSERT INTO user_group_member(
user_id,
user_group_id,
created_at,
updated_at,
resource_path
) VALUES
('01H4JC53MZ03F2AD9C02K5P2C8', '01H4JC53MZ03WN5GCV01RS48C0', now(), now(), '2147483646') ON CONFLICT DO NOTHING;

INSERT INTO staff
(staff_id, created_at, updated_at, deleted_at, resource_path, auto_create_timesheet, working_status, start_date, end_date)
VALUES ('01H4JC53MZ03F2AD9C02K5P2C8', now(), now(), NULL, '2147483646', DEFAULT, DEFAULT, NULL, NULL) ON CONFLICT DO NOTHING;

--- Create VirtualClassroomScheduleJob account
INSERT INTO public.users
(user_id, country, name, avatar, phone_number, email, device_token, allow_notification, user_group, updated_at, created_at, is_tester, facebook_id, platform, phone_verified, email_verified, deleted_at, given_name, resource_path, is_system)
VALUES('01H4JC53MZ03GBV9SG02BTJYD2', 'COUNTRY_JP', 'VirtualClassroom Schedule Job', '', NULL, 'schedule_job+virtualclassroom@manabie.com', NULL, NULL, 'USER_GROUP_SCHOOL_ADMIN', now(), now(), NULL, NULL, NULL, NULL, NULL, NULL, NULL, '2147483646', true)
ON CONFLICT DO NOTHING;

INSERT INTO user_group_member(
user_id,
user_group_id,
created_at,
updated_at,
resource_path
) VALUES
('01H4JC53MZ03GBV9SG02BTJYD2', '01H4JC53MZ027GES0F01GP3C9Z', now(), now(), '2147483646') ON CONFLICT DO NOTHING;

INSERT INTO staff
(staff_id, created_at, updated_at, deleted_at, resource_path, auto_create_timesheet, working_status, start_date, end_date)
VALUES ('01H4JC53MZ03GBV9SG02BTJYD2', now(), now(), NULL, '2147483646', DEFAULT, DEFAULT, NULL, NULL) ON CONFLICT DO NOTHING;