------ Bestco Internal ------
INSERT INTO public.location_types (location_type_id, name, "display_name", resource_path, updated_at, created_at)
VALUES ('01H4QG7EKN017PBSEA021WZPZ4','org','Bestco Internal', '2147483643', now(), now()) ON CONFLICT DO NOTHING;


INSERT INTO public.locations (location_id, name, location_type, partner_internal_id, partner_internal_parent_id, parent_location_id, resource_path, updated_at, created_at,access_path)
VALUES ('01H4QG7EKN017PBSEA021WZPZ4', 'Bestco Internal', '01H4QG7EKN017PBSEA021WZPZ4',NULL, NULL, NULL, '2147483643', now(), now(), '01H4QG7EKN017PBSEA021WZPZ4') ON CONFLICT DO NOTHING;


INSERT INTO organizations (organization_id, tenant_id, name, resource_path, domain_name, logo_url, country, created_at, updated_at, deleted_at)
VALUES ('2147483643', 'bestco-internal-a6g6v', 'Bestco Internal', '2147483643', 'bestco-internal', 'https://storage.googleapis.com/prod-tokyo-backend/user-upload/tenant_logo/bestco_logo.png', 'COUNTRY_JP', now(), now(), null) ON CONFLICT DO NOTHING;


INSERT INTO public.organization_auths (organization_id, auth_project_id, auth_tenant_id)
VALUES (2147483643, 'student-coach-e1e95', 'bestco-internal-a6g6v') ON CONFLICT DO NOTHING;


INSERT INTO schools (school_id, name, country, city_id, district_id, point, is_system_school, created_at, updated_at, is_merge, phone_number, deleted_at, resource_path)
VALUES (2147483643, 'Bestco Internal', 'COUNTRY_JP', 1,  1, null,  false, now(), now(), false, null,  null, '2147483643') ON CONFLICT DO NOTHING;


INSERT INTO "permission" (permission_id,permission_name,created_at,updated_at,resource_path) VALUES
('01H4QG7EKR01YBAR0H01F1DHJ0','entryexit.student_entryexit_records.read','now()','now()','2147483643'),
('01H4QG7EKQ00ZCMMQ503KRAZGJ','entryexit.student_qr.write','now()','now()','2147483643'),
('01H4QG7EKR02J2Y6J800ZHSPYG','entryexit.student_qr.read','now()','now()','2147483643'),
('01H4QG7EKR03WJQ1FM00JBPN03','payment.student_product.read','now()','now()','2147483643'),
('01H4QG7EKR02QJP0N3015CMS89','payment.student_product.write','now()','now()','2147483643'),
('01H4QG7EKR037P34TB00ZZ94SE','payment.bill_item.read','now()','now()','2147483643'),
('01H4QG7EKQ03Q5B7M103GE8YHR','master.location.read','now()','now()','2147483643'),
('01H4QG7EKR03QX3GX60257Y131','payment.order.read','now()','now()','2147483643'),
('01H4QG7EKR01H7YH0Q036BHY78','communication.notification.read','now()','now()','2147483643'),
('01H4QG7EKQ00WB2C5V00K393H7','lesson.lesson.write','now()','now()','2147483643'),
('01H4QG7EKR02MQ8N5D00X88PF6','lesson.lesson.read','now()','now()','2147483643'),
('01H4QG7EKR0345PNKT02YHBX7K','lesson.lessonmember.write','now()','now()','2147483643'),
('01H4QG7EKR03JB1YNS00V19TPS','lesson.reallocation.read','now()','now()','2147483643'),
('01H4QG7EKR01PPV3RY00R40QDP','lesson.reallocation.write','now()','now()','2147483643'),
('01H4QG7EKR00T6WTNJ01RPP87P','timesheet.timesheet.read','now()','now()','2147483643'),
('01H4QG7EKR03QB9XMW03XG3ZHT','timesheet.timesheet.write','now()','now()','2147483643'),
('01H4QG7EKR000QENC10367MVAF','user.user.write','now()','now()','2147483643'),
('01H4QG7EKR01R1VXVT0396NQF7','user.student.write','now()','now()','2147483643'),
('01H4QG7EKR01G9XJG900GX7ATM','user.usergroup.read','now()','now()','2147483643'),
('01H4QG7EKQ03983N0A02BJY3FM','payment.order.write','now()','now()','2147483643'),
('01H4QG7EKR01KZ456G000QZTA5','payment.student_payment_detail.write','now()','now()','2147483643'),
('01H4QG7EKR03SSTR4A02PZ11SN','payment.billing_address.read','now()','now()','2147483643'),
('01H4QG7EKR003P74FN03SZ4R9Y','payment.billing_address.write','now()','now()','2147483643'),
('01H4QG7EKR01AMCHT5002BB2F6','payment.bank_account.write','now()','now()','2147483643'),
('01H4QG7EKR005M7P0V01TTD5QD','lesson.report.review','now()','now()','2147483643'),
('01H4QG7EKR01FJSXF1028X3661','user.user.read','now()','now()','2147483643'),
('01H4QG7EKR03M18475016K3EH5','user.parent.read','now()','now()','2147483643'),
('01H4QG7EKR01QK52GZ00PWZYBH','user.parent.write','now()','now()','2147483643'),
('01H4QG7EKR02Q0GWZK0040CDGT','user.staff.read','now()','now()','2147483643'),
('01H4QG7EKQ021GPXQD004AV7N0','user.usergroupmember.write','now()','now()','2147483643'),
('01H4QG7EKR00XFQT9X039TJ3FF','user.usergroupmember.read','now()','now()','2147483643'),
('01H4QG7EKR03EVYP5C01GTYE9M','user.student_course.write','now()','now()','2147483643'),
('01H4QG7EKR006DGPBK02PX560N','virtualclassroom.room_state.read','now()','now()','2147483643'),
('01H4QG7EKR032B475A02RP5C93','virtualclassroom.room_state.write','now()','now()','2147483643'),
('01H4QG7EKR007Z7Q4V03FKJB95','payment.bank_account.read','now()','now()','2147483643'),
('01H4QG7EKR01510HXB02JRJXF2','master.course.read','now()','now()','2147483643'),
('01H4QG7EKR039PJXGG0175BGHK','entryexit.student_entryexit_records.write','now()','now()','2147483643'),
('01H4QG7EKQ03X7EPHB00NDCZG5','payment.bill_item.write','now()','now()','2147483643'),
('01H4QG7EKR03FANZZJ000DQVR5','communication.notification.write','now()','now()','2147483643'),
('01H4QG7EKQ01NZN71H02JPX3P5','communication.conversation.write','now()','now()','2147483643'),
('01H4QG7EKR01AQYWZ7005VJ2CM','lesson.lessonmember.read','now()','now()','2147483643'),
('01H4QG7EKR039PXS0F02TV768V','user.student.read','now()','now()','2147483643'),
('01H4QG7EKQ028RM4SD00WTFWG0','user.usergroup.write','now()','now()','2147483643'),
('01H4QG7EKQ01JD4FQA01GXTR9V','payment.invoice.write','now()','now()','2147483643'),
('01H4QG7EKR00Q6AKM3014M7YPP','payment.payment.write','now()','now()','2147483643'),
('01H4QG7EKQ03R1KSNR001W93Q1','payment.invoice.read','now()','now()','2147483643'),
('01H4QG7EKQ00YHVWA6015P0S20','communication.notification.owner','now()','now()','2147483643'),
('01H4QG7EKQ03ZVPT430153FKKW','user.student_enrollment_status_history.read','now()','now()','2147483643'),
('01H4QG7EKR009DG7XF02M7Z5RR','communication.conversation.read','now()','now()','2147483643'),
('01H4QG7EKR03A2PQCY024GC0JF','payment.student_payment_detail.read','now()','now()','2147483643'),
('01H4QG7EKR005Q7ZXD03CVMXG9','master.course.write','now()','now()','2147483643'),
('01H4QG7EKR03AZDCFE0374ZPJA','payment.payment.read','now()','now()','2147483643'),
('01H4QG7EKR02CS5Y7F00A0V657','user.staff.write','now()','now()','2147483643'),
('01H4QG7EKR029CNHFD03HT7CCE','master.location.write','now()','now()','2147483643')
ON CONFLICT DO NOTHING;


INSERT INTO role (role_id,role_name,is_system,created_at,updated_at,resource_path) VALUES
('01H4QG7EKR010A0SS302BHKM3V','Teacher',false,'now()','now()','2147483643'),
('01H4QG7EKR0390AYG002V10KBT','HQ Staff',false,'now()','now()','2147483643'),
('01H4QG7EKR0055P7YB03BY1VQF','Centre Manager',false,'now()','now()','2147483643'),
('01H4QG7EKR01SBVS9Q0328P5CR','Centre Lead',false,'now()','now()','2147483643'),
('01H4QG7EKR02BCCEYF01NPC18F','School Admin',false,'now()','now()','2147483643'),
('01H4QG7EKR01MQN07M01AMZNKY','PaymentScheduleJob',true,'now()','now()','2147483643'),
('01H4QG7EKR02W74JYA03C7JXYH','OpenAPI',true,'now()','now()','2147483643'),
('01H4QG7EKR02N3CA3J02K4D8WB','Parent',true,'now()','now()','2147483643'),
('01H4QG7EKR01TR3J0001VGA4V7','Centre Staff',false,'now()','now()','2147483643'),
('01H4QG7EKR00FQKMJJ02N0VTYJ','Student',true,'now()','now()','2147483643'),
('01H4QG7EKR03GFNXEE028V5W4K','Teacher Lead',false,'now()','now()','2147483643'),
('01H4QG7EKR01XY1N7401XJ6JMC','NotificationScheduleJob',true,'now()','now()','2147483643'),
('01H4QG7EKR027FX2GQ03NQ0EA3','UsermgmtScheduleJob',true,'now()','now()','2147483643'),
('01H4QG7EKR019TWAC000ZA7BNE','VirtualClassroomScheduleJob',true,'now()','now()','2147483643')
ON CONFLICT DO NOTHING;


INSERT INTO permission_role (permission_id,role_id,created_at,updated_at,resource_path) VALUES
('01H4QG7EKR01YBAR0H01F1DHJ0','01H4QG7EKR010A0SS302BHKM3V','now()','now()','2147483643'),
('01H4QG7EKQ00ZCMMQ503KRAZGJ','01H4QG7EKR0390AYG002V10KBT','now()','now()','2147483643'),
('01H4QG7EKR02J2Y6J800ZHSPYG','01H4QG7EKR0055P7YB03BY1VQF','now()','now()','2147483643'),
('01H4QG7EKR03WJQ1FM00JBPN03','01H4QG7EKR01SBVS9Q0328P5CR','now()','now()','2147483643'),
('01H4QG7EKR03WJQ1FM00JBPN03','01H4QG7EKR02BCCEYF01NPC18F','now()','now()','2147483643'),
('01H4QG7EKR02QJP0N3015CMS89','01H4QG7EKR02BCCEYF01NPC18F','now()','now()','2147483643'),
('01H4QG7EKR037P34TB00ZZ94SE','01H4QG7EKR0055P7YB03BY1VQF','now()','now()','2147483643'),
('01H4QG7EKR037P34TB00ZZ94SE','01H4QG7EKR01MQN07M01AMZNKY','now()','now()','2147483643'),
('01H4QG7EKQ03Q5B7M103GE8YHR','01H4QG7EKR0055P7YB03BY1VQF','now()','now()','2147483643'),
('01H4QG7EKQ03Q5B7M103GE8YHR','01H4QG7EKR02W74JYA03C7JXYH','now()','now()','2147483643'),
('01H4QG7EKR03QX3GX60257Y131','01H4QG7EKR0055P7YB03BY1VQF','now()','now()','2147483643'),
('01H4QG7EKR01H7YH0Q036BHY78','01H4QG7EKR02N3CA3J02K4D8WB','now()','now()','2147483643'),
('01H4QG7EKQ00WB2C5V00K393H7','01H4QG7EKR01TR3J0001VGA4V7','now()','now()','2147483643'),
('01H4QG7EKR02MQ8N5D00X88PF6','01H4QG7EKR010A0SS302BHKM3V','now()','now()','2147483643'),
('01H4QG7EKR0345PNKT02YHBX7K','01H4QG7EKR01TR3J0001VGA4V7','now()','now()','2147483643'),
('01H4QG7EKR03JB1YNS00V19TPS','01H4QG7EKR01TR3J0001VGA4V7','now()','now()','2147483643'),
('01H4QG7EKR01PPV3RY00R40QDP','01H4QG7EKR010A0SS302BHKM3V','now()','now()','2147483643'),
('01H4QG7EKR01PPV3RY00R40QDP','01H4QG7EKR0390AYG002V10KBT','now()','now()','2147483643'),
('01H4QG7EKR00T6WTNJ01RPP87P','01H4QG7EKR010A0SS302BHKM3V','now()','now()','2147483643'),
('01H4QG7EKR03QB9XMW03XG3ZHT','01H4QG7EKR02BCCEYF01NPC18F','now()','now()','2147483643'),
('01H4QG7EKR03QB9XMW03XG3ZHT','01H4QG7EKR01TR3J0001VGA4V7','now()','now()','2147483643'),
('01H4QG7EKR000QENC10367MVAF','01H4QG7EKR01SBVS9Q0328P5CR','now()','now()','2147483643'),
('01H4QG7EKR01R1VXVT0396NQF7','01H4QG7EKR01SBVS9Q0328P5CR','now()','now()','2147483643'),
('01H4QG7EKR01R1VXVT0396NQF7','01H4QG7EKR00FQKMJJ02N0VTYJ','now()','now()','2147483643'),
('01H4QG7EKR01G9XJG900GX7ATM','01H4QG7EKR02W74JYA03C7JXYH','now()','now()','2147483643'),
('01H4QG7EKQ03983N0A02BJY3FM','01H4QG7EKR02BCCEYF01NPC18F','now()','now()','2147483643'),
('01H4QG7EKR01KZ456G000QZTA5','01H4QG7EKR02BCCEYF01NPC18F','now()','now()','2147483643'),
('01H4QG7EKR03SSTR4A02PZ11SN','01H4QG7EKR02BCCEYF01NPC18F','now()','now()','2147483643'),
('01H4QG7EKR003P74FN03SZ4R9Y','01H4QG7EKR0390AYG002V10KBT','now()','now()','2147483643'),
('01H4QG7EKR01AMCHT5002BB2F6','01H4QG7EKR02BCCEYF01NPC18F','now()','now()','2147483643'),
('01H4QG7EKR005M7P0V01TTD5QD','01H4QG7EKR0390AYG002V10KBT','now()','now()','2147483643'),
('01H4QG7EKR037P34TB00ZZ94SE','01H4QG7EKR01SBVS9Q0328P5CR','now()','now()','2147483643'),
('01H4QG7EKR03QX3GX60257Y131','01H4QG7EKR02BCCEYF01NPC18F','now()','now()','2147483643'),
('01H4QG7EKQ00WB2C5V00K393H7','01H4QG7EKR010A0SS302BHKM3V','now()','now()','2147483643'),
('01H4QG7EKQ00WB2C5V00K393H7','01H4QG7EKR02BCCEYF01NPC18F','now()','now()','2147483643'),
('01H4QG7EKR0345PNKT02YHBX7K','01H4QG7EKR0055P7YB03BY1VQF','now()','now()','2147483643'),
('01H4QG7EKR03JB1YNS00V19TPS','01H4QG7EKR02BCCEYF01NPC18F','now()','now()','2147483643'),
('01H4QG7EKR03JB1YNS00V19TPS','01H4QG7EKR0055P7YB03BY1VQF','now()','now()','2147483643'),
('01H4QG7EKR03JB1YNS00V19TPS','01H4QG7EKR010A0SS302BHKM3V','now()','now()','2147483643'),
('01H4QG7EKR01PPV3RY00R40QDP','01H4QG7EKR02BCCEYF01NPC18F','now()','now()','2147483643'),
('01H4QG7EKR01FJSXF1028X3661','01H4QG7EKR0055P7YB03BY1VQF','now()','now()','2147483643'),
('01H4QG7EKR01FJSXF1028X3661','01H4QG7EKR010A0SS302BHKM3V','now()','now()','2147483643'),
('01H4QG7EKR01R1VXVT0396NQF7','01H4QG7EKR0390AYG002V10KBT','now()','now()','2147483643'),
('01H4QG7EKR03M18475016K3EH5','01H4QG7EKR00FQKMJJ02N0VTYJ','now()','now()','2147483643'),
('01H4QG7EKR03M18475016K3EH5','01H4QG7EKR010A0SS302BHKM3V','now()','now()','2147483643'),
('01H4QG7EKR01QK52GZ00PWZYBH','01H4QG7EKR02BCCEYF01NPC18F','now()','now()','2147483643'),
('01H4QG7EKR01QK52GZ00PWZYBH','01H4QG7EKR01SBVS9Q0328P5CR','now()','now()','2147483643'),
('01H4QG7EKR02Q0GWZK0040CDGT','01H4QG7EKR010A0SS302BHKM3V','now()','now()','2147483643'),
('01H4QG7EKQ021GPXQD004AV7N0','01H4QG7EKR02W74JYA03C7JXYH','now()','now()','2147483643'),
('01H4QG7EKR00XFQT9X039TJ3FF','01H4QG7EKR03GFNXEE028V5W4K','now()','now()','2147483643'),
('01H4QG7EKR00XFQT9X039TJ3FF','01H4QG7EKR02N3CA3J02K4D8WB','now()','now()','2147483643'),
('01H4QG7EKR03EVYP5C01GTYE9M','01H4QG7EKR01TR3J0001VGA4V7','now()','now()','2147483643'),
('01H4QG7EKR006DGPBK02PX560N','01H4QG7EKR01SBVS9Q0328P5CR','now()','now()','2147483643'),
('01H4QG7EKR006DGPBK02PX560N','01H4QG7EKR02BCCEYF01NPC18F','now()','now()','2147483643'),
('01H4QG7EKR032B475A02RP5C93','01H4QG7EKR02BCCEYF01NPC18F','now()','now()','2147483643'),
('01H4QG7EKR032B475A02RP5C93','01H4QG7EKR0390AYG002V10KBT','now()','now()','2147483643'),
('01H4QG7EKQ03983N0A02BJY3FM','01H4QG7EKR0390AYG002V10KBT','now()','now()','2147483643'),
('01H4QG7EKQ03983N0A02BJY3FM','01H4QG7EKR01TR3J0001VGA4V7','now()','now()','2147483643'),
('01H4QG7EKR003P74FN03SZ4R9Y','01H4QG7EKR01TR3J0001VGA4V7','now()','now()','2147483643'),
('01H4QG7EKR007Z7Q4V03FKJB95','01H4QG7EKR01TR3J0001VGA4V7','now()','now()','2147483643'),
('01H4QG7EKR01AMCHT5002BB2F6','01H4QG7EKR0390AYG002V10KBT','now()','now()','2147483643'),
('01H4QG7EKR01510HXB02JRJXF2','01H4QG7EKR0390AYG002V10KBT','now()','now()','2147483643'),
('01H4QG7EKR01510HXB02JRJXF2','01H4QG7EKR03GFNXEE028V5W4K','now()','now()','2147483643'),
('01H4QG7EKR007Z7Q4V03FKJB95','01H4QG7EKR02W74JYA03C7JXYH','now()','now()','2147483643'),
('01H4QG7EKR039PJXGG0175BGHK','01H4QG7EKR01TR3J0001VGA4V7','now()','now()','2147483643'),
('01H4QG7EKR01YBAR0H01F1DHJ0','01H4QG7EKR0055P7YB03BY1VQF','now()','now()','2147483643'),
('01H4QG7EKQ00ZCMMQ503KRAZGJ','01H4QG7EKR0055P7YB03BY1VQF','now()','now()','2147483643'),
('01H4QG7EKQ00ZCMMQ503KRAZGJ','01H4QG7EKR01TR3J0001VGA4V7','now()','now()','2147483643'),
('01H4QG7EKR02QJP0N3015CMS89','01H4QG7EKR01TR3J0001VGA4V7','now()','now()','2147483643'),
('01H4QG7EKQ03X7EPHB00NDCZG5','01H4QG7EKR0390AYG002V10KBT','now()','now()','2147483643'),
('01H4QG7EKQ03Q5B7M103GE8YHR','01H4QG7EKR02BCCEYF01NPC18F','now()','now()','2147483643'),
('01H4QG7EKR01H7YH0Q036BHY78','01H4QG7EKR01XY1N7401XJ6JMC','now()','now()','2147483643'),
('01H4QG7EKR01H7YH0Q036BHY78','01H4QG7EKR02BCCEYF01NPC18F','now()','now()','2147483643'),
('01H4QG7EKR03FANZZJ000DQVR5','01H4QG7EKR02BCCEYF01NPC18F','now()','now()','2147483643'),
('01H4QG7EKQ01NZN71H02JPX3P5','01H4QG7EKR010A0SS302BHKM3V','now()','now()','2147483643'),
('01H4QG7EKR02MQ8N5D00X88PF6','01H4QG7EKR00FQKMJJ02N0VTYJ','now()','now()','2147483643'),
('01H4QG7EKR01AQYWZ7005VJ2CM','01H4QG7EKR00FQKMJJ02N0VTYJ','now()','now()','2147483643'),
('01H4QG7EKR01AQYWZ7005VJ2CM','01H4QG7EKR01TR3J0001VGA4V7','now()','now()','2147483643'),
('01H4QG7EKR0345PNKT02YHBX7K','01H4QG7EKR03GFNXEE028V5W4K','now()','now()','2147483643'),
('01H4QG7EKR00T6WTNJ01RPP87P','01H4QG7EKR01SBVS9Q0328P5CR','now()','now()','2147483643'),
('01H4QG7EKR00T6WTNJ01RPP87P','01H4QG7EKR03GFNXEE028V5W4K','now()','now()','2147483643'),
('01H4QG7EKR00T6WTNJ01RPP87P','01H4QG7EKR0390AYG002V10KBT','now()','now()','2147483643'),
('01H4QG7EKR03QB9XMW03XG3ZHT','01H4QG7EKR0390AYG002V10KBT','now()','now()','2147483643'),
('01H4QG7EKR01FJSXF1028X3661','01H4QG7EKR03GFNXEE028V5W4K','now()','now()','2147483643'),
('01H4QG7EKR01FJSXF1028X3661','01H4QG7EKR02BCCEYF01NPC18F','now()','now()','2147483643'),
('01H4QG7EKR039PXS0F02TV768V','01H4QG7EKR01XY1N7401XJ6JMC','now()','now()','2147483643'),
('01H4QG7EKR03M18475016K3EH5','01H4QG7EKR01TR3J0001VGA4V7','now()','now()','2147483643'),
('01H4QG7EKR03M18475016K3EH5','01H4QG7EKR0055P7YB03BY1VQF','now()','now()','2147483643'),
('01H4QG7EKR01QK52GZ00PWZYBH','01H4QG7EKR01TR3J0001VGA4V7','now()','now()','2147483643'),
('01H4QG7EKR01QK52GZ00PWZYBH','01H4QG7EKR027FX2GQ03NQ0EA3','now()','now()','2147483643'),
('01H4QG7EKR02Q0GWZK0040CDGT','01H4QG7EKR0055P7YB03BY1VQF','now()','now()','2147483643'),
('01H4QG7EKR02Q0GWZK0040CDGT','01H4QG7EKR01TR3J0001VGA4V7','now()','now()','2147483643'),
('01H4QG7EKR01G9XJG900GX7ATM','01H4QG7EKR02BCCEYF01NPC18F','now()','now()','2147483643'),
('01H4QG7EKQ028RM4SD00WTFWG0','01H4QG7EKR0390AYG002V10KBT','now()','now()','2147483643'),
('01H4QG7EKQ021GPXQD004AV7N0','01H4QG7EKR0390AYG002V10KBT','now()','now()','2147483643'),
('01H4QG7EKR03EVYP5C01GTYE9M','01H4QG7EKR02BCCEYF01NPC18F','now()','now()','2147483643'),
('01H4QG7EKR032B475A02RP5C93','01H4QG7EKR02N3CA3J02K4D8WB','now()','now()','2147483643'),
('01H4QG7EKQ03983N0A02BJY3FM','01H4QG7EKR0055P7YB03BY1VQF','now()','now()','2147483643'),
('01H4QG7EKR03SSTR4A02PZ11SN','01H4QG7EKR0055P7YB03BY1VQF','now()','now()','2147483643'),
('01H4QG7EKR007Z7Q4V03FKJB95','01H4QG7EKR0390AYG002V10KBT','now()','now()','2147483643'),
('01H4QG7EKQ01JD4FQA01GXTR9V','01H4QG7EKR02BCCEYF01NPC18F','now()','now()','2147483643'),
('01H4QG7EKR00Q6AKM3014M7YPP','01H4QG7EKR0390AYG002V10KBT','now()','now()','2147483643'),
('01H4QG7EKR005M7P0V01TTD5QD','01H4QG7EKR01SBVS9Q0328P5CR','now()','now()','2147483643'),
('01H4QG7EKQ03X7EPHB00NDCZG5','01H4QG7EKR0055P7YB03BY1VQF','now()','now()','2147483643'),
('01H4QG7EKQ03Q5B7M103GE8YHR','01H4QG7EKR010A0SS302BHKM3V','now()','now()','2147483643'),
('01H4QG7EKQ03Q5B7M103GE8YHR','01H4QG7EKR0390AYG002V10KBT','now()','now()','2147483643'),
('01H4QG7EKR02MQ8N5D00X88PF6','01H4QG7EKR02N3CA3J02K4D8WB','now()','now()','2147483643'),
('01H4QG7EKR01AQYWZ7005VJ2CM','01H4QG7EKR010A0SS302BHKM3V','now()','now()','2147483643'),
('01H4QG7EKR0345PNKT02YHBX7K','01H4QG7EKR01SBVS9Q0328P5CR','now()','now()','2147483643'),
('01H4QG7EKR03JB1YNS00V19TPS','01H4QG7EKR02N3CA3J02K4D8WB','now()','now()','2147483643'),
('01H4QG7EKR000QENC10367MVAF','01H4QG7EKR02W74JYA03C7JXYH','now()','now()','2147483643'),
('01H4QG7EKR039PXS0F02TV768V','01H4QG7EKR01TR3J0001VGA4V7','now()','now()','2147483643'),
('01H4QG7EKR039PXS0F02TV768V','01H4QG7EKR03GFNXEE028V5W4K','now()','now()','2147483643'),
('01H4QG7EKR01R1VXVT0396NQF7','01H4QG7EKR02W74JYA03C7JXYH','now()','now()','2147483643'),
('01H4QG7EKR02Q0GWZK0040CDGT','01H4QG7EKR02BCCEYF01NPC18F','now()','now()','2147483643'),
('01H4QG7EKR02Q0GWZK0040CDGT','01H4QG7EKR02N3CA3J02K4D8WB','now()','now()','2147483643'),
('01H4QG7EKR01G9XJG900GX7ATM','01H4QG7EKR00FQKMJJ02N0VTYJ','now()','now()','2147483643'),
('01H4QG7EKR01G9XJG900GX7ATM','01H4QG7EKR02N3CA3J02K4D8WB','now()','now()','2147483643'),
('01H4QG7EKQ028RM4SD00WTFWG0','01H4QG7EKR027FX2GQ03NQ0EA3','now()','now()','2147483643'),
('01H4QG7EKR006DGPBK02PX560N','01H4QG7EKR03GFNXEE028V5W4K','now()','now()','2147483643'),
('01H4QG7EKR006DGPBK02PX560N','01H4QG7EKR02N3CA3J02K4D8WB','now()','now()','2147483643'),
('01H4QG7EKR032B475A02RP5C93','01H4QG7EKR01SBVS9Q0328P5CR','now()','now()','2147483643'),
('01H4QG7EKR01KZ456G000QZTA5','01H4QG7EKR0055P7YB03BY1VQF','now()','now()','2147483643'),
('01H4QG7EKR007Z7Q4V03FKJB95','01H4QG7EKR01SBVS9Q0328P5CR','now()','now()','2147483643'),
('01H4QG7EKQ03R1KSNR001W93Q1','01H4QG7EKR0055P7YB03BY1VQF','now()','now()','2147483643'),
('01H4QG7EKR01510HXB02JRJXF2','01H4QG7EKR01XY1N7401XJ6JMC','now()','now()','2147483643'),
('01H4QG7EKR005M7P0V01TTD5QD','01H4QG7EKR0055P7YB03BY1VQF','now()','now()','2147483643'),
('01H4QG7EKQ00ZCMMQ503KRAZGJ','01H4QG7EKR01SBVS9Q0328P5CR','now()','now()','2147483643'),
('01H4QG7EKR02J2Y6J800ZHSPYG','01H4QG7EKR010A0SS302BHKM3V','now()','now()','2147483643'),
('01H4QG7EKR03WJQ1FM00JBPN03','01H4QG7EKR0055P7YB03BY1VQF','now()','now()','2147483643'),
('01H4QG7EKR02QJP0N3015CMS89','01H4QG7EKR0390AYG002V10KBT','now()','now()','2147483643'),
('01H4QG7EKR037P34TB00ZZ94SE','01H4QG7EKR0390AYG002V10KBT','now()','now()','2147483643'),
('01H4QG7EKQ03Q5B7M103GE8YHR','01H4QG7EKR01SBVS9Q0328P5CR','now()','now()','2147483643'),
('01H4QG7EKQ03Q5B7M103GE8YHR','01H4QG7EKR02N3CA3J02K4D8WB','now()','now()','2147483643'),
('01H4QG7EKQ03Q5B7M103GE8YHR','01H4QG7EKR027FX2GQ03NQ0EA3','now()','now()','2147483643'),
('01H4QG7EKR03QX3GX60257Y131','01H4QG7EKR01SBVS9Q0328P5CR','now()','now()','2147483643'),
('01H4QG7EKR01H7YH0Q036BHY78','01H4QG7EKR01TR3J0001VGA4V7','now()','now()','2147483643'),
('01H4QG7EKQ00YHVWA6015P0S20','01H4QG7EKR01TR3J0001VGA4V7','now()','now()','2147483643'),
('01H4QG7EKQ00YHVWA6015P0S20','01H4QG7EKR010A0SS302BHKM3V','now()','now()','2147483643'),
('01H4QG7EKQ01NZN71H02JPX3P5','01H4QG7EKR02N3CA3J02K4D8WB','now()','now()','2147483643'),
('01H4QG7EKR02MQ8N5D00X88PF6','01H4QG7EKR01SBVS9Q0328P5CR','now()','now()','2147483643'),
('01H4QG7EKR02MQ8N5D00X88PF6','01H4QG7EKR0055P7YB03BY1VQF','now()','now()','2147483643'),
('01H4QG7EKR01AQYWZ7005VJ2CM','01H4QG7EKR0055P7YB03BY1VQF','now()','now()','2147483643'),
('01H4QG7EKR0345PNKT02YHBX7K','01H4QG7EKR0390AYG002V10KBT','now()','now()','2147483643'),
('01H4QG7EKR01PPV3RY00R40QDP','01H4QG7EKR0055P7YB03BY1VQF','now()','now()','2147483643'),
('01H4QG7EKR00T6WTNJ01RPP87P','01H4QG7EKR02BCCEYF01NPC18F','now()','now()','2147483643'),
('01H4QG7EKR03QB9XMW03XG3ZHT','01H4QG7EKR01SBVS9Q0328P5CR','now()','now()','2147483643'),
('01H4QG7EKR000QENC10367MVAF','01H4QG7EKR02BCCEYF01NPC18F','now()','now()','2147483643'),
('01H4QG7EKR01R1VXVT0396NQF7','01H4QG7EKR02BCCEYF01NPC18F','now()','now()','2147483643'),
('01H4QG7EKR03M18475016K3EH5','01H4QG7EKR03GFNXEE028V5W4K','now()','now()','2147483643'),
('01H4QG7EKQ028RM4SD00WTFWG0','01H4QG7EKR02BCCEYF01NPC18F','now()','now()','2147483643'),
('01H4QG7EKR00XFQT9X039TJ3FF','01H4QG7EKR01SBVS9Q0328P5CR','now()','now()','2147483643'),
('01H4QG7EKR00XFQT9X039TJ3FF','01H4QG7EKR02W74JYA03C7JXYH','now()','now()','2147483643'),
('01H4QG7EKR006DGPBK02PX560N','01H4QG7EKR010A0SS302BHKM3V','now()','now()','2147483643'),
('01H4QG7EKR032B475A02RP5C93','01H4QG7EKR00FQKMJJ02N0VTYJ','now()','now()','2147483643'),
('01H4QG7EKR032B475A02RP5C93','01H4QG7EKR010A0SS302BHKM3V','now()','now()','2147483643'),
('01H4QG7EKQ03983N0A02BJY3FM','01H4QG7EKR01MQN07M01AMZNKY','now()','now()','2147483643'),
('01H4QG7EKQ03R1KSNR001W93Q1','01H4QG7EKR02BCCEYF01NPC18F','now()','now()','2147483643'),
('01H4QG7EKQ03ZVPT430153FKKW','01H4QG7EKR027FX2GQ03NQ0EA3','now()','now()','2147483643'),
('01H4QG7EKR01510HXB02JRJXF2','01H4QG7EKR010A0SS302BHKM3V','now()','now()','2147483643'),
('01H4QG7EKR01510HXB02JRJXF2','01H4QG7EKR00FQKMJJ02N0VTYJ','now()','now()','2147483643'),
('01H4QG7EKR005M7P0V01TTD5QD','01H4QG7EKR010A0SS302BHKM3V','now()','now()','2147483643'),
('01H4QG7EKR005M7P0V01TTD5QD','01H4QG7EKR03GFNXEE028V5W4K','now()','now()','2147483643'),
('01H4QG7EKR03M18475016K3EH5','01H4QG7EKR02W74JYA03C7JXYH','now()','now()','2147483643'),
('01H4QG7EKR01YBAR0H01F1DHJ0','01H4QG7EKR00FQKMJJ02N0VTYJ','now()','now()','2147483643'),
('01H4QG7EKQ00ZCMMQ503KRAZGJ','01H4QG7EKR00FQKMJJ02N0VTYJ','now()','now()','2147483643'),
('01H4QG7EKR02J2Y6J800ZHSPYG','01H4QG7EKR00FQKMJJ02N0VTYJ','now()','now()','2147483643'),
('01H4QG7EKR02J2Y6J800ZHSPYG','01H4QG7EKR02N3CA3J02K4D8WB','now()','now()','2147483643'),
('01H4QG7EKQ03X7EPHB00NDCZG5','01H4QG7EKR01TR3J0001VGA4V7','now()','now()','2147483643'),
('01H4QG7EKQ03X7EPHB00NDCZG5','01H4QG7EKR02BCCEYF01NPC18F','now()','now()','2147483643'),
('01H4QG7EKR009DG7XF02M7Z5RR','01H4QG7EKR010A0SS302BHKM3V','now()','now()','2147483643'),
('01H4QG7EKQ01NZN71H02JPX3P5','01H4QG7EKR00FQKMJJ02N0VTYJ','now()','now()','2147483643'),
('01H4QG7EKQ00WB2C5V00K393H7','01H4QG7EKR0055P7YB03BY1VQF','now()','now()','2147483643'),
('01H4QG7EKR02MQ8N5D00X88PF6','01H4QG7EKR03GFNXEE028V5W4K','now()','now()','2147483643'),
('01H4QG7EKR01AQYWZ7005VJ2CM','01H4QG7EKR02N3CA3J02K4D8WB','now()','now()','2147483643'),
('01H4QG7EKR03QB9XMW03XG3ZHT','01H4QG7EKR010A0SS302BHKM3V','now()','now()','2147483643'),
('01H4QG7EKR01FJSXF1028X3661','01H4QG7EKR0390AYG002V10KBT','now()','now()','2147483643'),
('01H4QG7EKR01FJSXF1028X3661','01H4QG7EKR02N3CA3J02K4D8WB','now()','now()','2147483643'),
('01H4QG7EKR01FJSXF1028X3661','01H4QG7EKR00FQKMJJ02N0VTYJ','now()','now()','2147483643'),
('01H4QG7EKR039PXS0F02TV768V','01H4QG7EKR0055P7YB03BY1VQF','now()','now()','2147483643'),
('01H4QG7EKR039PXS0F02TV768V','01H4QG7EKR0390AYG002V10KBT','now()','now()','2147483643'),
('01H4QG7EKR03M18475016K3EH5','01H4QG7EKR0390AYG002V10KBT','now()','now()','2147483643'),
('01H4QG7EKR01G9XJG900GX7ATM','01H4QG7EKR0055P7YB03BY1VQF','now()','now()','2147483643'),
('01H4QG7EKQ021GPXQD004AV7N0','01H4QG7EKR027FX2GQ03NQ0EA3','now()','now()','2147483643'),
('01H4QG7EKR032B475A02RP5C93','01H4QG7EKR03GFNXEE028V5W4K','now()','now()','2147483643'),
('01H4QG7EKR01KZ456G000QZTA5','01H4QG7EKR01TR3J0001VGA4V7','now()','now()','2147483643'),
('01H4QG7EKR01KZ456G000QZTA5','01H4QG7EKR0390AYG002V10KBT','now()','now()','2147483643'),
('01H4QG7EKR03SSTR4A02PZ11SN','01H4QG7EKR01TR3J0001VGA4V7','now()','now()','2147483643'),
('01H4QG7EKR005M7P0V01TTD5QD','01H4QG7EKR01TR3J0001VGA4V7','now()','now()','2147483643'),
('01H4QG7EKR01AMCHT5002BB2F6','01H4QG7EKR02W74JYA03C7JXYH','now()','now()','2147483643'),
('01H4QG7EKR039PJXGG0175BGHK','01H4QG7EKR010A0SS302BHKM3V','now()','now()','2147483643'),
('01H4QG7EKR039PJXGG0175BGHK','01H4QG7EKR0055P7YB03BY1VQF','now()','now()','2147483643'),
('01H4QG7EKR039PJXGG0175BGHK','01H4QG7EKR01SBVS9Q0328P5CR','now()','now()','2147483643'),
('01H4QG7EKR01YBAR0H01F1DHJ0','01H4QG7EKR02BCCEYF01NPC18F','now()','now()','2147483643'),
('01H4QG7EKR03WJQ1FM00JBPN03','01H4QG7EKR01TR3J0001VGA4V7','now()','now()','2147483643'),
('01H4QG7EKQ03X7EPHB00NDCZG5','01H4QG7EKR01MQN07M01AMZNKY','now()','now()','2147483643'),
('01H4QG7EKQ03Q5B7M103GE8YHR','01H4QG7EKR00FQKMJJ02N0VTYJ','now()','now()','2147483643'),
('01H4QG7EKQ03Q5B7M103GE8YHR','01H4QG7EKR01TR3J0001VGA4V7','now()','now()','2147483643'),
('01H4QG7EKR03QX3GX60257Y131','01H4QG7EKR0390AYG002V10KBT','now()','now()','2147483643'),
('01H4QG7EKQ00WB2C5V00K393H7','01H4QG7EKR0390AYG002V10KBT','now()','now()','2147483643'),
('01H4QG7EKQ00WB2C5V00K393H7','01H4QG7EKR00FQKMJJ02N0VTYJ','now()','now()','2147483643'),
('01H4QG7EKR02MQ8N5D00X88PF6','01H4QG7EKR01TR3J0001VGA4V7','now()','now()','2147483643'),
('01H4QG7EKR0345PNKT02YHBX7K','01H4QG7EKR010A0SS302BHKM3V','now()','now()','2147483643'),
('01H4QG7EKR01FJSXF1028X3661','01H4QG7EKR02W74JYA03C7JXYH','now()','now()','2147483643'),
('01H4QG7EKR000QENC10367MVAF','01H4QG7EKR01TR3J0001VGA4V7','now()','now()','2147483643'),
('01H4QG7EKR039PXS0F02TV768V','01H4QG7EKR02W74JYA03C7JXYH','now()','now()','2147483643'),
('01H4QG7EKR01R1VXVT0396NQF7','01H4QG7EKR01TR3J0001VGA4V7','now()','now()','2147483643'),
('01H4QG7EKR03M18475016K3EH5','01H4QG7EKR01SBVS9Q0328P5CR','now()','now()','2147483643'),
('01H4QG7EKR02Q0GWZK0040CDGT','01H4QG7EKR0390AYG002V10KBT','now()','now()','2147483643'),
('01H4QG7EKR01G9XJG900GX7ATM','01H4QG7EKR01TR3J0001VGA4V7','now()','now()','2147483643'),
('01H4QG7EKR01G9XJG900GX7ATM','01H4QG7EKR010A0SS302BHKM3V','now()','now()','2147483643'),
('01H4QG7EKQ021GPXQD004AV7N0','01H4QG7EKR02BCCEYF01NPC18F','now()','now()','2147483643'),
('01H4QG7EKR00XFQT9X039TJ3FF','01H4QG7EKR027FX2GQ03NQ0EA3','now()','now()','2147483643'),
('01H4QG7EKR006DGPBK02PX560N','01H4QG7EKR0055P7YB03BY1VQF','now()','now()','2147483643'),
('01H4QG7EKR03A2PQCY024GC0JF','01H4QG7EKR01TR3J0001VGA4V7','now()','now()','2147483643'),
('01H4QG7EKR003P74FN03SZ4R9Y','01H4QG7EKR0055P7YB03BY1VQF','now()','now()','2147483643'),
('01H4QG7EKQ03R1KSNR001W93Q1','01H4QG7EKR01TR3J0001VGA4V7','now()','now()','2147483643'),
('01H4QG7EKQ03R1KSNR001W93Q1','01H4QG7EKR0390AYG002V10KBT','now()','now()','2147483643'),
('01H4QG7EKQ01JD4FQA01GXTR9V','01H4QG7EKR0390AYG002V10KBT','now()','now()','2147483643'),
('01H4QG7EKR01510HXB02JRJXF2','01H4QG7EKR01SBVS9Q0328P5CR','now()','now()','2147483643'),
('01H4QG7EKR01510HXB02JRJXF2','01H4QG7EKR02W74JYA03C7JXYH','now()','now()','2147483643'),
('01H4QG7EKR01510HXB02JRJXF2','01H4QG7EKR027FX2GQ03NQ0EA3','now()','now()','2147483643'),
('01H4QG7EKR005Q7ZXD03CVMXG9','01H4QG7EKR02BCCEYF01NPC18F','now()','now()','2147483643'),
('01H4QG7EKR01QK52GZ00PWZYBH','01H4QG7EKR02W74JYA03C7JXYH','now()','now()','2147483643'),
('01H4QG7EKR039PJXGG0175BGHK','01H4QG7EKR0390AYG002V10KBT','now()','now()','2147483643'),
('01H4QG7EKR01YBAR0H01F1DHJ0','01H4QG7EKR02N3CA3J02K4D8WB','now()','now()','2147483643'),
('01H4QG7EKQ00ZCMMQ503KRAZGJ','01H4QG7EKR02BCCEYF01NPC18F','now()','now()','2147483643'),
('01H4QG7EKR03AZDCFE0374ZPJA','01H4QG7EKR0390AYG002V10KBT','now()','now()','2147483643'),
('01H4QG7EKR037P34TB00ZZ94SE','01H4QG7EKR02BCCEYF01NPC18F','now()','now()','2147483643'),
('01H4QG7EKR01H7YH0Q036BHY78','01H4QG7EKR010A0SS302BHKM3V','now()','now()','2147483643'),
('01H4QG7EKR01H7YH0Q036BHY78','01H4QG7EKR0390AYG002V10KBT','now()','now()','2147483643'),
('01H4QG7EKQ00YHVWA6015P0S20','01H4QG7EKR0055P7YB03BY1VQF','now()','now()','2147483643'),
('01H4QG7EKR02MQ8N5D00X88PF6','01H4QG7EKR02BCCEYF01NPC18F','now()','now()','2147483643'),
('01H4QG7EKR01AQYWZ7005VJ2CM','01H4QG7EKR0390AYG002V10KBT','now()','now()','2147483643'),
('01H4QG7EKR01AQYWZ7005VJ2CM','01H4QG7EKR02BCCEYF01NPC18F','now()','now()','2147483643'),
('01H4QG7EKR01AQYWZ7005VJ2CM','01H4QG7EKR01SBVS9Q0328P5CR','now()','now()','2147483643'),
('01H4QG7EKR0345PNKT02YHBX7K','01H4QG7EKR02BCCEYF01NPC18F','now()','now()','2147483643'),
('01H4QG7EKR03JB1YNS00V19TPS','01H4QG7EKR00FQKMJJ02N0VTYJ','now()','now()','2147483643'),
('01H4QG7EKR03JB1YNS00V19TPS','01H4QG7EKR0390AYG002V10KBT','now()','now()','2147483643'),
('01H4QG7EKR01FJSXF1028X3661','01H4QG7EKR027FX2GQ03NQ0EA3','now()','now()','2147483643'),
('01H4QG7EKR01FJSXF1028X3661','01H4QG7EKR01TR3J0001VGA4V7','now()','now()','2147483643'),
('01H4QG7EKR039PXS0F02TV768V','01H4QG7EKR01SBVS9Q0328P5CR','now()','now()','2147483643'),
('01H4QG7EKR01R1VXVT0396NQF7','01H4QG7EKR0055P7YB03BY1VQF','now()','now()','2147483643'),
('01H4QG7EKR01QK52GZ00PWZYBH','01H4QG7EKR02N3CA3J02K4D8WB','now()','now()','2147483643'),
('01H4QG7EKR02Q0GWZK0040CDGT','01H4QG7EKR01SBVS9Q0328P5CR','now()','now()','2147483643'),
('01H4QG7EKR02Q0GWZK0040CDGT','01H4QG7EKR027FX2GQ03NQ0EA3','now()','now()','2147483643'),
('01H4QG7EKR02CS5Y7F00A0V657','01H4QG7EKR027FX2GQ03NQ0EA3','now()','now()','2147483643'),
('01H4QG7EKR00XFQT9X039TJ3FF','01H4QG7EKR0390AYG002V10KBT','now()','now()','2147483643'),
('01H4QG7EKR00XFQT9X039TJ3FF','01H4QG7EKR01TR3J0001VGA4V7','now()','now()','2147483643'),
('01H4QG7EKR03EVYP5C01GTYE9M','01H4QG7EKR0055P7YB03BY1VQF','now()','now()','2147483643'),
('01H4QG7EKR006DGPBK02PX560N','01H4QG7EKR0390AYG002V10KBT','now()','now()','2147483643'),
('01H4QG7EKR032B475A02RP5C93','01H4QG7EKR0055P7YB03BY1VQF','now()','now()','2147483643'),
('01H4QG7EKR03A2PQCY024GC0JF','01H4QG7EKR0390AYG002V10KBT','now()','now()','2147483643'),
('01H4QG7EKR03A2PQCY024GC0JF','01H4QG7EKR02BCCEYF01NPC18F','now()','now()','2147483643'),
('01H4QG7EKR03SSTR4A02PZ11SN','01H4QG7EKR01SBVS9Q0328P5CR','now()','now()','2147483643'),
('01H4QG7EKR003P74FN03SZ4R9Y','01H4QG7EKR02BCCEYF01NPC18F','now()','now()','2147483643'),
('01H4QG7EKR01AMCHT5002BB2F6','01H4QG7EKR01TR3J0001VGA4V7','now()','now()','2147483643'),
('01H4QG7EKR01KZ456G000QZTA5','01H4QG7EKR02W74JYA03C7JXYH','now()','now()','2147483643'),
('01H4QG7EKR039PJXGG0175BGHK','01H4QG7EKR02BCCEYF01NPC18F','now()','now()','2147483643'),
('01H4QG7EKR01YBAR0H01F1DHJ0','01H4QG7EKR01SBVS9Q0328P5CR','now()','now()','2147483643'),
('01H4QG7EKR01YBAR0H01F1DHJ0','01H4QG7EKR0390AYG002V10KBT','now()','now()','2147483643'),
('01H4QG7EKR02J2Y6J800ZHSPYG','01H4QG7EKR0390AYG002V10KBT','now()','now()','2147483643'),
('01H4QG7EKR02J2Y6J800ZHSPYG','01H4QG7EKR02BCCEYF01NPC18F','now()','now()','2147483643'),
('01H4QG7EKR03AZDCFE0374ZPJA','01H4QG7EKR02BCCEYF01NPC18F','now()','now()','2147483643'),
('01H4QG7EKR03WJQ1FM00JBPN03','01H4QG7EKR0390AYG002V10KBT','now()','now()','2147483643'),
('01H4QG7EKR02QJP0N3015CMS89','01H4QG7EKR0055P7YB03BY1VQF','now()','now()','2147483643'),
('01H4QG7EKR037P34TB00ZZ94SE','01H4QG7EKR01TR3J0001VGA4V7','now()','now()','2147483643'),
('01H4QG7EKR03FANZZJ000DQVR5','01H4QG7EKR01XY1N7401XJ6JMC','now()','now()','2147483643'),
('01H4QG7EKR03FANZZJ000DQVR5','01H4QG7EKR0390AYG002V10KBT','now()','now()','2147483643'),
('01H4QG7EKR009DG7XF02M7Z5RR','01H4QG7EKR00FQKMJJ02N0VTYJ','now()','now()','2147483643'),
('01H4QG7EKR009DG7XF02M7Z5RR','01H4QG7EKR02N3CA3J02K4D8WB','now()','now()','2147483643'),
('01H4QG7EKR03JB1YNS00V19TPS','01H4QG7EKR01SBVS9Q0328P5CR','now()','now()','2147483643'),
('01H4QG7EKR01PPV3RY00R40QDP','01H4QG7EKR01TR3J0001VGA4V7','now()','now()','2147483643'),
('01H4QG7EKR00T6WTNJ01RPP87P','01H4QG7EKR0055P7YB03BY1VQF','now()','now()','2147483643'),
('01H4QG7EKR03QB9XMW03XG3ZHT','01H4QG7EKR0055P7YB03BY1VQF','now()','now()','2147483643'),
('01H4QG7EKR03QB9XMW03XG3ZHT','01H4QG7EKR03GFNXEE028V5W4K','now()','now()','2147483643'),
('01H4QG7EKR01FJSXF1028X3661','01H4QG7EKR01XY1N7401XJ6JMC','now()','now()','2147483643'),
('01H4QG7EKR01FJSXF1028X3661','01H4QG7EKR019TWAC000ZA7BNE','now()','now()','2147483643'),
('01H4QG7EKR000QENC10367MVAF','01H4QG7EKR0390AYG002V10KBT','now()','now()','2147483643'),
('01H4QG7EKR000QENC10367MVAF','01H4QG7EKR0055P7YB03BY1VQF','now()','now()','2147483643'),
('01H4QG7EKR039PXS0F02TV768V','01H4QG7EKR02N3CA3J02K4D8WB','now()','now()','2147483643'),
('01H4QG7EKR03M18475016K3EH5','01H4QG7EKR02N3CA3J02K4D8WB','now()','now()','2147483643'),
('01H4QG7EKR01QK52GZ00PWZYBH','01H4QG7EKR0055P7YB03BY1VQF','now()','now()','2147483643'),
('01H4QG7EKR01QK52GZ00PWZYBH','01H4QG7EKR0390AYG002V10KBT','now()','now()','2147483643'),
('01H4QG7EKR02Q0GWZK0040CDGT','01H4QG7EKR00FQKMJJ02N0VTYJ','now()','now()','2147483643'),
('01H4QG7EKR02CS5Y7F00A0V657','01H4QG7EKR0390AYG002V10KBT','now()','now()','2147483643'),
('01H4QG7EKR01G9XJG900GX7ATM','01H4QG7EKR03GFNXEE028V5W4K','now()','now()','2147483643'),
('01H4QG7EKR01G9XJG900GX7ATM','01H4QG7EKR01SBVS9Q0328P5CR','now()','now()','2147483643'),
('01H4QG7EKR00XFQT9X039TJ3FF','01H4QG7EKR02BCCEYF01NPC18F','now()','now()','2147483643'),
('01H4QG7EKR007Z7Q4V03FKJB95','01H4QG7EKR02BCCEYF01NPC18F','now()','now()','2147483643'),
('01H4QG7EKR007Z7Q4V03FKJB95','01H4QG7EKR0055P7YB03BY1VQF','now()','now()','2147483643'),
('01H4QG7EKR01510HXB02JRJXF2','01H4QG7EKR02N3CA3J02K4D8WB','now()','now()','2147483643'),
('01H4QG7EKR01510HXB02JRJXF2','01H4QG7EKR01TR3J0001VGA4V7','now()','now()','2147483643'),
('01H4QG7EKR03SSTR4A02PZ11SN','01H4QG7EKR02W74JYA03C7JXYH','now()','now()','2147483643'),
('01H4QG7EKR01YBAR0H01F1DHJ0','01H4QG7EKR01TR3J0001VGA4V7','now()','now()','2147483643'),
('01H4QG7EKR02J2Y6J800ZHSPYG','01H4QG7EKR01TR3J0001VGA4V7','now()','now()','2147483643'),
('01H4QG7EKR02J2Y6J800ZHSPYG','01H4QG7EKR01SBVS9Q0328P5CR','now()','now()','2147483643'),
('01H4QG7EKR03WJQ1FM00JBPN03','01H4QG7EKR01MQN07M01AMZNKY','now()','now()','2147483643'),
('01H4QG7EKR02QJP0N3015CMS89','01H4QG7EKR01MQN07M01AMZNKY','now()','now()','2147483643'),
('01H4QG7EKR03QX3GX60257Y131','01H4QG7EKR01MQN07M01AMZNKY','now()','now()','2147483643'),
('01H4QG7EKR03QX3GX60257Y131','01H4QG7EKR01TR3J0001VGA4V7','now()','now()','2147483643'),
('01H4QG7EKR01H7YH0Q036BHY78','01H4QG7EKR00FQKMJJ02N0VTYJ','now()','now()','2147483643'),
('01H4QG7EKR01H7YH0Q036BHY78','01H4QG7EKR0055P7YB03BY1VQF','now()','now()','2147483643'),
('01H4QG7EKR02MQ8N5D00X88PF6','01H4QG7EKR0390AYG002V10KBT','now()','now()','2147483643'),
('01H4QG7EKR02MQ8N5D00X88PF6','01H4QG7EKR019TWAC000ZA7BNE','now()','now()','2147483643'),
('01H4QG7EKR00T6WTNJ01RPP87P','01H4QG7EKR01TR3J0001VGA4V7','now()','now()','2147483643'),
('01H4QG7EKR01FJSXF1028X3661','01H4QG7EKR01SBVS9Q0328P5CR','now()','now()','2147483643'),
('01H4QG7EKR000QENC10367MVAF','01H4QG7EKR027FX2GQ03NQ0EA3','now()','now()','2147483643'),
('01H4QG7EKR039PXS0F02TV768V','01H4QG7EKR010A0SS302BHKM3V','now()','now()','2147483643'),
('01H4QG7EKR039PXS0F02TV768V','01H4QG7EKR00FQKMJJ02N0VTYJ','now()','now()','2147483643'),
('01H4QG7EKR039PXS0F02TV768V','01H4QG7EKR027FX2GQ03NQ0EA3','now()','now()','2147483643'),
('01H4QG7EKR039PXS0F02TV768V','01H4QG7EKR02BCCEYF01NPC18F','now()','now()','2147483643'),
('01H4QG7EKR01R1VXVT0396NQF7','01H4QG7EKR027FX2GQ03NQ0EA3','now()','now()','2147483643'),
('01H4QG7EKR03M18475016K3EH5','01H4QG7EKR02BCCEYF01NPC18F','now()','now()','2147483643'),
('01H4QG7EKR03M18475016K3EH5','01H4QG7EKR027FX2GQ03NQ0EA3','now()','now()','2147483643'),
('01H4QG7EKR02CS5Y7F00A0V657','01H4QG7EKR02BCCEYF01NPC18F','now()','now()','2147483643'),
('01H4QG7EKR01G9XJG900GX7ATM','01H4QG7EKR027FX2GQ03NQ0EA3','now()','now()','2147483643'),
('01H4QG7EKR01G9XJG900GX7ATM','01H4QG7EKR0390AYG002V10KBT','now()','now()','2147483643'),
('01H4QG7EKR00XFQT9X039TJ3FF','01H4QG7EKR00FQKMJJ02N0VTYJ','now()','now()','2147483643'),
('01H4QG7EKR00XFQT9X039TJ3FF','01H4QG7EKR0055P7YB03BY1VQF','now()','now()','2147483643'),
('01H4QG7EKR03EVYP5C01GTYE9M','01H4QG7EKR0390AYG002V10KBT','now()','now()','2147483643'),
('01H4QG7EKR006DGPBK02PX560N','01H4QG7EKR00FQKMJJ02N0VTYJ','now()','now()','2147483643'),
('01H4QG7EKR006DGPBK02PX560N','01H4QG7EKR01TR3J0001VGA4V7','now()','now()','2147483643'),
('01H4QG7EKR032B475A02RP5C93','01H4QG7EKR01TR3J0001VGA4V7','now()','now()','2147483643'),
('01H4QG7EKR03A2PQCY024GC0JF','01H4QG7EKR0055P7YB03BY1VQF','now()','now()','2147483643'),
('01H4QG7EKR03A2PQCY024GC0JF','01H4QG7EKR01SBVS9Q0328P5CR','now()','now()','2147483643'),
('01H4QG7EKR03SSTR4A02PZ11SN','01H4QG7EKR0390AYG002V10KBT','now()','now()','2147483643'),
('01H4QG7EKR01AMCHT5002BB2F6','01H4QG7EKR0055P7YB03BY1VQF','now()','now()','2147483643'),
('01H4QG7EKR00Q6AKM3014M7YPP','01H4QG7EKR02BCCEYF01NPC18F','now()','now()','2147483643'),
('01H4QG7EKR01510HXB02JRJXF2','01H4QG7EKR02BCCEYF01NPC18F','now()','now()','2147483643'),
('01H4QG7EKR01510HXB02JRJXF2','01H4QG7EKR0055P7YB03BY1VQF','now()','now()','2147483643'),
('01H4QG7EKR005Q7ZXD03CVMXG9','01H4QG7EKR0390AYG002V10KBT','now()','now()','2147483643'),
('01H4QG7EKR029CNHFD03HT7CCE','01H4QG7EKR02BCCEYF01NPC18F','now()','now()','2147483643'),
('01H4QG7EKR005M7P0V01TTD5QD','01H4QG7EKR02BCCEYF01NPC18F','now()','now()','2147483643'),
('01H4QG7EKR003P74FN03SZ4R9Y','01H4QG7EKR02W74JYA03C7JXYH','now()','now()','2147483643'),
('01H4QG7EKR03A2PQCY024GC0JF','01H4QG7EKR02W74JYA03C7JXYH','now()','now()','2147483643')
ON CONFLICT DO NOTHING;


INSERT INTO user_group (user_group_id,user_group_name,is_system,created_at,updated_at,resource_path) VALUES
('01H4QG7EKS01CYAD3K0007M983','Teacher',true,'now()','now()','2147483643'),
('01H4QG7EKS00TJZJ6S00NV3GHX','HQ Staff',true,'now()','now()','2147483643'),
('01H4QG7EKS03B1E5CG03W9EF09','Centre Manager',true,'now()','now()','2147483643'),
('01H4QG7EKS026YQ9A6025WFBFW','Centre Lead',true,'now()','now()','2147483643'),
('01H4QG7EKS00SMQJ3A02DD4EJ4','School Admin',true,'now()','now()','2147483643'),
('01H4QG7EKS039QTM7M03X4SHB6','PaymentScheduleJob',true,'now()','now()','2147483643'),
('01H4QG7EKS03PC5TCA021NYF9B','OpenAPI',true,'now()','now()','2147483643'),
('01H4QG7EKS03A4N9BP0344DGSX','Parent',true,'now()','now()','2147483643'),
('01H4QG7EKS0339M6DM01YN5TQ6','Centre Staff',true,'now()','now()','2147483643'),
('01H4QG7EKS00DE67T202G1YFCE','Student',true,'now()','now()','2147483643'),
('01H4QG7EKS0335DD7R00XQC15T','Teacher Lead',true,'now()','now()','2147483643'),
('01H4QG7EKS02VY7K4M00RYZ6BT','NotificationScheduleJob',true,'now()','now()','2147483643'),
('01H4QG7EKS01Z6F2FG01FRT6GZ','UsermgmtScheduleJob',true,'now()','now()','2147483643'),
('01H4QG7EKS01KHVQMD0108KV7F','VirtualClassroomScheduleJob',true,'now()','now()','2147483643')
ON CONFLICT DO NOTHING;


INSERT INTO granted_role (granted_role_id,user_group_id,role_id,created_at,updated_at,resource_path) VALUES
('01H4QG7EKS00FNJ73H000FJBNY','01H4QG7EKS01CYAD3K0007M983','01H4QG7EKR010A0SS302BHKM3V','now()','now()','2147483643'),
('01H4QG7EKS022R24SK00MT3HTS','01H4QG7EKS00TJZJ6S00NV3GHX','01H4QG7EKR0390AYG002V10KBT','now()','now()','2147483643'),
('01H4QG7EKS00NZ0W8F02TNAVVD','01H4QG7EKS03B1E5CG03W9EF09','01H4QG7EKR0055P7YB03BY1VQF','now()','now()','2147483643'),
('01H4QG7EKS02EFVM0401FJFVQC','01H4QG7EKS026YQ9A6025WFBFW','01H4QG7EKR01SBVS9Q0328P5CR','now()','now()','2147483643'),
('01H4QG7EKS03X888KH02MZNFGR','01H4QG7EKS00SMQJ3A02DD4EJ4','01H4QG7EKR02BCCEYF01NPC18F','now()','now()','2147483643'),
('01H4QG7EKS00PFG07Y00XBF83J','01H4QG7EKS039QTM7M03X4SHB6','01H4QG7EKR01MQN07M01AMZNKY','now()','now()','2147483643'),
('01H4QG7EKS01PAT8QY01EFMAGN','01H4QG7EKS03PC5TCA021NYF9B','01H4QG7EKR02W74JYA03C7JXYH','now()','now()','2147483643'),
('01H4QG7EKS01HW935600WG4EGC','01H4QG7EKS03A4N9BP0344DGSX','01H4QG7EKR02N3CA3J02K4D8WB','now()','now()','2147483643'),
('01H4QG7EKS01VWMCJS01FBX210','01H4QG7EKS0339M6DM01YN5TQ6','01H4QG7EKR01TR3J0001VGA4V7','now()','now()','2147483643'),
('01H4QG7EKS01MFF14202VC0380','01H4QG7EKS00DE67T202G1YFCE','01H4QG7EKR00FQKMJJ02N0VTYJ','now()','now()','2147483643'),
('01H4QG7EKS02XCHEP901GTTP6T','01H4QG7EKS0335DD7R00XQC15T','01H4QG7EKR03GFNXEE028V5W4K','now()','now()','2147483643'),
('01H4QG7EKS00NS7ZZ103STCBVJ','01H4QG7EKS02VY7K4M00RYZ6BT','01H4QG7EKR01XY1N7401XJ6JMC','now()','now()','2147483643'),
('01H4QG7EKS01NDV2B500JH5VVR','01H4QG7EKS01Z6F2FG01FRT6GZ','01H4QG7EKR027FX2GQ03NQ0EA3','now()','now()','2147483643'),
('01H4QG7EKS00RN147X02Y6YPAF','01H4QG7EKS01KHVQMD0108KV7F','01H4QG7EKR019TWAC000ZA7BNE','now()','now()','2147483643')
ON CONFLICT DO NOTHING;


INSERT INTO granted_role_access_path (granted_role_id,location_id,created_at,updated_at,resource_path) VALUES
('01H4QG7EKS00FNJ73H000FJBNY','01H4QG7EKN017PBSEA021WZPZ4','now()','now()','2147483643'),
('01H4QG7EKS022R24SK00MT3HTS','01H4QG7EKN017PBSEA021WZPZ4','now()','now()','2147483643'),
('01H4QG7EKS00NZ0W8F02TNAVVD','01H4QG7EKN017PBSEA021WZPZ4','now()','now()','2147483643'),
('01H4QG7EKS02EFVM0401FJFVQC','01H4QG7EKN017PBSEA021WZPZ4','now()','now()','2147483643'),
('01H4QG7EKS03X888KH02MZNFGR','01H4QG7EKN017PBSEA021WZPZ4','now()','now()','2147483643'),
('01H4QG7EKS00PFG07Y00XBF83J','01H4QG7EKN017PBSEA021WZPZ4','now()','now()','2147483643'),
('01H4QG7EKS01PAT8QY01EFMAGN','01H4QG7EKN017PBSEA021WZPZ4','now()','now()','2147483643'),
('01H4QG7EKS01HW935600WG4EGC','01H4QG7EKN017PBSEA021WZPZ4','now()','now()','2147483643'),
('01H4QG7EKS01VWMCJS01FBX210','01H4QG7EKN017PBSEA021WZPZ4','now()','now()','2147483643'),
('01H4QG7EKS01MFF14202VC0380','01H4QG7EKN017PBSEA021WZPZ4','now()','now()','2147483643'),
('01H4QG7EKS02XCHEP901GTTP6T','01H4QG7EKN017PBSEA021WZPZ4','now()','now()','2147483643'),
('01H4QG7EKS00NS7ZZ103STCBVJ','01H4QG7EKN017PBSEA021WZPZ4','now()','now()','2147483643'),
('01H4QG7EKS01NDV2B500JH5VVR','01H4QG7EKN017PBSEA021WZPZ4','now()','now()','2147483643'),
('01H4QG7EKS00RN147X02Y6YPAF','01H4QG7EKN017PBSEA021WZPZ4','now()','now()','2147483643')
ON CONFLICT DO NOTHING;


--- Create PaymentScheduleJob account -----
INSERT INTO public.users
(user_id, country, name, avatar, phone_number, email, device_token, allow_notification, user_group, updated_at, created_at, is_tester, facebook_id, platform, phone_verified, email_verified, deleted_at, given_name, resource_path, is_system)
VALUES('01H4QG7EKS03DD5QNE02FJNXZJ', 'COUNTRY_JP', 'Payment Schedule Job', '', NULL, 'schedule_job+payment@manabie.com', NULL, NULL, 'USER_GROUP_SCHOOL_ADMIN', now(), now(), NULL, NULL, NULL, NULL, NULL, NULL, NULL, '2147483643', true)
ON CONFLICT DO NOTHING;

INSERT INTO user_group_member(
user_id,
user_group_id,
created_at,
updated_at,
resource_path
) VALUES
('01H4QG7EKS03DD5QNE02FJNXZJ', '01H4QG7EKS039QTM7M03X4SHB6', now(), now(), '2147483643') ON CONFLICT DO NOTHING;

INSERT INTO staff
(staff_id, created_at, updated_at, deleted_at, resource_path, auto_create_timesheet, working_status, start_date, end_date)
VALUES ('01H4QG7EKS03DD5QNE02FJNXZJ', now(), now(), NULL, '2147483643', DEFAULT, DEFAULT, NULL, NULL) ON CONFLICT DO NOTHING;

--- Create NotificationScheduleJob account -----
INSERT INTO public.users
(user_id, country, name, avatar, phone_number, email, device_token, allow_notification, user_group, updated_at, created_at, is_tester, facebook_id, platform, phone_verified, email_verified, deleted_at, given_name, resource_path, is_system)
VALUES('01H4QG7EKS01TPVSK0003CB7ER', 'COUNTRY_JP', 'Notification Schedule Job', '', NULL, 'schedule_job+notification@manabie.com', NULL, NULL, 'USER_GROUP_SCHOOL_ADMIN', now(), now(), NULL, NULL, NULL, NULL, NULL, NULL, NULL, '2147483643', true)
ON CONFLICT DO NOTHING;

INSERT INTO user_group_member(
user_id,
user_group_id,
created_at,
updated_at,
resource_path
) VALUES
('01H4QG7EKS01TPVSK0003CB7ER', '01H4QG7EKS02VY7K4M00RYZ6BT', now(), now(), '2147483643') ON CONFLICT DO NOTHING;

INSERT INTO staff
(staff_id, created_at, updated_at, deleted_at, resource_path, auto_create_timesheet, working_status, start_date, end_date)
VALUES ('01H4QG7EKS01TPVSK0003CB7ER', now(), now(), NULL, '2147483643', DEFAULT, DEFAULT, NULL, NULL) ON CONFLICT DO NOTHING;

--- Create UsermgmtScheduleJob account -----
INSERT INTO public.users
(user_id, country, name, avatar, phone_number, email, device_token, allow_notification, user_group, updated_at, created_at, is_tester, facebook_id, platform, phone_verified, email_verified, deleted_at, given_name, resource_path, is_system)
VALUES('01H4QG7EKS01KD9FHA02S96YD4', 'COUNTRY_JP', 'Usermgmt Schedule Job', '', NULL, 'schedule_job+usermgmt@manabie.com', NULL, NULL, 'USER_GROUP_SCHOOL_ADMIN', now(), now(), NULL, NULL, NULL, NULL, NULL, NULL, NULL, '2147483643', true)
ON CONFLICT DO NOTHING;

INSERT INTO user_group_member(
user_id,
user_group_id,
created_at,
updated_at,
resource_path
) VALUES
('01H4QG7EKS01KD9FHA02S96YD4', '01H4QG7EKS01Z6F2FG01FRT6GZ', now(), now(), '2147483643') ON CONFLICT DO NOTHING;

INSERT INTO staff
(staff_id, created_at, updated_at, deleted_at, resource_path, auto_create_timesheet, working_status, start_date, end_date)
VALUES ('01H4QG7EKS01KD9FHA02S96YD4', now(), now(), NULL, '2147483643', DEFAULT, DEFAULT, NULL, NULL) ON CONFLICT DO NOTHING;

--- Create VirtualClassroomScheduleJob account -----
INSERT INTO public.users
(user_id, country, name, avatar, phone_number, email, device_token, allow_notification, user_group, updated_at, created_at, is_tester, facebook_id, platform, phone_verified, email_verified, deleted_at, given_name, resource_path, is_system)
VALUES('01H4QG7EKS02FZFX4P03JP8ZWF', 'COUNTRY_JP', 'VirtualClassroom Schedule Job', '', NULL, 'schedule_job+virtualclassroom@manabie.com', NULL, NULL, 'USER_GROUP_SCHOOL_ADMIN', now(), now(), NULL, NULL, NULL, NULL, NULL, NULL, NULL, '2147483643', true)
ON CONFLICT DO NOTHING;

INSERT INTO user_group_member(
user_id,
user_group_id,
created_at,
updated_at,
resource_path
) VALUES
('01H4QG7EKS02FZFX4P03JP8ZWF', '01H4QG7EKS01KHVQMD0108KV7F', now(), now(), '2147483643') ON CONFLICT DO NOTHING;

INSERT INTO staff
(staff_id, created_at, updated_at, deleted_at, resource_path, auto_create_timesheet, working_status, start_date, end_date)
VALUES ('01H4QG7EKS02FZFX4P03JP8ZWF', now(), now(), NULL, '2147483643', DEFAULT, DEFAULT, NULL, NULL) ON CONFLICT DO NOTHING;