------ Renseikai Internal ------
INSERT INTO public.location_types (location_type_id, name, "display_name", resource_path, updated_at, created_at)
VALUES ('01H4QBARVT01E3GNWY00KG5212','org','Renseikai Internal', '2147483645', now(), now()) ON CONFLICT DO NOTHING;


INSERT INTO public.locations (location_id, name, location_type, partner_internal_id, partner_internal_parent_id, parent_location_id, resource_path, updated_at, created_at,access_path)
VALUES ('01H4QBARVT01E3GNWY00KG5212', 'Renseikai Internal', '01H4QBARVT01E3GNWY00KG5212',NULL, NULL, NULL, '2147483645', now(), now(), '01H4QBARVT01E3GNWY00KG5212') ON CONFLICT DO NOTHING;


INSERT INTO organizations (organization_id, tenant_id, name, resource_path, domain_name, logo_url, country, created_at, updated_at, deleted_at)
VALUES ('2147483645', 'renseikai-internal-e3pye', 'Renseikai Internal', '2147483645', 'renseikai-internal', 'https://storage.googleapis.com/prod-tokyo-backend/user-upload/tenant_logo/renseikai_logo.png', 'COUNTRY_JP', now(), now(), null) ON CONFLICT DO NOTHING;


INSERT INTO public.organization_auths (organization_id, auth_project_id, auth_tenant_id)
VALUES (2147483645, 'student-coach-e1e95', 'renseikai-internal-e3pye') ON CONFLICT DO NOTHING;


INSERT INTO schools (school_id, name, country, city_id, district_id, point, is_system_school, created_at, updated_at, is_merge, phone_number, deleted_at, resource_path)
VALUES (2147483645, 'Renseikai Internal', 'COUNTRY_JP', 1,  1, null,  false, now(), now(), false, null,  null, '2147483645') ON CONFLICT DO NOTHING;


INSERT INTO "permission" (permission_id,permission_name,created_at,updated_at,resource_path) VALUES
('01H4QBARW1029QNQS200S3Q9KF','entryexit.student_entryexit_records.read','now()','now()','2147483645'),
('01H4QBARW000ZE09H3021CHQJD','entryexit.student_qr.write','now()','now()','2147483645'),
('01H4QBARW1012JXPTX0178MN0H','entryexit.student_qr.read','now()','now()','2147483645'),
('01H4QBARW100KX4G3403FMY7AY','payment.student_product.read','now()','now()','2147483645'),
('01H4QBARW103Q7A3EN01NPFDEQ','payment.student_product.write','now()','now()','2147483645'),
('01H4QBARW103BQBGZD0393BC9N','payment.bill_item.read','now()','now()','2147483645'),
('01H4QBARW001N9BFM401T188GC','master.location.read','now()','now()','2147483645'),
('01H4QBARW1007FNQDD020EEQJ8','payment.order.read','now()','now()','2147483645'),
('01H4QBARW103YQ38HM02WH8865','communication.notification.read','now()','now()','2147483645'),
('01H4QBARW003V526NX025J0VVR','lesson.lesson.write','now()','now()','2147483645'),
('01H4QBARW101BQSEF001JTS6G6','lesson.lesson.read','now()','now()','2147483645'),
('01H4QBARW0020PQCJY02RFHGBZ','lesson.lessonmember.write','now()','now()','2147483645'),
('01H4QBARW10073BBM30395JMFT','lesson.reallocation.read','now()','now()','2147483645'),
('01H4QBARW1035GF24A01NWRXW4','lesson.reallocation.write','now()','now()','2147483645'),
('01H4QBARW103MFDHE8004RHEZC','timesheet.timesheet.read','now()','now()','2147483645'),
('01H4QBARW103KP05Z303WFXGBH','timesheet.timesheet.write','now()','now()','2147483645'),
('01H4QBARW103RBHKNE00HEDKK4','user.user.write','now()','now()','2147483645'),
('01H4QBARW101G7HE3B03Y305PY','user.student.write','now()','now()','2147483645'),
('01H4QBARW100STFEFJ03W6TEZ2','user.usergroup.read','now()','now()','2147483645'),
('01H4QBARW002CP0FG7020EQQQE','payment.order.write','now()','now()','2147483645'),
('01H4QBARW101VN37YE037XW1H3','payment.student_payment_detail.write','now()','now()','2147483645'),
('01H4QBARW101ERKWS801ZYNE1N','payment.billing_address.read','now()','now()','2147483645'),
('01H4QBARW100X03YA2014KSKJ8','payment.billing_address.write','now()','now()','2147483645'),
('01H4QBARW102MBV6XM00EF3XXA','payment.bank_account.write','now()','now()','2147483645'),
('01H4QBARW103PJ7AGX036YMD63','lesson.report.review','now()','now()','2147483645'),
('01H4QBARW103MCAATJ03WS02PZ','user.user.read','now()','now()','2147483645'),
('01H4QBARW101W4DPMR03YVJRZ7','user.parent.read','now()','now()','2147483645'),
('01H4QBARW10077E0E100PSMQT3','user.parent.write','now()','now()','2147483645'),
('01H4QBARW103GW3JM4031BQJQS','user.staff.read','now()','now()','2147483645'),
('01H4QBARW002RYKDS002G8KGWF','user.usergroupmember.write','now()','now()','2147483645'),
('01H4QBARW102VT34YT02G5A6M4','user.usergroupmember.read','now()','now()','2147483645'),
('01H4QBARW101Z9AZMK026KX734','user.student_course.write','now()','now()','2147483645'),
('01H4QBARW100T1YCQX01AK0RQX','virtualclassroom.room_state.read','now()','now()','2147483645'),
('01H4QBARW1022JN9GY03H6XDB5','virtualclassroom.room_state.write','now()','now()','2147483645'),
('01H4QBARW100YY4R3B0092GDAJ','payment.bank_account.read','now()','now()','2147483645'),
('01H4QBARW100JH1JGK03AC9342','master.course.read','now()','now()','2147483645'),
('01H4QBARW102EBHSRH020YFM0F','entryexit.student_entryexit_records.write','now()','now()','2147483645'),
('01H4QBARW002ZERC5X001SP1CT','payment.bill_item.write','now()','now()','2147483645'),
('01H4QBARW103CR6WCA0370XM2F','communication.notification.write','now()','now()','2147483645'),
('01H4QBARW000TBTK4G02SFWGQ7','communication.conversation.write','now()','now()','2147483645'),
('01H4QBARW001G3ERP300VVZ9XW','lesson.lessonmember.read','now()','now()','2147483645'),
('01H4QBARW101W8R8GR024KG319','user.student.read','now()','now()','2147483645'),
('01H4QBARVZ01TWQYVB03D5M212','user.usergroup.write','now()','now()','2147483645'),
('01H4QBARW00226DKKD01B45TAA','payment.invoice.write','now()','now()','2147483645'),
('01H4QBARW1007WPQ3A030D18YW','payment.payment.write','now()','now()','2147483645'),
('01H4QBARW003HM9DSE03JBB95J','payment.invoice.read','now()','now()','2147483645'),
('01H4QBARW00299J4FV01J5KXTP','communication.notification.owner','now()','now()','2147483645'),
('01H4QBARW002XJX06T014V0MDE','user.student_enrollment_status_history.read','now()','now()','2147483645'),
('01H4QBARW1018YSKCM01PK6S5R','communication.conversation.read','now()','now()','2147483645'),
('01H4QBARW102SW5RS800FC70JB','payment.student_payment_detail.read','now()','now()','2147483645'),
('01H4QBARW101842HGC02HG7NJZ','master.course.write','now()','now()','2147483645'),
('01H4QBARW101HM8HVS025FDEBE','payment.payment.read','now()','now()','2147483645'),
('01H4QBARW101WX3CYX02DH3823','user.staff.write','now()','now()','2147483645'),
('01H4QBARW100HYFDE803A5ZAZE','master.location.write','now()','now()','2147483645')
ON CONFLICT DO NOTHING;


INSERT INTO role (role_id,role_name,is_system,created_at,updated_at,resource_path) VALUES
('01H4QBARW102R6WA3W03NNDZHQ','Teacher',false,'now()','now()','2147483645'),
('01H4QBARW1033HJ137000CGV69','HQ Staff',false,'now()','now()','2147483645'),
('01H4QBARW102AS66P7031N0583','Centre Manager',false,'now()','now()','2147483645'),
('01H4QBARW103RMFDYZ00WANE4K','Centre Lead',false,'now()','now()','2147483645'),
('01H4QBARW1036CMHYQ01BVBW5C','School Admin',false,'now()','now()','2147483645'),
('01H4QBARW101S8MPYQ02N8PKJ4','PaymentScheduleJob',true,'now()','now()','2147483645'),
('01H4QBARW101PXQFC1021J3FYZ','OpenAPI',true,'now()','now()','2147483645'),
('01H4QBARW101K7PN2B00X8SAAW','Parent',true,'now()','now()','2147483645'),
('01H4QBARW10134KYJ100NJQTRX','Centre Staff',false,'now()','now()','2147483645'),
('01H4QBARW101AG3WKY00F0E2RQ','Student',true,'now()','now()','2147483645'),
('01H4QBARW10028VEWA01ZR0Y37','Teacher Lead',false,'now()','now()','2147483645'),
('01H4QBARW100NFK9JT00621N8W','NotificationScheduleJob',true,'now()','now()','2147483645'),
('01H4QBARW103RA68W100X2XAED','UsermgmtScheduleJob',true,'now()','now()','2147483645'),
('01H4QBARW100DHYQJK00BGY26K','VirtualClassroomScheduleJob',true,'now()','now()','2147483645')
ON CONFLICT DO NOTHING;


INSERT INTO permission_role (permission_id,role_id,created_at,updated_at,resource_path) VALUES
('01H4QBARW1029QNQS200S3Q9KF','01H4QBARW102R6WA3W03NNDZHQ','now()','now()','2147483645'),
('01H4QBARW000ZE09H3021CHQJD','01H4QBARW1033HJ137000CGV69','now()','now()','2147483645'),
('01H4QBARW1012JXPTX0178MN0H','01H4QBARW102AS66P7031N0583','now()','now()','2147483645'),
('01H4QBARW100KX4G3403FMY7AY','01H4QBARW103RMFDYZ00WANE4K','now()','now()','2147483645'),
('01H4QBARW100KX4G3403FMY7AY','01H4QBARW1036CMHYQ01BVBW5C','now()','now()','2147483645'),
('01H4QBARW103Q7A3EN01NPFDEQ','01H4QBARW1036CMHYQ01BVBW5C','now()','now()','2147483645'),
('01H4QBARW103BQBGZD0393BC9N','01H4QBARW102AS66P7031N0583','now()','now()','2147483645'),
('01H4QBARW103BQBGZD0393BC9N','01H4QBARW101S8MPYQ02N8PKJ4','now()','now()','2147483645'),
('01H4QBARW001N9BFM401T188GC','01H4QBARW102AS66P7031N0583','now()','now()','2147483645'),
('01H4QBARW001N9BFM401T188GC','01H4QBARW101PXQFC1021J3FYZ','now()','now()','2147483645'),
('01H4QBARW1007FNQDD020EEQJ8','01H4QBARW102AS66P7031N0583','now()','now()','2147483645'),
('01H4QBARW103YQ38HM02WH8865','01H4QBARW101K7PN2B00X8SAAW','now()','now()','2147483645'),
('01H4QBARW003V526NX025J0VVR','01H4QBARW10134KYJ100NJQTRX','now()','now()','2147483645'),
('01H4QBARW101BQSEF001JTS6G6','01H4QBARW102R6WA3W03NNDZHQ','now()','now()','2147483645'),
('01H4QBARW0020PQCJY02RFHGBZ','01H4QBARW10134KYJ100NJQTRX','now()','now()','2147483645'),
('01H4QBARW10073BBM30395JMFT','01H4QBARW10134KYJ100NJQTRX','now()','now()','2147483645'),
('01H4QBARW1035GF24A01NWRXW4','01H4QBARW102R6WA3W03NNDZHQ','now()','now()','2147483645'),
('01H4QBARW1035GF24A01NWRXW4','01H4QBARW1033HJ137000CGV69','now()','now()','2147483645'),
('01H4QBARW103MFDHE8004RHEZC','01H4QBARW102R6WA3W03NNDZHQ','now()','now()','2147483645'),
('01H4QBARW103KP05Z303WFXGBH','01H4QBARW1036CMHYQ01BVBW5C','now()','now()','2147483645'),
('01H4QBARW103KP05Z303WFXGBH','01H4QBARW10134KYJ100NJQTRX','now()','now()','2147483645'),
('01H4QBARW103RBHKNE00HEDKK4','01H4QBARW103RMFDYZ00WANE4K','now()','now()','2147483645'),
('01H4QBARW101G7HE3B03Y305PY','01H4QBARW103RMFDYZ00WANE4K','now()','now()','2147483645'),
('01H4QBARW101G7HE3B03Y305PY','01H4QBARW101AG3WKY00F0E2RQ','now()','now()','2147483645'),
('01H4QBARW100STFEFJ03W6TEZ2','01H4QBARW101PXQFC1021J3FYZ','now()','now()','2147483645'),
('01H4QBARW002CP0FG7020EQQQE','01H4QBARW1036CMHYQ01BVBW5C','now()','now()','2147483645'),
('01H4QBARW101VN37YE037XW1H3','01H4QBARW1036CMHYQ01BVBW5C','now()','now()','2147483645'),
('01H4QBARW101ERKWS801ZYNE1N','01H4QBARW1036CMHYQ01BVBW5C','now()','now()','2147483645'),
('01H4QBARW100X03YA2014KSKJ8','01H4QBARW1033HJ137000CGV69','now()','now()','2147483645'),
('01H4QBARW102MBV6XM00EF3XXA','01H4QBARW1036CMHYQ01BVBW5C','now()','now()','2147483645'),
('01H4QBARW103PJ7AGX036YMD63','01H4QBARW1033HJ137000CGV69','now()','now()','2147483645'),
('01H4QBARW103BQBGZD0393BC9N','01H4QBARW103RMFDYZ00WANE4K','now()','now()','2147483645'),
('01H4QBARW1007FNQDD020EEQJ8','01H4QBARW1036CMHYQ01BVBW5C','now()','now()','2147483645'),
('01H4QBARW003V526NX025J0VVR','01H4QBARW102R6WA3W03NNDZHQ','now()','now()','2147483645'),
('01H4QBARW003V526NX025J0VVR','01H4QBARW1036CMHYQ01BVBW5C','now()','now()','2147483645'),
('01H4QBARW0020PQCJY02RFHGBZ','01H4QBARW102AS66P7031N0583','now()','now()','2147483645'),
('01H4QBARW10073BBM30395JMFT','01H4QBARW1036CMHYQ01BVBW5C','now()','now()','2147483645'),
('01H4QBARW10073BBM30395JMFT','01H4QBARW102AS66P7031N0583','now()','now()','2147483645'),
('01H4QBARW10073BBM30395JMFT','01H4QBARW102R6WA3W03NNDZHQ','now()','now()','2147483645'),
('01H4QBARW1035GF24A01NWRXW4','01H4QBARW1036CMHYQ01BVBW5C','now()','now()','2147483645'),
('01H4QBARW103MCAATJ03WS02PZ','01H4QBARW102AS66P7031N0583','now()','now()','2147483645'),
('01H4QBARW103MCAATJ03WS02PZ','01H4QBARW102R6WA3W03NNDZHQ','now()','now()','2147483645'),
('01H4QBARW101G7HE3B03Y305PY','01H4QBARW1033HJ137000CGV69','now()','now()','2147483645'),
('01H4QBARW101W4DPMR03YVJRZ7','01H4QBARW101AG3WKY00F0E2RQ','now()','now()','2147483645'),
('01H4QBARW101W4DPMR03YVJRZ7','01H4QBARW102R6WA3W03NNDZHQ','now()','now()','2147483645'),
('01H4QBARW10077E0E100PSMQT3','01H4QBARW1036CMHYQ01BVBW5C','now()','now()','2147483645'),
('01H4QBARW10077E0E100PSMQT3','01H4QBARW103RMFDYZ00WANE4K','now()','now()','2147483645'),
('01H4QBARW103GW3JM4031BQJQS','01H4QBARW102R6WA3W03NNDZHQ','now()','now()','2147483645'),
('01H4QBARW002RYKDS002G8KGWF','01H4QBARW101PXQFC1021J3FYZ','now()','now()','2147483645'),
('01H4QBARW102VT34YT02G5A6M4','01H4QBARW10028VEWA01ZR0Y37','now()','now()','2147483645'),
('01H4QBARW102VT34YT02G5A6M4','01H4QBARW101K7PN2B00X8SAAW','now()','now()','2147483645'),
('01H4QBARW101Z9AZMK026KX734','01H4QBARW10134KYJ100NJQTRX','now()','now()','2147483645'),
('01H4QBARW100T1YCQX01AK0RQX','01H4QBARW103RMFDYZ00WANE4K','now()','now()','2147483645'),
('01H4QBARW100T1YCQX01AK0RQX','01H4QBARW1036CMHYQ01BVBW5C','now()','now()','2147483645'),
('01H4QBARW1022JN9GY03H6XDB5','01H4QBARW1036CMHYQ01BVBW5C','now()','now()','2147483645'),
('01H4QBARW1022JN9GY03H6XDB5','01H4QBARW1033HJ137000CGV69','now()','now()','2147483645'),
('01H4QBARW002CP0FG7020EQQQE','01H4QBARW1033HJ137000CGV69','now()','now()','2147483645'),
('01H4QBARW002CP0FG7020EQQQE','01H4QBARW10134KYJ100NJQTRX','now()','now()','2147483645'),
('01H4QBARW100X03YA2014KSKJ8','01H4QBARW10134KYJ100NJQTRX','now()','now()','2147483645'),
('01H4QBARW100YY4R3B0092GDAJ','01H4QBARW10134KYJ100NJQTRX','now()','now()','2147483645'),
('01H4QBARW102MBV6XM00EF3XXA','01H4QBARW1033HJ137000CGV69','now()','now()','2147483645'),
('01H4QBARW100JH1JGK03AC9342','01H4QBARW1033HJ137000CGV69','now()','now()','2147483645'),
('01H4QBARW100JH1JGK03AC9342','01H4QBARW10028VEWA01ZR0Y37','now()','now()','2147483645'),
('01H4QBARW100YY4R3B0092GDAJ','01H4QBARW101PXQFC1021J3FYZ','now()','now()','2147483645'),
('01H4QBARW102EBHSRH020YFM0F','01H4QBARW10134KYJ100NJQTRX','now()','now()','2147483645'),
('01H4QBARW1029QNQS200S3Q9KF','01H4QBARW102AS66P7031N0583','now()','now()','2147483645'),
('01H4QBARW000ZE09H3021CHQJD','01H4QBARW102AS66P7031N0583','now()','now()','2147483645'),
('01H4QBARW000ZE09H3021CHQJD','01H4QBARW10134KYJ100NJQTRX','now()','now()','2147483645'),
('01H4QBARW103Q7A3EN01NPFDEQ','01H4QBARW10134KYJ100NJQTRX','now()','now()','2147483645'),
('01H4QBARW002ZERC5X001SP1CT','01H4QBARW1033HJ137000CGV69','now()','now()','2147483645'),
('01H4QBARW001N9BFM401T188GC','01H4QBARW1036CMHYQ01BVBW5C','now()','now()','2147483645'),
('01H4QBARW103YQ38HM02WH8865','01H4QBARW100NFK9JT00621N8W','now()','now()','2147483645'),
('01H4QBARW103YQ38HM02WH8865','01H4QBARW1036CMHYQ01BVBW5C','now()','now()','2147483645'),
('01H4QBARW103CR6WCA0370XM2F','01H4QBARW1036CMHYQ01BVBW5C','now()','now()','2147483645'),
('01H4QBARW000TBTK4G02SFWGQ7','01H4QBARW102R6WA3W03NNDZHQ','now()','now()','2147483645'),
('01H4QBARW101BQSEF001JTS6G6','01H4QBARW101AG3WKY00F0E2RQ','now()','now()','2147483645'),
('01H4QBARW001G3ERP300VVZ9XW','01H4QBARW101AG3WKY00F0E2RQ','now()','now()','2147483645'),
('01H4QBARW001G3ERP300VVZ9XW','01H4QBARW10134KYJ100NJQTRX','now()','now()','2147483645'),
('01H4QBARW0020PQCJY02RFHGBZ','01H4QBARW10028VEWA01ZR0Y37','now()','now()','2147483645'),
('01H4QBARW103MFDHE8004RHEZC','01H4QBARW103RMFDYZ00WANE4K','now()','now()','2147483645'),
('01H4QBARW103MFDHE8004RHEZC','01H4QBARW10028VEWA01ZR0Y37','now()','now()','2147483645'),
('01H4QBARW103MFDHE8004RHEZC','01H4QBARW1033HJ137000CGV69','now()','now()','2147483645'),
('01H4QBARW103KP05Z303WFXGBH','01H4QBARW1033HJ137000CGV69','now()','now()','2147483645'),
('01H4QBARW103MCAATJ03WS02PZ','01H4QBARW10028VEWA01ZR0Y37','now()','now()','2147483645'),
('01H4QBARW103MCAATJ03WS02PZ','01H4QBARW1036CMHYQ01BVBW5C','now()','now()','2147483645'),
('01H4QBARW101W8R8GR024KG319','01H4QBARW100NFK9JT00621N8W','now()','now()','2147483645'),
('01H4QBARW101W4DPMR03YVJRZ7','01H4QBARW10134KYJ100NJQTRX','now()','now()','2147483645'),
('01H4QBARW101W4DPMR03YVJRZ7','01H4QBARW102AS66P7031N0583','now()','now()','2147483645'),
('01H4QBARW10077E0E100PSMQT3','01H4QBARW10134KYJ100NJQTRX','now()','now()','2147483645'),
('01H4QBARW10077E0E100PSMQT3','01H4QBARW103RA68W100X2XAED','now()','now()','2147483645'),
('01H4QBARW103GW3JM4031BQJQS','01H4QBARW102AS66P7031N0583','now()','now()','2147483645'),
('01H4QBARW103GW3JM4031BQJQS','01H4QBARW10134KYJ100NJQTRX','now()','now()','2147483645'),
('01H4QBARW100STFEFJ03W6TEZ2','01H4QBARW1036CMHYQ01BVBW5C','now()','now()','2147483645'),
('01H4QBARVZ01TWQYVB03D5M212','01H4QBARW1033HJ137000CGV69','now()','now()','2147483645'),
('01H4QBARW002RYKDS002G8KGWF','01H4QBARW1033HJ137000CGV69','now()','now()','2147483645'),
('01H4QBARW101Z9AZMK026KX734','01H4QBARW1036CMHYQ01BVBW5C','now()','now()','2147483645'),
('01H4QBARW1022JN9GY03H6XDB5','01H4QBARW101K7PN2B00X8SAAW','now()','now()','2147483645'),
('01H4QBARW002CP0FG7020EQQQE','01H4QBARW102AS66P7031N0583','now()','now()','2147483645'),
('01H4QBARW101ERKWS801ZYNE1N','01H4QBARW102AS66P7031N0583','now()','now()','2147483645'),
('01H4QBARW100YY4R3B0092GDAJ','01H4QBARW1033HJ137000CGV69','now()','now()','2147483645'),
('01H4QBARW00226DKKD01B45TAA','01H4QBARW1036CMHYQ01BVBW5C','now()','now()','2147483645'),
('01H4QBARW1007WPQ3A030D18YW','01H4QBARW1033HJ137000CGV69','now()','now()','2147483645'),
('01H4QBARW103PJ7AGX036YMD63','01H4QBARW103RMFDYZ00WANE4K','now()','now()','2147483645'),
('01H4QBARW002ZERC5X001SP1CT','01H4QBARW102AS66P7031N0583','now()','now()','2147483645'),
('01H4QBARW001N9BFM401T188GC','01H4QBARW102R6WA3W03NNDZHQ','now()','now()','2147483645'),
('01H4QBARW001N9BFM401T188GC','01H4QBARW1033HJ137000CGV69','now()','now()','2147483645'),
('01H4QBARW101BQSEF001JTS6G6','01H4QBARW101K7PN2B00X8SAAW','now()','now()','2147483645'),
('01H4QBARW001G3ERP300VVZ9XW','01H4QBARW102R6WA3W03NNDZHQ','now()','now()','2147483645'),
('01H4QBARW0020PQCJY02RFHGBZ','01H4QBARW103RMFDYZ00WANE4K','now()','now()','2147483645'),
('01H4QBARW10073BBM30395JMFT','01H4QBARW101K7PN2B00X8SAAW','now()','now()','2147483645'),
('01H4QBARW103RBHKNE00HEDKK4','01H4QBARW101PXQFC1021J3FYZ','now()','now()','2147483645'),
('01H4QBARW101W8R8GR024KG319','01H4QBARW10134KYJ100NJQTRX','now()','now()','2147483645'),
('01H4QBARW101W8R8GR024KG319','01H4QBARW10028VEWA01ZR0Y37','now()','now()','2147483645'),
('01H4QBARW101G7HE3B03Y305PY','01H4QBARW101PXQFC1021J3FYZ','now()','now()','2147483645'),
('01H4QBARW103GW3JM4031BQJQS','01H4QBARW1036CMHYQ01BVBW5C','now()','now()','2147483645'),
('01H4QBARW103GW3JM4031BQJQS','01H4QBARW101K7PN2B00X8SAAW','now()','now()','2147483645'),
('01H4QBARW100STFEFJ03W6TEZ2','01H4QBARW101AG3WKY00F0E2RQ','now()','now()','2147483645'),
('01H4QBARW100STFEFJ03W6TEZ2','01H4QBARW101K7PN2B00X8SAAW','now()','now()','2147483645'),
('01H4QBARVZ01TWQYVB03D5M212','01H4QBARW103RA68W100X2XAED','now()','now()','2147483645'),
('01H4QBARW100T1YCQX01AK0RQX','01H4QBARW10028VEWA01ZR0Y37','now()','now()','2147483645'),
('01H4QBARW100T1YCQX01AK0RQX','01H4QBARW101K7PN2B00X8SAAW','now()','now()','2147483645'),
('01H4QBARW1022JN9GY03H6XDB5','01H4QBARW103RMFDYZ00WANE4K','now()','now()','2147483645'),
('01H4QBARW101VN37YE037XW1H3','01H4QBARW102AS66P7031N0583','now()','now()','2147483645'),
('01H4QBARW100YY4R3B0092GDAJ','01H4QBARW103RMFDYZ00WANE4K','now()','now()','2147483645'),
('01H4QBARW003HM9DSE03JBB95J','01H4QBARW102AS66P7031N0583','now()','now()','2147483645'),
('01H4QBARW100JH1JGK03AC9342','01H4QBARW100NFK9JT00621N8W','now()','now()','2147483645'),
('01H4QBARW103PJ7AGX036YMD63','01H4QBARW102AS66P7031N0583','now()','now()','2147483645'),
('01H4QBARW000ZE09H3021CHQJD','01H4QBARW103RMFDYZ00WANE4K','now()','now()','2147483645'),
('01H4QBARW1012JXPTX0178MN0H','01H4QBARW102R6WA3W03NNDZHQ','now()','now()','2147483645'),
('01H4QBARW100KX4G3403FMY7AY','01H4QBARW102AS66P7031N0583','now()','now()','2147483645'),
('01H4QBARW103Q7A3EN01NPFDEQ','01H4QBARW1033HJ137000CGV69','now()','now()','2147483645'),
('01H4QBARW103BQBGZD0393BC9N','01H4QBARW1033HJ137000CGV69','now()','now()','2147483645'),
('01H4QBARW001N9BFM401T188GC','01H4QBARW103RMFDYZ00WANE4K','now()','now()','2147483645'),
('01H4QBARW001N9BFM401T188GC','01H4QBARW101K7PN2B00X8SAAW','now()','now()','2147483645'),
('01H4QBARW001N9BFM401T188GC','01H4QBARW103RA68W100X2XAED','now()','now()','2147483645'),
('01H4QBARW1007FNQDD020EEQJ8','01H4QBARW103RMFDYZ00WANE4K','now()','now()','2147483645'),
('01H4QBARW103YQ38HM02WH8865','01H4QBARW10134KYJ100NJQTRX','now()','now()','2147483645'),
('01H4QBARW00299J4FV01J5KXTP','01H4QBARW10134KYJ100NJQTRX','now()','now()','2147483645'),
('01H4QBARW00299J4FV01J5KXTP','01H4QBARW102R6WA3W03NNDZHQ','now()','now()','2147483645'),
('01H4QBARW000TBTK4G02SFWGQ7','01H4QBARW101K7PN2B00X8SAAW','now()','now()','2147483645'),
('01H4QBARW101BQSEF001JTS6G6','01H4QBARW103RMFDYZ00WANE4K','now()','now()','2147483645'),
('01H4QBARW101BQSEF001JTS6G6','01H4QBARW102AS66P7031N0583','now()','now()','2147483645'),
('01H4QBARW001G3ERP300VVZ9XW','01H4QBARW102AS66P7031N0583','now()','now()','2147483645'),
('01H4QBARW0020PQCJY02RFHGBZ','01H4QBARW1033HJ137000CGV69','now()','now()','2147483645'),
('01H4QBARW1035GF24A01NWRXW4','01H4QBARW102AS66P7031N0583','now()','now()','2147483645'),
('01H4QBARW103MFDHE8004RHEZC','01H4QBARW1036CMHYQ01BVBW5C','now()','now()','2147483645'),
('01H4QBARW103KP05Z303WFXGBH','01H4QBARW103RMFDYZ00WANE4K','now()','now()','2147483645'),
('01H4QBARW103RBHKNE00HEDKK4','01H4QBARW1036CMHYQ01BVBW5C','now()','now()','2147483645'),
('01H4QBARW101G7HE3B03Y305PY','01H4QBARW1036CMHYQ01BVBW5C','now()','now()','2147483645'),
('01H4QBARW101W4DPMR03YVJRZ7','01H4QBARW10028VEWA01ZR0Y37','now()','now()','2147483645'),
('01H4QBARVZ01TWQYVB03D5M212','01H4QBARW1036CMHYQ01BVBW5C','now()','now()','2147483645'),
('01H4QBARW102VT34YT02G5A6M4','01H4QBARW103RMFDYZ00WANE4K','now()','now()','2147483645'),
('01H4QBARW102VT34YT02G5A6M4','01H4QBARW101PXQFC1021J3FYZ','now()','now()','2147483645'),
('01H4QBARW100T1YCQX01AK0RQX','01H4QBARW102R6WA3W03NNDZHQ','now()','now()','2147483645'),
('01H4QBARW1022JN9GY03H6XDB5','01H4QBARW101AG3WKY00F0E2RQ','now()','now()','2147483645'),
('01H4QBARW1022JN9GY03H6XDB5','01H4QBARW102R6WA3W03NNDZHQ','now()','now()','2147483645'),
('01H4QBARW002CP0FG7020EQQQE','01H4QBARW101S8MPYQ02N8PKJ4','now()','now()','2147483645'),
('01H4QBARW003HM9DSE03JBB95J','01H4QBARW1036CMHYQ01BVBW5C','now()','now()','2147483645'),
('01H4QBARW002XJX06T014V0MDE','01H4QBARW103RA68W100X2XAED','now()','now()','2147483645'),
('01H4QBARW100JH1JGK03AC9342','01H4QBARW102R6WA3W03NNDZHQ','now()','now()','2147483645'),
('01H4QBARW100JH1JGK03AC9342','01H4QBARW101AG3WKY00F0E2RQ','now()','now()','2147483645'),
('01H4QBARW103PJ7AGX036YMD63','01H4QBARW102R6WA3W03NNDZHQ','now()','now()','2147483645'),
('01H4QBARW103PJ7AGX036YMD63','01H4QBARW10028VEWA01ZR0Y37','now()','now()','2147483645'),
('01H4QBARW101W4DPMR03YVJRZ7','01H4QBARW101PXQFC1021J3FYZ','now()','now()','2147483645'),
('01H4QBARW1029QNQS200S3Q9KF','01H4QBARW101AG3WKY00F0E2RQ','now()','now()','2147483645'),
('01H4QBARW000ZE09H3021CHQJD','01H4QBARW101AG3WKY00F0E2RQ','now()','now()','2147483645'),
('01H4QBARW1012JXPTX0178MN0H','01H4QBARW101AG3WKY00F0E2RQ','now()','now()','2147483645'),
('01H4QBARW1012JXPTX0178MN0H','01H4QBARW101K7PN2B00X8SAAW','now()','now()','2147483645'),
('01H4QBARW002ZERC5X001SP1CT','01H4QBARW10134KYJ100NJQTRX','now()','now()','2147483645'),
('01H4QBARW002ZERC5X001SP1CT','01H4QBARW1036CMHYQ01BVBW5C','now()','now()','2147483645'),
('01H4QBARW1018YSKCM01PK6S5R','01H4QBARW102R6WA3W03NNDZHQ','now()','now()','2147483645'),
('01H4QBARW000TBTK4G02SFWGQ7','01H4QBARW101AG3WKY00F0E2RQ','now()','now()','2147483645'),
('01H4QBARW003V526NX025J0VVR','01H4QBARW102AS66P7031N0583','now()','now()','2147483645'),
('01H4QBARW101BQSEF001JTS6G6','01H4QBARW10028VEWA01ZR0Y37','now()','now()','2147483645'),
('01H4QBARW001G3ERP300VVZ9XW','01H4QBARW101K7PN2B00X8SAAW','now()','now()','2147483645'),
('01H4QBARW103KP05Z303WFXGBH','01H4QBARW102R6WA3W03NNDZHQ','now()','now()','2147483645'),
('01H4QBARW103MCAATJ03WS02PZ','01H4QBARW1033HJ137000CGV69','now()','now()','2147483645'),
('01H4QBARW103MCAATJ03WS02PZ','01H4QBARW101K7PN2B00X8SAAW','now()','now()','2147483645'),
('01H4QBARW103MCAATJ03WS02PZ','01H4QBARW101AG3WKY00F0E2RQ','now()','now()','2147483645'),
('01H4QBARW101W8R8GR024KG319','01H4QBARW102AS66P7031N0583','now()','now()','2147483645'),
('01H4QBARW101W8R8GR024KG319','01H4QBARW1033HJ137000CGV69','now()','now()','2147483645'),
('01H4QBARW101W4DPMR03YVJRZ7','01H4QBARW1033HJ137000CGV69','now()','now()','2147483645'),
('01H4QBARW100STFEFJ03W6TEZ2','01H4QBARW102AS66P7031N0583','now()','now()','2147483645'),
('01H4QBARW002RYKDS002G8KGWF','01H4QBARW103RA68W100X2XAED','now()','now()','2147483645'),
('01H4QBARW1022JN9GY03H6XDB5','01H4QBARW10028VEWA01ZR0Y37','now()','now()','2147483645'),
('01H4QBARW101VN37YE037XW1H3','01H4QBARW10134KYJ100NJQTRX','now()','now()','2147483645'),
('01H4QBARW101VN37YE037XW1H3','01H4QBARW1033HJ137000CGV69','now()','now()','2147483645'),
('01H4QBARW101ERKWS801ZYNE1N','01H4QBARW10134KYJ100NJQTRX','now()','now()','2147483645'),
('01H4QBARW103PJ7AGX036YMD63','01H4QBARW10134KYJ100NJQTRX','now()','now()','2147483645'),
('01H4QBARW102MBV6XM00EF3XXA','01H4QBARW101PXQFC1021J3FYZ','now()','now()','2147483645'),
('01H4QBARW102EBHSRH020YFM0F','01H4QBARW102R6WA3W03NNDZHQ','now()','now()','2147483645'),
('01H4QBARW102EBHSRH020YFM0F','01H4QBARW102AS66P7031N0583','now()','now()','2147483645'),
('01H4QBARW102EBHSRH020YFM0F','01H4QBARW103RMFDYZ00WANE4K','now()','now()','2147483645'),
('01H4QBARW1029QNQS200S3Q9KF','01H4QBARW1036CMHYQ01BVBW5C','now()','now()','2147483645'),
('01H4QBARW100KX4G3403FMY7AY','01H4QBARW10134KYJ100NJQTRX','now()','now()','2147483645'),
('01H4QBARW002ZERC5X001SP1CT','01H4QBARW101S8MPYQ02N8PKJ4','now()','now()','2147483645'),
('01H4QBARW001N9BFM401T188GC','01H4QBARW101AG3WKY00F0E2RQ','now()','now()','2147483645'),
('01H4QBARW001N9BFM401T188GC','01H4QBARW10134KYJ100NJQTRX','now()','now()','2147483645'),
('01H4QBARW1007FNQDD020EEQJ8','01H4QBARW1033HJ137000CGV69','now()','now()','2147483645'),
('01H4QBARW003V526NX025J0VVR','01H4QBARW1033HJ137000CGV69','now()','now()','2147483645'),
('01H4QBARW003V526NX025J0VVR','01H4QBARW101AG3WKY00F0E2RQ','now()','now()','2147483645'),
('01H4QBARW101BQSEF001JTS6G6','01H4QBARW10134KYJ100NJQTRX','now()','now()','2147483645'),
('01H4QBARW0020PQCJY02RFHGBZ','01H4QBARW102R6WA3W03NNDZHQ','now()','now()','2147483645'),
('01H4QBARW103MCAATJ03WS02PZ','01H4QBARW101PXQFC1021J3FYZ','now()','now()','2147483645'),
('01H4QBARW103RBHKNE00HEDKK4','01H4QBARW10134KYJ100NJQTRX','now()','now()','2147483645'),
('01H4QBARW101W8R8GR024KG319','01H4QBARW101PXQFC1021J3FYZ','now()','now()','2147483645'),
('01H4QBARW101G7HE3B03Y305PY','01H4QBARW10134KYJ100NJQTRX','now()','now()','2147483645'),
('01H4QBARW101W4DPMR03YVJRZ7','01H4QBARW103RMFDYZ00WANE4K','now()','now()','2147483645'),
('01H4QBARW103GW3JM4031BQJQS','01H4QBARW1033HJ137000CGV69','now()','now()','2147483645'),
('01H4QBARW100STFEFJ03W6TEZ2','01H4QBARW10134KYJ100NJQTRX','now()','now()','2147483645'),
('01H4QBARW100STFEFJ03W6TEZ2','01H4QBARW102R6WA3W03NNDZHQ','now()','now()','2147483645'),
('01H4QBARW002RYKDS002G8KGWF','01H4QBARW1036CMHYQ01BVBW5C','now()','now()','2147483645'),
('01H4QBARW102VT34YT02G5A6M4','01H4QBARW103RA68W100X2XAED','now()','now()','2147483645'),
('01H4QBARW100T1YCQX01AK0RQX','01H4QBARW102AS66P7031N0583','now()','now()','2147483645'),
('01H4QBARW102SW5RS800FC70JB','01H4QBARW10134KYJ100NJQTRX','now()','now()','2147483645'),
('01H4QBARW100X03YA2014KSKJ8','01H4QBARW102AS66P7031N0583','now()','now()','2147483645'),
('01H4QBARW003HM9DSE03JBB95J','01H4QBARW10134KYJ100NJQTRX','now()','now()','2147483645'),
('01H4QBARW003HM9DSE03JBB95J','01H4QBARW1033HJ137000CGV69','now()','now()','2147483645'),
('01H4QBARW00226DKKD01B45TAA','01H4QBARW1033HJ137000CGV69','now()','now()','2147483645'),
('01H4QBARW100JH1JGK03AC9342','01H4QBARW103RMFDYZ00WANE4K','now()','now()','2147483645'),
('01H4QBARW100JH1JGK03AC9342','01H4QBARW101PXQFC1021J3FYZ','now()','now()','2147483645'),
('01H4QBARW100JH1JGK03AC9342','01H4QBARW103RA68W100X2XAED','now()','now()','2147483645'),
('01H4QBARW101842HGC02HG7NJZ','01H4QBARW1036CMHYQ01BVBW5C','now()','now()','2147483645'),
('01H4QBARW10077E0E100PSMQT3','01H4QBARW101PXQFC1021J3FYZ','now()','now()','2147483645'),
('01H4QBARW102EBHSRH020YFM0F','01H4QBARW1033HJ137000CGV69','now()','now()','2147483645'),
('01H4QBARW1029QNQS200S3Q9KF','01H4QBARW101K7PN2B00X8SAAW','now()','now()','2147483645'),
('01H4QBARW000ZE09H3021CHQJD','01H4QBARW1036CMHYQ01BVBW5C','now()','now()','2147483645'),
('01H4QBARW101HM8HVS025FDEBE','01H4QBARW1033HJ137000CGV69','now()','now()','2147483645'),
('01H4QBARW103BQBGZD0393BC9N','01H4QBARW1036CMHYQ01BVBW5C','now()','now()','2147483645'),
('01H4QBARW103YQ38HM02WH8865','01H4QBARW102R6WA3W03NNDZHQ','now()','now()','2147483645'),
('01H4QBARW103YQ38HM02WH8865','01H4QBARW1033HJ137000CGV69','now()','now()','2147483645'),
('01H4QBARW00299J4FV01J5KXTP','01H4QBARW102AS66P7031N0583','now()','now()','2147483645'),
('01H4QBARW101BQSEF001JTS6G6','01H4QBARW1036CMHYQ01BVBW5C','now()','now()','2147483645'),
('01H4QBARW001G3ERP300VVZ9XW','01H4QBARW1033HJ137000CGV69','now()','now()','2147483645'),
('01H4QBARW001G3ERP300VVZ9XW','01H4QBARW1036CMHYQ01BVBW5C','now()','now()','2147483645'),
('01H4QBARW001G3ERP300VVZ9XW','01H4QBARW103RMFDYZ00WANE4K','now()','now()','2147483645'),
('01H4QBARW0020PQCJY02RFHGBZ','01H4QBARW1036CMHYQ01BVBW5C','now()','now()','2147483645'),
('01H4QBARW10073BBM30395JMFT','01H4QBARW101AG3WKY00F0E2RQ','now()','now()','2147483645'),
('01H4QBARW10073BBM30395JMFT','01H4QBARW1033HJ137000CGV69','now()','now()','2147483645'),
('01H4QBARW103MCAATJ03WS02PZ','01H4QBARW103RA68W100X2XAED','now()','now()','2147483645'),
('01H4QBARW103MCAATJ03WS02PZ','01H4QBARW10134KYJ100NJQTRX','now()','now()','2147483645'),
('01H4QBARW101W8R8GR024KG319','01H4QBARW103RMFDYZ00WANE4K','now()','now()','2147483645'),
('01H4QBARW101G7HE3B03Y305PY','01H4QBARW102AS66P7031N0583','now()','now()','2147483645'),
('01H4QBARW10077E0E100PSMQT3','01H4QBARW101K7PN2B00X8SAAW','now()','now()','2147483645'),
('01H4QBARW103GW3JM4031BQJQS','01H4QBARW103RMFDYZ00WANE4K','now()','now()','2147483645'),
('01H4QBARW103GW3JM4031BQJQS','01H4QBARW103RA68W100X2XAED','now()','now()','2147483645'),
('01H4QBARW101WX3CYX02DH3823','01H4QBARW103RA68W100X2XAED','now()','now()','2147483645'),
('01H4QBARW102VT34YT02G5A6M4','01H4QBARW1033HJ137000CGV69','now()','now()','2147483645'),
('01H4QBARW102VT34YT02G5A6M4','01H4QBARW10134KYJ100NJQTRX','now()','now()','2147483645'),
('01H4QBARW101Z9AZMK026KX734','01H4QBARW102AS66P7031N0583','now()','now()','2147483645'),
('01H4QBARW100T1YCQX01AK0RQX','01H4QBARW1033HJ137000CGV69','now()','now()','2147483645'),
('01H4QBARW1022JN9GY03H6XDB5','01H4QBARW102AS66P7031N0583','now()','now()','2147483645'),
('01H4QBARW102SW5RS800FC70JB','01H4QBARW1033HJ137000CGV69','now()','now()','2147483645'),
('01H4QBARW102SW5RS800FC70JB','01H4QBARW1036CMHYQ01BVBW5C','now()','now()','2147483645'),
('01H4QBARW101ERKWS801ZYNE1N','01H4QBARW103RMFDYZ00WANE4K','now()','now()','2147483645'),
('01H4QBARW100X03YA2014KSKJ8','01H4QBARW1036CMHYQ01BVBW5C','now()','now()','2147483645'),
('01H4QBARW102MBV6XM00EF3XXA','01H4QBARW10134KYJ100NJQTRX','now()','now()','2147483645'),
('01H4QBARW101VN37YE037XW1H3','01H4QBARW101PXQFC1021J3FYZ','now()','now()','2147483645'),
('01H4QBARW102EBHSRH020YFM0F','01H4QBARW1036CMHYQ01BVBW5C','now()','now()','2147483645'),
('01H4QBARW1029QNQS200S3Q9KF','01H4QBARW103RMFDYZ00WANE4K','now()','now()','2147483645'),
('01H4QBARW1029QNQS200S3Q9KF','01H4QBARW1033HJ137000CGV69','now()','now()','2147483645'),
('01H4QBARW1012JXPTX0178MN0H','01H4QBARW1033HJ137000CGV69','now()','now()','2147483645'),
('01H4QBARW1012JXPTX0178MN0H','01H4QBARW1036CMHYQ01BVBW5C','now()','now()','2147483645'),
('01H4QBARW101HM8HVS025FDEBE','01H4QBARW1036CMHYQ01BVBW5C','now()','now()','2147483645'),
('01H4QBARW100KX4G3403FMY7AY','01H4QBARW1033HJ137000CGV69','now()','now()','2147483645'),
('01H4QBARW103Q7A3EN01NPFDEQ','01H4QBARW102AS66P7031N0583','now()','now()','2147483645'),
('01H4QBARW103BQBGZD0393BC9N','01H4QBARW10134KYJ100NJQTRX','now()','now()','2147483645'),
('01H4QBARW103CR6WCA0370XM2F','01H4QBARW100NFK9JT00621N8W','now()','now()','2147483645'),
('01H4QBARW103CR6WCA0370XM2F','01H4QBARW1033HJ137000CGV69','now()','now()','2147483645'),
('01H4QBARW1018YSKCM01PK6S5R','01H4QBARW101AG3WKY00F0E2RQ','now()','now()','2147483645'),
('01H4QBARW1018YSKCM01PK6S5R','01H4QBARW101K7PN2B00X8SAAW','now()','now()','2147483645'),
('01H4QBARW10073BBM30395JMFT','01H4QBARW103RMFDYZ00WANE4K','now()','now()','2147483645'),
('01H4QBARW1035GF24A01NWRXW4','01H4QBARW10134KYJ100NJQTRX','now()','now()','2147483645'),
('01H4QBARW103MFDHE8004RHEZC','01H4QBARW102AS66P7031N0583','now()','now()','2147483645'),
('01H4QBARW103KP05Z303WFXGBH','01H4QBARW102AS66P7031N0583','now()','now()','2147483645'),
('01H4QBARW103KP05Z303WFXGBH','01H4QBARW10028VEWA01ZR0Y37','now()','now()','2147483645'),
('01H4QBARW103MCAATJ03WS02PZ','01H4QBARW100NFK9JT00621N8W','now()','now()','2147483645'),
('01H4QBARW103MCAATJ03WS02PZ','01H4QBARW100DHYQJK00BGY26K','now()','now()','2147483645'),
('01H4QBARW103RBHKNE00HEDKK4','01H4QBARW1033HJ137000CGV69','now()','now()','2147483645'),
('01H4QBARW103RBHKNE00HEDKK4','01H4QBARW102AS66P7031N0583','now()','now()','2147483645'),
('01H4QBARW101W8R8GR024KG319','01H4QBARW101K7PN2B00X8SAAW','now()','now()','2147483645'),
('01H4QBARW101W4DPMR03YVJRZ7','01H4QBARW101K7PN2B00X8SAAW','now()','now()','2147483645'),
('01H4QBARW10077E0E100PSMQT3','01H4QBARW102AS66P7031N0583','now()','now()','2147483645'),
('01H4QBARW10077E0E100PSMQT3','01H4QBARW1033HJ137000CGV69','now()','now()','2147483645'),
('01H4QBARW103GW3JM4031BQJQS','01H4QBARW101AG3WKY00F0E2RQ','now()','now()','2147483645'),
('01H4QBARW101WX3CYX02DH3823','01H4QBARW1033HJ137000CGV69','now()','now()','2147483645'),
('01H4QBARW100STFEFJ03W6TEZ2','01H4QBARW10028VEWA01ZR0Y37','now()','now()','2147483645'),
('01H4QBARW100STFEFJ03W6TEZ2','01H4QBARW103RMFDYZ00WANE4K','now()','now()','2147483645'),
('01H4QBARW102VT34YT02G5A6M4','01H4QBARW1036CMHYQ01BVBW5C','now()','now()','2147483645'),
('01H4QBARW100YY4R3B0092GDAJ','01H4QBARW1036CMHYQ01BVBW5C','now()','now()','2147483645'),
('01H4QBARW100YY4R3B0092GDAJ','01H4QBARW102AS66P7031N0583','now()','now()','2147483645'),
('01H4QBARW100JH1JGK03AC9342','01H4QBARW101K7PN2B00X8SAAW','now()','now()','2147483645'),
('01H4QBARW100JH1JGK03AC9342','01H4QBARW10134KYJ100NJQTRX','now()','now()','2147483645'),
('01H4QBARW101ERKWS801ZYNE1N','01H4QBARW101PXQFC1021J3FYZ','now()','now()','2147483645'),
('01H4QBARW1029QNQS200S3Q9KF','01H4QBARW10134KYJ100NJQTRX','now()','now()','2147483645'),
('01H4QBARW1012JXPTX0178MN0H','01H4QBARW10134KYJ100NJQTRX','now()','now()','2147483645'),
('01H4QBARW1012JXPTX0178MN0H','01H4QBARW103RMFDYZ00WANE4K','now()','now()','2147483645'),
('01H4QBARW100KX4G3403FMY7AY','01H4QBARW101S8MPYQ02N8PKJ4','now()','now()','2147483645'),
('01H4QBARW103Q7A3EN01NPFDEQ','01H4QBARW101S8MPYQ02N8PKJ4','now()','now()','2147483645'),
('01H4QBARW1007FNQDD020EEQJ8','01H4QBARW101S8MPYQ02N8PKJ4','now()','now()','2147483645'),
('01H4QBARW1007FNQDD020EEQJ8','01H4QBARW10134KYJ100NJQTRX','now()','now()','2147483645'),
('01H4QBARW103YQ38HM02WH8865','01H4QBARW101AG3WKY00F0E2RQ','now()','now()','2147483645'),
('01H4QBARW103YQ38HM02WH8865','01H4QBARW102AS66P7031N0583','now()','now()','2147483645'),
('01H4QBARW101BQSEF001JTS6G6','01H4QBARW1033HJ137000CGV69','now()','now()','2147483645'),
('01H4QBARW101BQSEF001JTS6G6','01H4QBARW100DHYQJK00BGY26K','now()','now()','2147483645'),
('01H4QBARW103MFDHE8004RHEZC','01H4QBARW10134KYJ100NJQTRX','now()','now()','2147483645'),
('01H4QBARW103MCAATJ03WS02PZ','01H4QBARW103RMFDYZ00WANE4K','now()','now()','2147483645'),
('01H4QBARW103RBHKNE00HEDKK4','01H4QBARW103RA68W100X2XAED','now()','now()','2147483645'),
('01H4QBARW101W8R8GR024KG319','01H4QBARW102R6WA3W03NNDZHQ','now()','now()','2147483645'),
('01H4QBARW101W8R8GR024KG319','01H4QBARW101AG3WKY00F0E2RQ','now()','now()','2147483645'),
('01H4QBARW101W8R8GR024KG319','01H4QBARW103RA68W100X2XAED','now()','now()','2147483645'),
('01H4QBARW101W8R8GR024KG319','01H4QBARW1036CMHYQ01BVBW5C','now()','now()','2147483645'),
('01H4QBARW101G7HE3B03Y305PY','01H4QBARW103RA68W100X2XAED','now()','now()','2147483645'),
('01H4QBARW101W4DPMR03YVJRZ7','01H4QBARW1036CMHYQ01BVBW5C','now()','now()','2147483645'),
('01H4QBARW101W4DPMR03YVJRZ7','01H4QBARW103RA68W100X2XAED','now()','now()','2147483645'),
('01H4QBARW101WX3CYX02DH3823','01H4QBARW1036CMHYQ01BVBW5C','now()','now()','2147483645'),
('01H4QBARW100STFEFJ03W6TEZ2','01H4QBARW103RA68W100X2XAED','now()','now()','2147483645'),
('01H4QBARW100STFEFJ03W6TEZ2','01H4QBARW1033HJ137000CGV69','now()','now()','2147483645'),
('01H4QBARW102VT34YT02G5A6M4','01H4QBARW101AG3WKY00F0E2RQ','now()','now()','2147483645'),
('01H4QBARW102VT34YT02G5A6M4','01H4QBARW102AS66P7031N0583','now()','now()','2147483645'),
('01H4QBARW101Z9AZMK026KX734','01H4QBARW1033HJ137000CGV69','now()','now()','2147483645'),
('01H4QBARW100T1YCQX01AK0RQX','01H4QBARW101AG3WKY00F0E2RQ','now()','now()','2147483645'),
('01H4QBARW100T1YCQX01AK0RQX','01H4QBARW10134KYJ100NJQTRX','now()','now()','2147483645'),
('01H4QBARW1022JN9GY03H6XDB5','01H4QBARW10134KYJ100NJQTRX','now()','now()','2147483645'),
('01H4QBARW102SW5RS800FC70JB','01H4QBARW102AS66P7031N0583','now()','now()','2147483645'),
('01H4QBARW102SW5RS800FC70JB','01H4QBARW103RMFDYZ00WANE4K','now()','now()','2147483645'),
('01H4QBARW101ERKWS801ZYNE1N','01H4QBARW1033HJ137000CGV69','now()','now()','2147483645'),
('01H4QBARW102MBV6XM00EF3XXA','01H4QBARW102AS66P7031N0583','now()','now()','2147483645'),
('01H4QBARW1007WPQ3A030D18YW','01H4QBARW1036CMHYQ01BVBW5C','now()','now()','2147483645'),
('01H4QBARW100JH1JGK03AC9342','01H4QBARW1036CMHYQ01BVBW5C','now()','now()','2147483645'),
('01H4QBARW100JH1JGK03AC9342','01H4QBARW102AS66P7031N0583','now()','now()','2147483645'),
('01H4QBARW101842HGC02HG7NJZ','01H4QBARW1033HJ137000CGV69','now()','now()','2147483645'),
('01H4QBARW100HYFDE803A5ZAZE','01H4QBARW1036CMHYQ01BVBW5C','now()','now()','2147483645'),
('01H4QBARW103PJ7AGX036YMD63','01H4QBARW1036CMHYQ01BVBW5C','now()','now()','2147483645'),
('01H4QBARW100X03YA2014KSKJ8','01H4QBARW101PXQFC1021J3FYZ','now()','now()','2147483645'),
('01H4QBARW102SW5RS800FC70JB','01H4QBARW101PXQFC1021J3FYZ','now()','now()','2147483645')
ON CONFLICT DO NOTHING;


INSERT INTO user_group (user_group_id,user_group_name,is_system,created_at,updated_at,resource_path) VALUES
('01H4QBARW203JEHZGK03GSZN8B','Teacher',true,'now()','now()','2147483645'),
('01H4QBARW203RXH6F800EA2FGS','HQ Staff',true,'now()','now()','2147483645'),
('01H4QBARW2025W8BPC03V54JP1','Centre Manager',true,'now()','now()','2147483645'),
('01H4QBARW202CBCGY902JPYTCP','Centre Lead',true,'now()','now()','2147483645'),
('01H4QBARW202373CBP01BBZFQA','School Admin',true,'now()','now()','2147483645'),
('01H4QBARW200YXZPES02Z920XB','PaymentScheduleJob',true,'now()','now()','2147483645'),
('01H4QBARW203MD0TPP002BXDN5','OpenAPI',true,'now()','now()','2147483645'),
('01H4QBARW2032TVA2J03E8RVHT','Parent',true,'now()','now()','2147483645'),
('01H4QBARW2011V19NM01JVNBZM','Centre Staff',true,'now()','now()','2147483645'),
('01H4QBARW200WJR71Y03DKR4RE','Student',true,'now()','now()','2147483645'),
('01H4QBARW201CVPDVP00J31KTD','Teacher Lead',true,'now()','now()','2147483645'),
('01H4QBARW202JE00DJ0273CK0X','NotificationScheduleJob',true,'now()','now()','2147483645'),
('01H4QBARW202E2ZBBD002V4F1F','UsermgmtScheduleJob',true,'now()','now()','2147483645'),
('01H4QBARW20335BP5Y0084JEX7','VirtualClassroomScheduleJob',true,'now()','now()','2147483645')
ON CONFLICT DO NOTHING;


INSERT INTO granted_role (granted_role_id,user_group_id,role_id,created_at,updated_at,resource_path) VALUES
('01H4QBARW203AZYM06037CB5GP','01H4QBARW203JEHZGK03GSZN8B','01H4QBARW102R6WA3W03NNDZHQ','now()','now()','2147483645'),
('01H4QBARW203YRA4EC0075EA3T','01H4QBARW203RXH6F800EA2FGS','01H4QBARW1033HJ137000CGV69','now()','now()','2147483645'),
('01H4QBARW20302S7K702J77VPK','01H4QBARW2025W8BPC03V54JP1','01H4QBARW102AS66P7031N0583','now()','now()','2147483645'),
('01H4QBARW2023ADWY500R3SJH5','01H4QBARW202CBCGY902JPYTCP','01H4QBARW103RMFDYZ00WANE4K','now()','now()','2147483645'),
('01H4QBARW203G4F95C01DDA48N','01H4QBARW202373CBP01BBZFQA','01H4QBARW1036CMHYQ01BVBW5C','now()','now()','2147483645'),
('01H4QBARW203V8E8MQ02361EJK','01H4QBARW200YXZPES02Z920XB','01H4QBARW101S8MPYQ02N8PKJ4','now()','now()','2147483645'),
('01H4QBARW2021JV1F700QPWEJM','01H4QBARW203MD0TPP002BXDN5','01H4QBARW101PXQFC1021J3FYZ','now()','now()','2147483645'),
('01H4QBARW203V63TNK00RWZ4YH','01H4QBARW2032TVA2J03E8RVHT','01H4QBARW101K7PN2B00X8SAAW','now()','now()','2147483645'),
('01H4QBARW200GRKAYC00EYJ5GV','01H4QBARW2011V19NM01JVNBZM','01H4QBARW10134KYJ100NJQTRX','now()','now()','2147483645'),
('01H4QBARW2002H8BKJ03K727ZW','01H4QBARW200WJR71Y03DKR4RE','01H4QBARW101AG3WKY00F0E2RQ','now()','now()','2147483645'),
('01H4QBARW202XT515G004BFA5A','01H4QBARW201CVPDVP00J31KTD','01H4QBARW10028VEWA01ZR0Y37','now()','now()','2147483645'),
('01H4QBARW201058FF600DB3A54','01H4QBARW202JE00DJ0273CK0X','01H4QBARW100NFK9JT00621N8W','now()','now()','2147483645'),
('01H4QBARW203ZPCMAA01GQRFR8','01H4QBARW202E2ZBBD002V4F1F','01H4QBARW103RA68W100X2XAED','now()','now()','2147483645'),
('01H4QBARW2020KZVHX03JMMAG9','01H4QBARW20335BP5Y0084JEX7','01H4QBARW100DHYQJK00BGY26K','now()','now()','2147483645')
ON CONFLICT DO NOTHING;


INSERT INTO granted_role_access_path (granted_role_id,location_id,created_at,updated_at,resource_path) VALUES
('01H4QBARW203AZYM06037CB5GP','01H4QBARVT01E3GNWY00KG5212','now()','now()','2147483645'),
('01H4QBARW203YRA4EC0075EA3T','01H4QBARVT01E3GNWY00KG5212','now()','now()','2147483645'),
('01H4QBARW20302S7K702J77VPK','01H4QBARVT01E3GNWY00KG5212','now()','now()','2147483645'),
('01H4QBARW2023ADWY500R3SJH5','01H4QBARVT01E3GNWY00KG5212','now()','now()','2147483645'),
('01H4QBARW203G4F95C01DDA48N','01H4QBARVT01E3GNWY00KG5212','now()','now()','2147483645'),
('01H4QBARW203V8E8MQ02361EJK','01H4QBARVT01E3GNWY00KG5212','now()','now()','2147483645'),
('01H4QBARW2021JV1F700QPWEJM','01H4QBARVT01E3GNWY00KG5212','now()','now()','2147483645'),
('01H4QBARW203V63TNK00RWZ4YH','01H4QBARVT01E3GNWY00KG5212','now()','now()','2147483645'),
('01H4QBARW200GRKAYC00EYJ5GV','01H4QBARVT01E3GNWY00KG5212','now()','now()','2147483645'),
('01H4QBARW2002H8BKJ03K727ZW','01H4QBARVT01E3GNWY00KG5212','now()','now()','2147483645'),
('01H4QBARW202XT515G004BFA5A','01H4QBARVT01E3GNWY00KG5212','now()','now()','2147483645'),
('01H4QBARW201058FF600DB3A54','01H4QBARVT01E3GNWY00KG5212','now()','now()','2147483645'),
('01H4QBARW203ZPCMAA01GQRFR8','01H4QBARVT01E3GNWY00KG5212','now()','now()','2147483645'),
('01H4QBARW2020KZVHX03JMMAG9','01H4QBARVT01E3GNWY00KG5212','now()','now()','2147483645')
ON CONFLICT DO NOTHING;


--- Create PaymentScheduleJob account -----
INSERT INTO public.users
(user_id, country, name, avatar, phone_number, email, device_token, allow_notification, user_group, updated_at, created_at, is_tester, facebook_id, platform, phone_verified, email_verified, deleted_at, given_name, resource_path, is_system)
VALUES('01H4QBARW3005YTYPZ03H0PVGR', 'COUNTRY_JP', 'Payment Schedule Job', '', NULL, 'schedule_job+payment@manabie.com', NULL, NULL, 'USER_GROUP_SCHOOL_ADMIN', now(), now(), NULL, NULL, NULL, NULL, NULL, NULL, NULL, '2147483645', true)
ON CONFLICT DO NOTHING;

INSERT INTO user_group_member(
user_id,
user_group_id,
created_at,
updated_at,
resource_path
) VALUES
('01H4QBARW3005YTYPZ03H0PVGR', '01H4QBARW200YXZPES02Z920XB', now(), now(), '2147483645') ON CONFLICT DO NOTHING;

INSERT INTO staff
(staff_id, created_at, updated_at, deleted_at, resource_path, auto_create_timesheet, working_status, start_date, end_date)
VALUES ('01H4QBARW3005YTYPZ03H0PVGR', now(), now(), NULL, '2147483645', DEFAULT, DEFAULT, NULL, NULL) ON CONFLICT DO NOTHING;

--- Create NotificationScheduleJob account -----
INSERT INTO public.users
(user_id, country, name, avatar, phone_number, email, device_token, allow_notification, user_group, updated_at, created_at, is_tester, facebook_id, platform, phone_verified, email_verified, deleted_at, given_name, resource_path, is_system)
VALUES('01H4QBARW3007HV2YD01AQENVG', 'COUNTRY_JP', 'Notification Schedule Job', '', NULL, 'schedule_job+notification@manabie.com', NULL, NULL, 'USER_GROUP_SCHOOL_ADMIN', now(), now(), NULL, NULL, NULL, NULL, NULL, NULL, NULL, '2147483645', true)
ON CONFLICT DO NOTHING;

INSERT INTO user_group_member(
user_id,
user_group_id,
created_at,
updated_at,
resource_path
) VALUES
('01H4QBARW3007HV2YD01AQENVG', '01H4QBARW202JE00DJ0273CK0X', now(), now(), '2147483645') ON CONFLICT DO NOTHING;

INSERT INTO staff
(staff_id, created_at, updated_at, deleted_at, resource_path, auto_create_timesheet, working_status, start_date, end_date)
VALUES ('01H4QBARW3007HV2YD01AQENVG', now(), now(), NULL, '2147483645', DEFAULT, DEFAULT, NULL, NULL) ON CONFLICT DO NOTHING;

--- Create UsermgmtScheduleJob account -----
INSERT INTO public.users
(user_id, country, name, avatar, phone_number, email, device_token, allow_notification, user_group, updated_at, created_at, is_tester, facebook_id, platform, phone_verified, email_verified, deleted_at, given_name, resource_path, is_system)
VALUES('01H4QBARW303TZ1BBZ01G7CY5D', 'COUNTRY_JP', 'Usermgmt Schedule Job', '', NULL, 'schedule_job+usermgmt@manabie.com', NULL, NULL, 'USER_GROUP_SCHOOL_ADMIN', now(), now(), NULL, NULL, NULL, NULL, NULL, NULL, NULL, '2147483645', true)
ON CONFLICT DO NOTHING;

INSERT INTO user_group_member(
user_id,
user_group_id,
created_at,
updated_at,
resource_path
) VALUES
('01H4QBARW303TZ1BBZ01G7CY5D', '01H4QBARW202E2ZBBD002V4F1F', now(), now(), '2147483645') ON CONFLICT DO NOTHING;

INSERT INTO staff
(staff_id, created_at, updated_at, deleted_at, resource_path, auto_create_timesheet, working_status, start_date, end_date)
VALUES ('01H4QBARW303TZ1BBZ01G7CY5D', now(), now(), NULL, '2147483645', DEFAULT, DEFAULT, NULL, NULL) ON CONFLICT DO NOTHING;

--- Create VirtualClassroomScheduleJob account -----
INSERT INTO public.users
(user_id, country, name, avatar, phone_number, email, device_token, allow_notification, user_group, updated_at, created_at, is_tester, facebook_id, platform, phone_verified, email_verified, deleted_at, given_name, resource_path, is_system)
VALUES('01H4QBARW300XTWATW03EPS28C', 'COUNTRY_JP', 'VirtualClassroom Schedule Job', '', NULL, 'schedule_job+virtualclassroom@manabie.com', NULL, NULL, 'USER_GROUP_SCHOOL_ADMIN', now(), now(), NULL, NULL, NULL, NULL, NULL, NULL, NULL, '2147483645', true)
ON CONFLICT DO NOTHING;

INSERT INTO user_group_member(
user_id,
user_group_id,
created_at,
updated_at,
resource_path
) VALUES
('01H4QBARW300XTWATW03EPS28C', '01H4QBARW20335BP5Y0084JEX7', now(), now(), '2147483645') ON CONFLICT DO NOTHING;

INSERT INTO staff
(staff_id, created_at, updated_at, deleted_at, resource_path, auto_create_timesheet, working_status, start_date, end_date)
VALUES ('01H4QBARW300XTWATW03EPS28C', now(), now(), NULL, '2147483645', DEFAULT, DEFAULT, NULL, NULL) ON CONFLICT DO NOTHING;