------ Managara Base Internal ------
INSERT INTO public.location_types (location_type_id, name, "display_name", resource_path, updated_at, created_at)
VALUES ('01H4Z1V2X401KBR5B102N9ZJ4T','org','Managara Base Internal', '2147483630', now(), now()) ON CONFLICT DO NOTHING;


INSERT INTO public.locations (location_id, name, location_type, partner_internal_id, partner_internal_parent_id, parent_location_id, resource_path, updated_at, created_at,access_path)
VALUES ('01H4Z1V2X401KBR5B102N9ZJ4T', 'Managara Base Internal', '01H4Z1V2X401KBR5B102N9ZJ4T',NULL, NULL, NULL, '2147483630', now(), now(), '01H4Z1V2X401KBR5B102N9ZJ4T') ON CONFLICT DO NOTHING;


INSERT INTO organizations (organization_id, tenant_id, name, resource_path, domain_name, logo_url, country, created_at, updated_at, deleted_at)
VALUES ('2147483630', 'withus-base-internal-h7qxl', 'Managara Base Internal', '2147483630', 'managara-base-internal', 'https://storage.googleapis.com/prod-tokyo-backend/user-upload/tenant-managara-base-logo.png', 'COUNTRY_JP', now(), now(), null) ON CONFLICT DO NOTHING;


INSERT INTO public.organization_auths (organization_id, auth_project_id, auth_tenant_id)
VALUES (2147483630, 'student-coach-e1e95', 'withus-base-internal-h7qxl') ON CONFLICT DO NOTHING;


INSERT INTO schools (school_id, name, country, city_id, district_id, point, is_system_school, created_at, updated_at, is_merge, phone_number, deleted_at, resource_path)
VALUES (2147483630, 'Managara Base Internal', 'COUNTRY_JP', 1,  1, null,  false, now(), now(), false, null,  null, '2147483630') ON CONFLICT DO NOTHING;


INSERT INTO "permission" (permission_id,permission_name,created_at,updated_at,resource_path) VALUES
('01H4Z1V2XA008WEYKC01DN2S4J','entryexit.student_entryexit_records.read','now()','now()','2147483630'),
('01H4Z1V2X900NCMWWV03B8E0AD','entryexit.student_qr.write','now()','now()','2147483630'),
('01H4Z1V2XA02K58E020086V88W','entryexit.student_qr.read','now()','now()','2147483630'),
('01H4Z1V2XA009DN8KB033VJ4N6','payment.student_product.read','now()','now()','2147483630'),
('01H4Z1V2XA02J4AN5P00P3MBT1','payment.student_product.write','now()','now()','2147483630'),
('01H4Z1V2XA00BEDT4E02Z5ESSV','payment.bill_item.read','now()','now()','2147483630'),
('01H4Z1V2X9028B7YZX03T47DQD','master.location.read','now()','now()','2147483630'),
('01H4Z1V2XA016PD4XR01NQWTGE','payment.order.read','now()','now()','2147483630'),
('01H4Z1V2XA0352244201MZQVZM','communication.notification.read','now()','now()','2147483630'),
('01H4Z1V2X9004SJR5V038JP2GM','lesson.lesson.write','now()','now()','2147483630'),
('01H4Z1V2XA01N2JAC701Q5BHCV','lesson.lesson.read','now()','now()','2147483630'),
('01H4Z1V2X900S5ZV6J028ZWAWC','lesson.lessonmember.write','now()','now()','2147483630'),
('01H4Z1V2XA01W5P81X01VDD65C','lesson.reallocation.read','now()','now()','2147483630'),
('01H4Z1V2XA03HFJYSP03NCRZQZ','lesson.reallocation.write','now()','now()','2147483630'),
('01H4Z1V2XA02G0XHNE01XBJ3MX','timesheet.timesheet.read','now()','now()','2147483630'),
('01H4Z1V2XA01TT2F3J016AWV79','timesheet.timesheet.write','now()','now()','2147483630'),
('01H4Z1V2XA01VZFAJK02AZ4KZY','user.user.write','now()','now()','2147483630'),
('01H4Z1V2XA01VYPHJ201C10XA4','user.student.write','now()','now()','2147483630'),
('01H4Z1V2XA03X2V1R9007NPVYT','user.usergroup.read','now()','now()','2147483630'),
('01H4Z1V2X801J68W25032FK8F5','payment.order.write','now()','now()','2147483630'),
('01H4Z1V2X900JQ03P702SZM3ES','payment.student_payment_detail.write','now()','now()','2147483630'),
('01H4Z1V2XA02D22SAW038MDAB5','payment.billing_address.read','now()','now()','2147483630'),
('01H4Z1V2XA01ZAH1EG008BCAQM','payment.billing_address.write','now()','now()','2147483630'),
('01H4Z1V2XA03ETVZX603PFMR1D','payment.bank_account.write','now()','now()','2147483630'),
('01H4Z1V2XA01N4XHSS03VSX9Z2','lesson.report.review','now()','now()','2147483630'),
('01H4Z1V2XA012V2VNA03ZTFX0W','user.user.read','now()','now()','2147483630'),
('01H4Z1V2XA01D8GZVY02AT7KB2','user.parent.read','now()','now()','2147483630'),
('01H4Z1V2XA00CZ659R03AVM5WK','user.parent.write','now()','now()','2147483630'),
('01H4Z1V2XA00WE15WM0029ZFVF','user.staff.read','now()','now()','2147483630'),
('01H4Z1V2X9026VG0HK02PSDC58','user.usergroupmember.write','now()','now()','2147483630'),
('01H4Z1V2XA00SGGSMT03KH7NPM','user.usergroupmember.read','now()','now()','2147483630'),
('01H4Z1V2XA01P3Y2V40299RZHN','user.student_course.write','now()','now()','2147483630'),
('01H4Z1V2XA02GT6W4N003V51P2','virtualclassroom.room_state.read','now()','now()','2147483630'),
('01H4Z1V2XA03Z71PS102WQCQXC','virtualclassroom.room_state.write','now()','now()','2147483630'),
('01H4Z1V2XA00Y4Q9PP01ZYGN7C','payment.bank_account.read','now()','now()','2147483630'),
('01H4Z1V2XA024NATPF00D6PEBQ','master.course.read','now()','now()','2147483630'),
('01H4Z1V2X902TW270B012XNQ5C','entryexit.student_entryexit_records.write','now()','now()','2147483630'),
('01H4Z1V2X902E3ZP4J012CNV34','payment.bill_item.write','now()','now()','2147483630'),
('01H4Z1V2XA02Y89DKV02NZCWXR','communication.notification.write','now()','now()','2147483630'),
('01H4Z1V2X903RH7RH500H3CCTH','communication.conversation.write','now()','now()','2147483630'),
('01H4Z1V2X900JZH8Z30292YHVX','lesson.lessonmember.read','now()','now()','2147483630'),
('01H4Z1V2XA02PWW14101G4ZSJ7','user.student.read','now()','now()','2147483630'),
('01H4Z1V2X801M9GBCE03MZMA0J','user.usergroup.write','now()','now()','2147483630'),
('01H4Z1V2X901FDGN8900ND36Q1','payment.invoice.write','now()','now()','2147483630'),
('01H4Z1V2XA03A5S6YF03YH0QFY','payment.payment.write','now()','now()','2147483630'),
('01H4Z1V2X901062FC40090XBDP','payment.invoice.read','now()','now()','2147483630'),
('01H4Z1V2X90257YDTT037RT6N7','communication.notification.owner','now()','now()','2147483630'),
('01H4Z1V2X8000WR8HX002EN8JT','user.student_enrollment_status_history.read','now()','now()','2147483630'),
('01H4Z1V2XA02VZANTP01XCBWFX','communication.conversation.read','now()','now()','2147483630'),
('01H4Z1V2XA03482NQX0067FY2C','payment.student_payment_detail.read','now()','now()','2147483630'),
('01H4Z1V2XA030XSEZB003D5CZ7','master.course.write','now()','now()','2147483630'),
('01H4Z1V2XA03PKKY6P00N7PGCR','payment.payment.read','now()','now()','2147483630'),
('01H4Z1V2XA00M9JDZB016W8NR0','user.staff.write','now()','now()','2147483630'),
('01H4Z1V2XA03JRCDYV00HA6HST','master.location.write','now()','now()','2147483630')
ON CONFLICT DO NOTHING;


INSERT INTO role (role_id,role_name,is_system,created_at,updated_at,resource_path) VALUES
('01H4Z1V2XA03M87YWP01S77NWK','Teacher',false,'now()','now()','2147483630'),
('01H4Z1V2XA018GJBSB01DA960T','HQ Staff',false,'now()','now()','2147483630'),
('01H4Z1V2XA001JNRS000TD0W2T','Centre Manager',false,'now()','now()','2147483630'),
('01H4Z1V2XA0364TBC903W32ZMA','Centre Lead',false,'now()','now()','2147483630'),
('01H4Z1V2XA021FQC1X00A2TJP2','School Admin',false,'now()','now()','2147483630'),
('01H4Z1V2XA02RBP8Z500GVDT2D','PaymentScheduleJob',true,'now()','now()','2147483630'),
('01H4Z1V2XA007VW1CP00GCZCJ5','OpenAPI',true,'now()','now()','2147483630'),
('01H4Z1V2XA029J7T5S014QMHQW','Parent',true,'now()','now()','2147483630'),
('01H4Z1V2XA037ZFX8H03Q8HN9F','Centre Staff',false,'now()','now()','2147483630'),
('01H4Z1V2XA00P36V5A033QQ13V','Student',true,'now()','now()','2147483630'),
('01H4Z1V2XA00B4YNFE01R2K510','Teacher Lead',false,'now()','now()','2147483630'),
('01H4Z1V2XA02H8D9F402X4YHDA','NotificationScheduleJob',true,'now()','now()','2147483630'),
('01H4Z1V2XA01KNSGJG00C5AQPF','UsermgmtScheduleJob',true,'now()','now()','2147483630'),
('01H4Z1V2XA01H3DZPC02ASJTSK','VirtualClassroomScheduleJob',true,'now()','now()','2147483630')
ON CONFLICT DO NOTHING;


INSERT INTO permission_role (permission_id,role_id,created_at,updated_at,resource_path) VALUES
('01H4Z1V2XA008WEYKC01DN2S4J','01H4Z1V2XA03M87YWP01S77NWK','now()','now()','2147483630'),
('01H4Z1V2X900NCMWWV03B8E0AD','01H4Z1V2XA018GJBSB01DA960T','now()','now()','2147483630'),
('01H4Z1V2XA02K58E020086V88W','01H4Z1V2XA001JNRS000TD0W2T','now()','now()','2147483630'),
('01H4Z1V2XA009DN8KB033VJ4N6','01H4Z1V2XA0364TBC903W32ZMA','now()','now()','2147483630'),
('01H4Z1V2XA009DN8KB033VJ4N6','01H4Z1V2XA021FQC1X00A2TJP2','now()','now()','2147483630'),
('01H4Z1V2XA02J4AN5P00P3MBT1','01H4Z1V2XA021FQC1X00A2TJP2','now()','now()','2147483630'),
('01H4Z1V2XA00BEDT4E02Z5ESSV','01H4Z1V2XA001JNRS000TD0W2T','now()','now()','2147483630'),
('01H4Z1V2XA00BEDT4E02Z5ESSV','01H4Z1V2XA02RBP8Z500GVDT2D','now()','now()','2147483630'),
('01H4Z1V2X9028B7YZX03T47DQD','01H4Z1V2XA001JNRS000TD0W2T','now()','now()','2147483630'),
('01H4Z1V2X9028B7YZX03T47DQD','01H4Z1V2XA007VW1CP00GCZCJ5','now()','now()','2147483630'),
('01H4Z1V2XA016PD4XR01NQWTGE','01H4Z1V2XA001JNRS000TD0W2T','now()','now()','2147483630'),
('01H4Z1V2XA0352244201MZQVZM','01H4Z1V2XA029J7T5S014QMHQW','now()','now()','2147483630'),
('01H4Z1V2X9004SJR5V038JP2GM','01H4Z1V2XA037ZFX8H03Q8HN9F','now()','now()','2147483630'),
('01H4Z1V2XA01N2JAC701Q5BHCV','01H4Z1V2XA03M87YWP01S77NWK','now()','now()','2147483630'),
('01H4Z1V2X900S5ZV6J028ZWAWC','01H4Z1V2XA037ZFX8H03Q8HN9F','now()','now()','2147483630'),
('01H4Z1V2XA01W5P81X01VDD65C','01H4Z1V2XA037ZFX8H03Q8HN9F','now()','now()','2147483630'),
('01H4Z1V2XA03HFJYSP03NCRZQZ','01H4Z1V2XA03M87YWP01S77NWK','now()','now()','2147483630'),
('01H4Z1V2XA03HFJYSP03NCRZQZ','01H4Z1V2XA018GJBSB01DA960T','now()','now()','2147483630'),
('01H4Z1V2XA02G0XHNE01XBJ3MX','01H4Z1V2XA03M87YWP01S77NWK','now()','now()','2147483630'),
('01H4Z1V2XA01TT2F3J016AWV79','01H4Z1V2XA021FQC1X00A2TJP2','now()','now()','2147483630'),
('01H4Z1V2XA01TT2F3J016AWV79','01H4Z1V2XA037ZFX8H03Q8HN9F','now()','now()','2147483630'),
('01H4Z1V2XA01VZFAJK02AZ4KZY','01H4Z1V2XA0364TBC903W32ZMA','now()','now()','2147483630'),
('01H4Z1V2XA01VYPHJ201C10XA4','01H4Z1V2XA0364TBC903W32ZMA','now()','now()','2147483630'),
('01H4Z1V2XA01VYPHJ201C10XA4','01H4Z1V2XA00P36V5A033QQ13V','now()','now()','2147483630'),
('01H4Z1V2XA03X2V1R9007NPVYT','01H4Z1V2XA007VW1CP00GCZCJ5','now()','now()','2147483630'),
('01H4Z1V2X801J68W25032FK8F5','01H4Z1V2XA021FQC1X00A2TJP2','now()','now()','2147483630'),
('01H4Z1V2X900JQ03P702SZM3ES','01H4Z1V2XA021FQC1X00A2TJP2','now()','now()','2147483630'),
('01H4Z1V2XA02D22SAW038MDAB5','01H4Z1V2XA021FQC1X00A2TJP2','now()','now()','2147483630'),
('01H4Z1V2XA01ZAH1EG008BCAQM','01H4Z1V2XA018GJBSB01DA960T','now()','now()','2147483630'),
('01H4Z1V2XA03ETVZX603PFMR1D','01H4Z1V2XA021FQC1X00A2TJP2','now()','now()','2147483630'),
('01H4Z1V2XA01N4XHSS03VSX9Z2','01H4Z1V2XA018GJBSB01DA960T','now()','now()','2147483630'),
('01H4Z1V2XA00BEDT4E02Z5ESSV','01H4Z1V2XA0364TBC903W32ZMA','now()','now()','2147483630'),
('01H4Z1V2XA016PD4XR01NQWTGE','01H4Z1V2XA021FQC1X00A2TJP2','now()','now()','2147483630'),
('01H4Z1V2X9004SJR5V038JP2GM','01H4Z1V2XA03M87YWP01S77NWK','now()','now()','2147483630'),
('01H4Z1V2X9004SJR5V038JP2GM','01H4Z1V2XA021FQC1X00A2TJP2','now()','now()','2147483630'),
('01H4Z1V2X900S5ZV6J028ZWAWC','01H4Z1V2XA001JNRS000TD0W2T','now()','now()','2147483630'),
('01H4Z1V2XA01W5P81X01VDD65C','01H4Z1V2XA021FQC1X00A2TJP2','now()','now()','2147483630'),
('01H4Z1V2XA01W5P81X01VDD65C','01H4Z1V2XA001JNRS000TD0W2T','now()','now()','2147483630'),
('01H4Z1V2XA01W5P81X01VDD65C','01H4Z1V2XA03M87YWP01S77NWK','now()','now()','2147483630'),
('01H4Z1V2XA03HFJYSP03NCRZQZ','01H4Z1V2XA021FQC1X00A2TJP2','now()','now()','2147483630'),
('01H4Z1V2XA012V2VNA03ZTFX0W','01H4Z1V2XA001JNRS000TD0W2T','now()','now()','2147483630'),
('01H4Z1V2XA012V2VNA03ZTFX0W','01H4Z1V2XA03M87YWP01S77NWK','now()','now()','2147483630'),
('01H4Z1V2XA01VYPHJ201C10XA4','01H4Z1V2XA018GJBSB01DA960T','now()','now()','2147483630'),
('01H4Z1V2XA01D8GZVY02AT7KB2','01H4Z1V2XA00P36V5A033QQ13V','now()','now()','2147483630'),
('01H4Z1V2XA01D8GZVY02AT7KB2','01H4Z1V2XA03M87YWP01S77NWK','now()','now()','2147483630'),
('01H4Z1V2XA00CZ659R03AVM5WK','01H4Z1V2XA021FQC1X00A2TJP2','now()','now()','2147483630'),
('01H4Z1V2XA00CZ659R03AVM5WK','01H4Z1V2XA0364TBC903W32ZMA','now()','now()','2147483630'),
('01H4Z1V2XA00WE15WM0029ZFVF','01H4Z1V2XA03M87YWP01S77NWK','now()','now()','2147483630'),
('01H4Z1V2X9026VG0HK02PSDC58','01H4Z1V2XA007VW1CP00GCZCJ5','now()','now()','2147483630'),
('01H4Z1V2XA00SGGSMT03KH7NPM','01H4Z1V2XA00B4YNFE01R2K510','now()','now()','2147483630'),
('01H4Z1V2XA00SGGSMT03KH7NPM','01H4Z1V2XA029J7T5S014QMHQW','now()','now()','2147483630'),
('01H4Z1V2XA01P3Y2V40299RZHN','01H4Z1V2XA037ZFX8H03Q8HN9F','now()','now()','2147483630'),
('01H4Z1V2XA02GT6W4N003V51P2','01H4Z1V2XA0364TBC903W32ZMA','now()','now()','2147483630'),
('01H4Z1V2XA02GT6W4N003V51P2','01H4Z1V2XA021FQC1X00A2TJP2','now()','now()','2147483630'),
('01H4Z1V2XA03Z71PS102WQCQXC','01H4Z1V2XA021FQC1X00A2TJP2','now()','now()','2147483630'),
('01H4Z1V2XA03Z71PS102WQCQXC','01H4Z1V2XA018GJBSB01DA960T','now()','now()','2147483630'),
('01H4Z1V2X801J68W25032FK8F5','01H4Z1V2XA018GJBSB01DA960T','now()','now()','2147483630'),
('01H4Z1V2X801J68W25032FK8F5','01H4Z1V2XA037ZFX8H03Q8HN9F','now()','now()','2147483630'),
('01H4Z1V2XA01ZAH1EG008BCAQM','01H4Z1V2XA037ZFX8H03Q8HN9F','now()','now()','2147483630'),
('01H4Z1V2XA00Y4Q9PP01ZYGN7C','01H4Z1V2XA037ZFX8H03Q8HN9F','now()','now()','2147483630'),
('01H4Z1V2XA03ETVZX603PFMR1D','01H4Z1V2XA018GJBSB01DA960T','now()','now()','2147483630'),
('01H4Z1V2XA024NATPF00D6PEBQ','01H4Z1V2XA018GJBSB01DA960T','now()','now()','2147483630'),
('01H4Z1V2XA024NATPF00D6PEBQ','01H4Z1V2XA00B4YNFE01R2K510','now()','now()','2147483630'),
('01H4Z1V2XA00Y4Q9PP01ZYGN7C','01H4Z1V2XA007VW1CP00GCZCJ5','now()','now()','2147483630'),
('01H4Z1V2X902TW270B012XNQ5C','01H4Z1V2XA037ZFX8H03Q8HN9F','now()','now()','2147483630'),
('01H4Z1V2XA008WEYKC01DN2S4J','01H4Z1V2XA001JNRS000TD0W2T','now()','now()','2147483630'),
('01H4Z1V2X900NCMWWV03B8E0AD','01H4Z1V2XA001JNRS000TD0W2T','now()','now()','2147483630'),
('01H4Z1V2X900NCMWWV03B8E0AD','01H4Z1V2XA037ZFX8H03Q8HN9F','now()','now()','2147483630'),
('01H4Z1V2XA02J4AN5P00P3MBT1','01H4Z1V2XA037ZFX8H03Q8HN9F','now()','now()','2147483630'),
('01H4Z1V2X902E3ZP4J012CNV34','01H4Z1V2XA018GJBSB01DA960T','now()','now()','2147483630'),
('01H4Z1V2X9028B7YZX03T47DQD','01H4Z1V2XA021FQC1X00A2TJP2','now()','now()','2147483630'),
('01H4Z1V2XA0352244201MZQVZM','01H4Z1V2XA02H8D9F402X4YHDA','now()','now()','2147483630'),
('01H4Z1V2XA0352244201MZQVZM','01H4Z1V2XA021FQC1X00A2TJP2','now()','now()','2147483630'),
('01H4Z1V2XA02Y89DKV02NZCWXR','01H4Z1V2XA021FQC1X00A2TJP2','now()','now()','2147483630'),
('01H4Z1V2X903RH7RH500H3CCTH','01H4Z1V2XA03M87YWP01S77NWK','now()','now()','2147483630'),
('01H4Z1V2XA01N2JAC701Q5BHCV','01H4Z1V2XA00P36V5A033QQ13V','now()','now()','2147483630'),
('01H4Z1V2X900JZH8Z30292YHVX','01H4Z1V2XA00P36V5A033QQ13V','now()','now()','2147483630'),
('01H4Z1V2X900JZH8Z30292YHVX','01H4Z1V2XA037ZFX8H03Q8HN9F','now()','now()','2147483630'),
('01H4Z1V2X900S5ZV6J028ZWAWC','01H4Z1V2XA00B4YNFE01R2K510','now()','now()','2147483630'),
('01H4Z1V2XA02G0XHNE01XBJ3MX','01H4Z1V2XA0364TBC903W32ZMA','now()','now()','2147483630'),
('01H4Z1V2XA02G0XHNE01XBJ3MX','01H4Z1V2XA00B4YNFE01R2K510','now()','now()','2147483630'),
('01H4Z1V2XA02G0XHNE01XBJ3MX','01H4Z1V2XA018GJBSB01DA960T','now()','now()','2147483630'),
('01H4Z1V2XA01TT2F3J016AWV79','01H4Z1V2XA018GJBSB01DA960T','now()','now()','2147483630'),
('01H4Z1V2XA012V2VNA03ZTFX0W','01H4Z1V2XA00B4YNFE01R2K510','now()','now()','2147483630'),
('01H4Z1V2XA012V2VNA03ZTFX0W','01H4Z1V2XA021FQC1X00A2TJP2','now()','now()','2147483630'),
('01H4Z1V2XA02PWW14101G4ZSJ7','01H4Z1V2XA02H8D9F402X4YHDA','now()','now()','2147483630'),
('01H4Z1V2XA01D8GZVY02AT7KB2','01H4Z1V2XA037ZFX8H03Q8HN9F','now()','now()','2147483630'),
('01H4Z1V2XA01D8GZVY02AT7KB2','01H4Z1V2XA001JNRS000TD0W2T','now()','now()','2147483630'),
('01H4Z1V2XA00CZ659R03AVM5WK','01H4Z1V2XA037ZFX8H03Q8HN9F','now()','now()','2147483630'),
('01H4Z1V2XA00CZ659R03AVM5WK','01H4Z1V2XA01KNSGJG00C5AQPF','now()','now()','2147483630'),
('01H4Z1V2XA00WE15WM0029ZFVF','01H4Z1V2XA001JNRS000TD0W2T','now()','now()','2147483630'),
('01H4Z1V2XA00WE15WM0029ZFVF','01H4Z1V2XA037ZFX8H03Q8HN9F','now()','now()','2147483630'),
('01H4Z1V2XA03X2V1R9007NPVYT','01H4Z1V2XA021FQC1X00A2TJP2','now()','now()','2147483630'),
('01H4Z1V2X801M9GBCE03MZMA0J','01H4Z1V2XA018GJBSB01DA960T','now()','now()','2147483630'),
('01H4Z1V2X9026VG0HK02PSDC58','01H4Z1V2XA018GJBSB01DA960T','now()','now()','2147483630'),
('01H4Z1V2XA01P3Y2V40299RZHN','01H4Z1V2XA021FQC1X00A2TJP2','now()','now()','2147483630'),
('01H4Z1V2XA03Z71PS102WQCQXC','01H4Z1V2XA029J7T5S014QMHQW','now()','now()','2147483630'),
('01H4Z1V2X801J68W25032FK8F5','01H4Z1V2XA001JNRS000TD0W2T','now()','now()','2147483630'),
('01H4Z1V2XA02D22SAW038MDAB5','01H4Z1V2XA001JNRS000TD0W2T','now()','now()','2147483630'),
('01H4Z1V2XA00Y4Q9PP01ZYGN7C','01H4Z1V2XA018GJBSB01DA960T','now()','now()','2147483630'),
('01H4Z1V2X901FDGN8900ND36Q1','01H4Z1V2XA021FQC1X00A2TJP2','now()','now()','2147483630'),
('01H4Z1V2XA03A5S6YF03YH0QFY','01H4Z1V2XA018GJBSB01DA960T','now()','now()','2147483630'),
('01H4Z1V2XA01N4XHSS03VSX9Z2','01H4Z1V2XA0364TBC903W32ZMA','now()','now()','2147483630'),
('01H4Z1V2X902E3ZP4J012CNV34','01H4Z1V2XA001JNRS000TD0W2T','now()','now()','2147483630'),
('01H4Z1V2X9028B7YZX03T47DQD','01H4Z1V2XA03M87YWP01S77NWK','now()','now()','2147483630'),
('01H4Z1V2X9028B7YZX03T47DQD','01H4Z1V2XA018GJBSB01DA960T','now()','now()','2147483630'),
('01H4Z1V2XA01N2JAC701Q5BHCV','01H4Z1V2XA029J7T5S014QMHQW','now()','now()','2147483630'),
('01H4Z1V2X900JZH8Z30292YHVX','01H4Z1V2XA03M87YWP01S77NWK','now()','now()','2147483630'),
('01H4Z1V2X900S5ZV6J028ZWAWC','01H4Z1V2XA0364TBC903W32ZMA','now()','now()','2147483630'),
('01H4Z1V2XA01W5P81X01VDD65C','01H4Z1V2XA029J7T5S014QMHQW','now()','now()','2147483630'),
('01H4Z1V2XA01VZFAJK02AZ4KZY','01H4Z1V2XA007VW1CP00GCZCJ5','now()','now()','2147483630'),
('01H4Z1V2XA02PWW14101G4ZSJ7','01H4Z1V2XA037ZFX8H03Q8HN9F','now()','now()','2147483630'),
('01H4Z1V2XA02PWW14101G4ZSJ7','01H4Z1V2XA00B4YNFE01R2K510','now()','now()','2147483630'),
('01H4Z1V2XA01VYPHJ201C10XA4','01H4Z1V2XA007VW1CP00GCZCJ5','now()','now()','2147483630'),
('01H4Z1V2XA00WE15WM0029ZFVF','01H4Z1V2XA021FQC1X00A2TJP2','now()','now()','2147483630'),
('01H4Z1V2XA00WE15WM0029ZFVF','01H4Z1V2XA029J7T5S014QMHQW','now()','now()','2147483630'),
('01H4Z1V2XA03X2V1R9007NPVYT','01H4Z1V2XA00P36V5A033QQ13V','now()','now()','2147483630'),
('01H4Z1V2XA03X2V1R9007NPVYT','01H4Z1V2XA029J7T5S014QMHQW','now()','now()','2147483630'),
('01H4Z1V2X801M9GBCE03MZMA0J','01H4Z1V2XA01KNSGJG00C5AQPF','now()','now()','2147483630'),
('01H4Z1V2XA02GT6W4N003V51P2','01H4Z1V2XA00B4YNFE01R2K510','now()','now()','2147483630'),
('01H4Z1V2XA02GT6W4N003V51P2','01H4Z1V2XA029J7T5S014QMHQW','now()','now()','2147483630'),
('01H4Z1V2XA03Z71PS102WQCQXC','01H4Z1V2XA0364TBC903W32ZMA','now()','now()','2147483630'),
('01H4Z1V2X900JQ03P702SZM3ES','01H4Z1V2XA001JNRS000TD0W2T','now()','now()','2147483630'),
('01H4Z1V2XA00Y4Q9PP01ZYGN7C','01H4Z1V2XA0364TBC903W32ZMA','now()','now()','2147483630'),
('01H4Z1V2X901062FC40090XBDP','01H4Z1V2XA001JNRS000TD0W2T','now()','now()','2147483630'),
('01H4Z1V2XA024NATPF00D6PEBQ','01H4Z1V2XA02H8D9F402X4YHDA','now()','now()','2147483630'),
('01H4Z1V2XA01N4XHSS03VSX9Z2','01H4Z1V2XA001JNRS000TD0W2T','now()','now()','2147483630'),
('01H4Z1V2X900NCMWWV03B8E0AD','01H4Z1V2XA0364TBC903W32ZMA','now()','now()','2147483630'),
('01H4Z1V2XA02K58E020086V88W','01H4Z1V2XA03M87YWP01S77NWK','now()','now()','2147483630'),
('01H4Z1V2XA009DN8KB033VJ4N6','01H4Z1V2XA001JNRS000TD0W2T','now()','now()','2147483630'),
('01H4Z1V2XA02J4AN5P00P3MBT1','01H4Z1V2XA018GJBSB01DA960T','now()','now()','2147483630'),
('01H4Z1V2XA00BEDT4E02Z5ESSV','01H4Z1V2XA018GJBSB01DA960T','now()','now()','2147483630'),
('01H4Z1V2X9028B7YZX03T47DQD','01H4Z1V2XA0364TBC903W32ZMA','now()','now()','2147483630'),
('01H4Z1V2X9028B7YZX03T47DQD','01H4Z1V2XA029J7T5S014QMHQW','now()','now()','2147483630'),
('01H4Z1V2X9028B7YZX03T47DQD','01H4Z1V2XA01KNSGJG00C5AQPF','now()','now()','2147483630'),
('01H4Z1V2XA016PD4XR01NQWTGE','01H4Z1V2XA0364TBC903W32ZMA','now()','now()','2147483630'),
('01H4Z1V2XA0352244201MZQVZM','01H4Z1V2XA037ZFX8H03Q8HN9F','now()','now()','2147483630'),
('01H4Z1V2X90257YDTT037RT6N7','01H4Z1V2XA037ZFX8H03Q8HN9F','now()','now()','2147483630'),
('01H4Z1V2X90257YDTT037RT6N7','01H4Z1V2XA03M87YWP01S77NWK','now()','now()','2147483630'),
('01H4Z1V2X903RH7RH500H3CCTH','01H4Z1V2XA029J7T5S014QMHQW','now()','now()','2147483630'),
('01H4Z1V2XA01N2JAC701Q5BHCV','01H4Z1V2XA0364TBC903W32ZMA','now()','now()','2147483630'),
('01H4Z1V2XA01N2JAC701Q5BHCV','01H4Z1V2XA001JNRS000TD0W2T','now()','now()','2147483630'),
('01H4Z1V2X900JZH8Z30292YHVX','01H4Z1V2XA001JNRS000TD0W2T','now()','now()','2147483630'),
('01H4Z1V2X900S5ZV6J028ZWAWC','01H4Z1V2XA018GJBSB01DA960T','now()','now()','2147483630'),
('01H4Z1V2XA03HFJYSP03NCRZQZ','01H4Z1V2XA001JNRS000TD0W2T','now()','now()','2147483630'),
('01H4Z1V2XA02G0XHNE01XBJ3MX','01H4Z1V2XA021FQC1X00A2TJP2','now()','now()','2147483630'),
('01H4Z1V2XA01TT2F3J016AWV79','01H4Z1V2XA0364TBC903W32ZMA','now()','now()','2147483630'),
('01H4Z1V2XA01VZFAJK02AZ4KZY','01H4Z1V2XA021FQC1X00A2TJP2','now()','now()','2147483630'),
('01H4Z1V2XA01VYPHJ201C10XA4','01H4Z1V2XA021FQC1X00A2TJP2','now()','now()','2147483630'),
('01H4Z1V2XA01D8GZVY02AT7KB2','01H4Z1V2XA00B4YNFE01R2K510','now()','now()','2147483630'),
('01H4Z1V2X801M9GBCE03MZMA0J','01H4Z1V2XA021FQC1X00A2TJP2','now()','now()','2147483630'),
('01H4Z1V2XA00SGGSMT03KH7NPM','01H4Z1V2XA0364TBC903W32ZMA','now()','now()','2147483630'),
('01H4Z1V2XA00SGGSMT03KH7NPM','01H4Z1V2XA007VW1CP00GCZCJ5','now()','now()','2147483630'),
('01H4Z1V2XA02GT6W4N003V51P2','01H4Z1V2XA03M87YWP01S77NWK','now()','now()','2147483630'),
('01H4Z1V2XA03Z71PS102WQCQXC','01H4Z1V2XA00P36V5A033QQ13V','now()','now()','2147483630'),
('01H4Z1V2XA03Z71PS102WQCQXC','01H4Z1V2XA03M87YWP01S77NWK','now()','now()','2147483630'),
('01H4Z1V2X801J68W25032FK8F5','01H4Z1V2XA02RBP8Z500GVDT2D','now()','now()','2147483630'),
('01H4Z1V2X901062FC40090XBDP','01H4Z1V2XA021FQC1X00A2TJP2','now()','now()','2147483630'),
('01H4Z1V2X8000WR8HX002EN8JT','01H4Z1V2XA01KNSGJG00C5AQPF','now()','now()','2147483630'),
('01H4Z1V2XA024NATPF00D6PEBQ','01H4Z1V2XA03M87YWP01S77NWK','now()','now()','2147483630'),
('01H4Z1V2XA024NATPF00D6PEBQ','01H4Z1V2XA00P36V5A033QQ13V','now()','now()','2147483630'),
('01H4Z1V2XA01N4XHSS03VSX9Z2','01H4Z1V2XA03M87YWP01S77NWK','now()','now()','2147483630'),
('01H4Z1V2XA01N4XHSS03VSX9Z2','01H4Z1V2XA00B4YNFE01R2K510','now()','now()','2147483630'),
('01H4Z1V2XA01D8GZVY02AT7KB2','01H4Z1V2XA007VW1CP00GCZCJ5','now()','now()','2147483630'),
('01H4Z1V2XA008WEYKC01DN2S4J','01H4Z1V2XA00P36V5A033QQ13V','now()','now()','2147483630'),
('01H4Z1V2X900NCMWWV03B8E0AD','01H4Z1V2XA00P36V5A033QQ13V','now()','now()','2147483630'),
('01H4Z1V2XA02K58E020086V88W','01H4Z1V2XA00P36V5A033QQ13V','now()','now()','2147483630'),
('01H4Z1V2XA02K58E020086V88W','01H4Z1V2XA029J7T5S014QMHQW','now()','now()','2147483630'),
('01H4Z1V2X902E3ZP4J012CNV34','01H4Z1V2XA037ZFX8H03Q8HN9F','now()','now()','2147483630'),
('01H4Z1V2X902E3ZP4J012CNV34','01H4Z1V2XA021FQC1X00A2TJP2','now()','now()','2147483630'),
('01H4Z1V2XA02VZANTP01XCBWFX','01H4Z1V2XA03M87YWP01S77NWK','now()','now()','2147483630'),
('01H4Z1V2X903RH7RH500H3CCTH','01H4Z1V2XA00P36V5A033QQ13V','now()','now()','2147483630'),
('01H4Z1V2X9004SJR5V038JP2GM','01H4Z1V2XA001JNRS000TD0W2T','now()','now()','2147483630'),
('01H4Z1V2XA01N2JAC701Q5BHCV','01H4Z1V2XA00B4YNFE01R2K510','now()','now()','2147483630'),
('01H4Z1V2X900JZH8Z30292YHVX','01H4Z1V2XA029J7T5S014QMHQW','now()','now()','2147483630'),
('01H4Z1V2XA01TT2F3J016AWV79','01H4Z1V2XA03M87YWP01S77NWK','now()','now()','2147483630'),
('01H4Z1V2XA012V2VNA03ZTFX0W','01H4Z1V2XA018GJBSB01DA960T','now()','now()','2147483630'),
('01H4Z1V2XA012V2VNA03ZTFX0W','01H4Z1V2XA029J7T5S014QMHQW','now()','now()','2147483630'),
('01H4Z1V2XA012V2VNA03ZTFX0W','01H4Z1V2XA00P36V5A033QQ13V','now()','now()','2147483630'),
('01H4Z1V2XA02PWW14101G4ZSJ7','01H4Z1V2XA001JNRS000TD0W2T','now()','now()','2147483630'),
('01H4Z1V2XA02PWW14101G4ZSJ7','01H4Z1V2XA018GJBSB01DA960T','now()','now()','2147483630'),
('01H4Z1V2XA01D8GZVY02AT7KB2','01H4Z1V2XA018GJBSB01DA960T','now()','now()','2147483630'),
('01H4Z1V2XA03X2V1R9007NPVYT','01H4Z1V2XA001JNRS000TD0W2T','now()','now()','2147483630'),
('01H4Z1V2X9026VG0HK02PSDC58','01H4Z1V2XA01KNSGJG00C5AQPF','now()','now()','2147483630'),
('01H4Z1V2XA03Z71PS102WQCQXC','01H4Z1V2XA00B4YNFE01R2K510','now()','now()','2147483630'),
('01H4Z1V2X900JQ03P702SZM3ES','01H4Z1V2XA037ZFX8H03Q8HN9F','now()','now()','2147483630'),
('01H4Z1V2X900JQ03P702SZM3ES','01H4Z1V2XA018GJBSB01DA960T','now()','now()','2147483630'),
('01H4Z1V2XA02D22SAW038MDAB5','01H4Z1V2XA037ZFX8H03Q8HN9F','now()','now()','2147483630'),
('01H4Z1V2XA01N4XHSS03VSX9Z2','01H4Z1V2XA037ZFX8H03Q8HN9F','now()','now()','2147483630'),
('01H4Z1V2XA03ETVZX603PFMR1D','01H4Z1V2XA007VW1CP00GCZCJ5','now()','now()','2147483630'),
('01H4Z1V2X902TW270B012XNQ5C','01H4Z1V2XA03M87YWP01S77NWK','now()','now()','2147483630'),
('01H4Z1V2X902TW270B012XNQ5C','01H4Z1V2XA001JNRS000TD0W2T','now()','now()','2147483630'),
('01H4Z1V2X902TW270B012XNQ5C','01H4Z1V2XA0364TBC903W32ZMA','now()','now()','2147483630'),
('01H4Z1V2XA008WEYKC01DN2S4J','01H4Z1V2XA021FQC1X00A2TJP2','now()','now()','2147483630'),
('01H4Z1V2XA009DN8KB033VJ4N6','01H4Z1V2XA037ZFX8H03Q8HN9F','now()','now()','2147483630'),
('01H4Z1V2X902E3ZP4J012CNV34','01H4Z1V2XA02RBP8Z500GVDT2D','now()','now()','2147483630'),
('01H4Z1V2X9028B7YZX03T47DQD','01H4Z1V2XA00P36V5A033QQ13V','now()','now()','2147483630'),
('01H4Z1V2X9028B7YZX03T47DQD','01H4Z1V2XA037ZFX8H03Q8HN9F','now()','now()','2147483630'),
('01H4Z1V2XA016PD4XR01NQWTGE','01H4Z1V2XA018GJBSB01DA960T','now()','now()','2147483630'),
('01H4Z1V2X9004SJR5V038JP2GM','01H4Z1V2XA018GJBSB01DA960T','now()','now()','2147483630'),
('01H4Z1V2X9004SJR5V038JP2GM','01H4Z1V2XA00P36V5A033QQ13V','now()','now()','2147483630'),
('01H4Z1V2XA01N2JAC701Q5BHCV','01H4Z1V2XA037ZFX8H03Q8HN9F','now()','now()','2147483630'),
('01H4Z1V2X900S5ZV6J028ZWAWC','01H4Z1V2XA03M87YWP01S77NWK','now()','now()','2147483630'),
('01H4Z1V2XA012V2VNA03ZTFX0W','01H4Z1V2XA007VW1CP00GCZCJ5','now()','now()','2147483630'),
('01H4Z1V2XA01VZFAJK02AZ4KZY','01H4Z1V2XA037ZFX8H03Q8HN9F','now()','now()','2147483630'),
('01H4Z1V2XA02PWW14101G4ZSJ7','01H4Z1V2XA007VW1CP00GCZCJ5','now()','now()','2147483630'),
('01H4Z1V2XA01VYPHJ201C10XA4','01H4Z1V2XA037ZFX8H03Q8HN9F','now()','now()','2147483630'),
('01H4Z1V2XA01D8GZVY02AT7KB2','01H4Z1V2XA0364TBC903W32ZMA','now()','now()','2147483630'),
('01H4Z1V2XA00WE15WM0029ZFVF','01H4Z1V2XA018GJBSB01DA960T','now()','now()','2147483630'),
('01H4Z1V2XA03X2V1R9007NPVYT','01H4Z1V2XA037ZFX8H03Q8HN9F','now()','now()','2147483630'),
('01H4Z1V2XA03X2V1R9007NPVYT','01H4Z1V2XA03M87YWP01S77NWK','now()','now()','2147483630'),
('01H4Z1V2X9026VG0HK02PSDC58','01H4Z1V2XA021FQC1X00A2TJP2','now()','now()','2147483630'),
('01H4Z1V2XA00SGGSMT03KH7NPM','01H4Z1V2XA01KNSGJG00C5AQPF','now()','now()','2147483630'),
('01H4Z1V2XA02GT6W4N003V51P2','01H4Z1V2XA001JNRS000TD0W2T','now()','now()','2147483630'),
('01H4Z1V2XA03482NQX0067FY2C','01H4Z1V2XA037ZFX8H03Q8HN9F','now()','now()','2147483630'),
('01H4Z1V2XA01ZAH1EG008BCAQM','01H4Z1V2XA001JNRS000TD0W2T','now()','now()','2147483630'),
('01H4Z1V2X901062FC40090XBDP','01H4Z1V2XA037ZFX8H03Q8HN9F','now()','now()','2147483630'),
('01H4Z1V2X901062FC40090XBDP','01H4Z1V2XA018GJBSB01DA960T','now()','now()','2147483630'),
('01H4Z1V2X901FDGN8900ND36Q1','01H4Z1V2XA018GJBSB01DA960T','now()','now()','2147483630'),
('01H4Z1V2XA024NATPF00D6PEBQ','01H4Z1V2XA0364TBC903W32ZMA','now()','now()','2147483630'),
('01H4Z1V2XA024NATPF00D6PEBQ','01H4Z1V2XA007VW1CP00GCZCJ5','now()','now()','2147483630'),
('01H4Z1V2XA024NATPF00D6PEBQ','01H4Z1V2XA01KNSGJG00C5AQPF','now()','now()','2147483630'),
('01H4Z1V2XA030XSEZB003D5CZ7','01H4Z1V2XA021FQC1X00A2TJP2','now()','now()','2147483630'),
('01H4Z1V2XA00CZ659R03AVM5WK','01H4Z1V2XA007VW1CP00GCZCJ5','now()','now()','2147483630'),
('01H4Z1V2X902TW270B012XNQ5C','01H4Z1V2XA018GJBSB01DA960T','now()','now()','2147483630'),
('01H4Z1V2XA008WEYKC01DN2S4J','01H4Z1V2XA029J7T5S014QMHQW','now()','now()','2147483630'),
('01H4Z1V2X900NCMWWV03B8E0AD','01H4Z1V2XA021FQC1X00A2TJP2','now()','now()','2147483630'),
('01H4Z1V2XA03PKKY6P00N7PGCR','01H4Z1V2XA018GJBSB01DA960T','now()','now()','2147483630'),
('01H4Z1V2XA00BEDT4E02Z5ESSV','01H4Z1V2XA021FQC1X00A2TJP2','now()','now()','2147483630'),
('01H4Z1V2XA0352244201MZQVZM','01H4Z1V2XA03M87YWP01S77NWK','now()','now()','2147483630'),
('01H4Z1V2XA0352244201MZQVZM','01H4Z1V2XA018GJBSB01DA960T','now()','now()','2147483630'),
('01H4Z1V2X90257YDTT037RT6N7','01H4Z1V2XA001JNRS000TD0W2T','now()','now()','2147483630'),
('01H4Z1V2XA01N2JAC701Q5BHCV','01H4Z1V2XA021FQC1X00A2TJP2','now()','now()','2147483630'),
('01H4Z1V2X900JZH8Z30292YHVX','01H4Z1V2XA018GJBSB01DA960T','now()','now()','2147483630'),
('01H4Z1V2X900JZH8Z30292YHVX','01H4Z1V2XA021FQC1X00A2TJP2','now()','now()','2147483630'),
('01H4Z1V2X900JZH8Z30292YHVX','01H4Z1V2XA0364TBC903W32ZMA','now()','now()','2147483630'),
('01H4Z1V2X900S5ZV6J028ZWAWC','01H4Z1V2XA021FQC1X00A2TJP2','now()','now()','2147483630'),
('01H4Z1V2XA01W5P81X01VDD65C','01H4Z1V2XA00P36V5A033QQ13V','now()','now()','2147483630'),
('01H4Z1V2XA01W5P81X01VDD65C','01H4Z1V2XA018GJBSB01DA960T','now()','now()','2147483630'),
('01H4Z1V2XA012V2VNA03ZTFX0W','01H4Z1V2XA01KNSGJG00C5AQPF','now()','now()','2147483630'),
('01H4Z1V2XA012V2VNA03ZTFX0W','01H4Z1V2XA037ZFX8H03Q8HN9F','now()','now()','2147483630'),
('01H4Z1V2XA02PWW14101G4ZSJ7','01H4Z1V2XA0364TBC903W32ZMA','now()','now()','2147483630'),
('01H4Z1V2XA01VYPHJ201C10XA4','01H4Z1V2XA001JNRS000TD0W2T','now()','now()','2147483630'),
('01H4Z1V2XA00CZ659R03AVM5WK','01H4Z1V2XA029J7T5S014QMHQW','now()','now()','2147483630'),
('01H4Z1V2XA00WE15WM0029ZFVF','01H4Z1V2XA0364TBC903W32ZMA','now()','now()','2147483630'),
('01H4Z1V2XA00WE15WM0029ZFVF','01H4Z1V2XA01KNSGJG00C5AQPF','now()','now()','2147483630'),
('01H4Z1V2XA00M9JDZB016W8NR0','01H4Z1V2XA01KNSGJG00C5AQPF','now()','now()','2147483630'),
('01H4Z1V2XA00SGGSMT03KH7NPM','01H4Z1V2XA018GJBSB01DA960T','now()','now()','2147483630'),
('01H4Z1V2XA00SGGSMT03KH7NPM','01H4Z1V2XA037ZFX8H03Q8HN9F','now()','now()','2147483630'),
('01H4Z1V2XA01P3Y2V40299RZHN','01H4Z1V2XA001JNRS000TD0W2T','now()','now()','2147483630'),
('01H4Z1V2XA02GT6W4N003V51P2','01H4Z1V2XA018GJBSB01DA960T','now()','now()','2147483630'),
('01H4Z1V2XA03Z71PS102WQCQXC','01H4Z1V2XA001JNRS000TD0W2T','now()','now()','2147483630'),
('01H4Z1V2XA03482NQX0067FY2C','01H4Z1V2XA018GJBSB01DA960T','now()','now()','2147483630'),
('01H4Z1V2XA03482NQX0067FY2C','01H4Z1V2XA021FQC1X00A2TJP2','now()','now()','2147483630'),
('01H4Z1V2XA02D22SAW038MDAB5','01H4Z1V2XA0364TBC903W32ZMA','now()','now()','2147483630'),
('01H4Z1V2XA01ZAH1EG008BCAQM','01H4Z1V2XA021FQC1X00A2TJP2','now()','now()','2147483630'),
('01H4Z1V2XA03ETVZX603PFMR1D','01H4Z1V2XA037ZFX8H03Q8HN9F','now()','now()','2147483630'),
('01H4Z1V2X900JQ03P702SZM3ES','01H4Z1V2XA007VW1CP00GCZCJ5','now()','now()','2147483630'),
('01H4Z1V2X902TW270B012XNQ5C','01H4Z1V2XA021FQC1X00A2TJP2','now()','now()','2147483630'),
('01H4Z1V2XA008WEYKC01DN2S4J','01H4Z1V2XA0364TBC903W32ZMA','now()','now()','2147483630'),
('01H4Z1V2XA008WEYKC01DN2S4J','01H4Z1V2XA018GJBSB01DA960T','now()','now()','2147483630'),
('01H4Z1V2XA02K58E020086V88W','01H4Z1V2XA018GJBSB01DA960T','now()','now()','2147483630'),
('01H4Z1V2XA02K58E020086V88W','01H4Z1V2XA021FQC1X00A2TJP2','now()','now()','2147483630'),
('01H4Z1V2XA03PKKY6P00N7PGCR','01H4Z1V2XA021FQC1X00A2TJP2','now()','now()','2147483630'),
('01H4Z1V2XA009DN8KB033VJ4N6','01H4Z1V2XA018GJBSB01DA960T','now()','now()','2147483630'),
('01H4Z1V2XA02J4AN5P00P3MBT1','01H4Z1V2XA001JNRS000TD0W2T','now()','now()','2147483630'),
('01H4Z1V2XA00BEDT4E02Z5ESSV','01H4Z1V2XA037ZFX8H03Q8HN9F','now()','now()','2147483630'),
('01H4Z1V2XA02Y89DKV02NZCWXR','01H4Z1V2XA02H8D9F402X4YHDA','now()','now()','2147483630'),
('01H4Z1V2XA02Y89DKV02NZCWXR','01H4Z1V2XA018GJBSB01DA960T','now()','now()','2147483630'),
('01H4Z1V2XA02VZANTP01XCBWFX','01H4Z1V2XA00P36V5A033QQ13V','now()','now()','2147483630'),
('01H4Z1V2XA02VZANTP01XCBWFX','01H4Z1V2XA029J7T5S014QMHQW','now()','now()','2147483630'),
('01H4Z1V2XA01W5P81X01VDD65C','01H4Z1V2XA0364TBC903W32ZMA','now()','now()','2147483630'),
('01H4Z1V2XA03HFJYSP03NCRZQZ','01H4Z1V2XA037ZFX8H03Q8HN9F','now()','now()','2147483630'),
('01H4Z1V2XA02G0XHNE01XBJ3MX','01H4Z1V2XA001JNRS000TD0W2T','now()','now()','2147483630'),
('01H4Z1V2XA01TT2F3J016AWV79','01H4Z1V2XA001JNRS000TD0W2T','now()','now()','2147483630'),
('01H4Z1V2XA01TT2F3J016AWV79','01H4Z1V2XA00B4YNFE01R2K510','now()','now()','2147483630'),
('01H4Z1V2XA012V2VNA03ZTFX0W','01H4Z1V2XA02H8D9F402X4YHDA','now()','now()','2147483630'),
('01H4Z1V2XA012V2VNA03ZTFX0W','01H4Z1V2XA01H3DZPC02ASJTSK','now()','now()','2147483630'),
('01H4Z1V2XA01VZFAJK02AZ4KZY','01H4Z1V2XA018GJBSB01DA960T','now()','now()','2147483630'),
('01H4Z1V2XA01VZFAJK02AZ4KZY','01H4Z1V2XA001JNRS000TD0W2T','now()','now()','2147483630'),
('01H4Z1V2XA02PWW14101G4ZSJ7','01H4Z1V2XA029J7T5S014QMHQW','now()','now()','2147483630'),
('01H4Z1V2XA01D8GZVY02AT7KB2','01H4Z1V2XA029J7T5S014QMHQW','now()','now()','2147483630'),
('01H4Z1V2XA00CZ659R03AVM5WK','01H4Z1V2XA001JNRS000TD0W2T','now()','now()','2147483630'),
('01H4Z1V2XA00CZ659R03AVM5WK','01H4Z1V2XA018GJBSB01DA960T','now()','now()','2147483630'),
('01H4Z1V2XA00WE15WM0029ZFVF','01H4Z1V2XA00P36V5A033QQ13V','now()','now()','2147483630'),
('01H4Z1V2XA00M9JDZB016W8NR0','01H4Z1V2XA018GJBSB01DA960T','now()','now()','2147483630'),
('01H4Z1V2XA03X2V1R9007NPVYT','01H4Z1V2XA00B4YNFE01R2K510','now()','now()','2147483630'),
('01H4Z1V2XA03X2V1R9007NPVYT','01H4Z1V2XA0364TBC903W32ZMA','now()','now()','2147483630'),
('01H4Z1V2XA00SGGSMT03KH7NPM','01H4Z1V2XA021FQC1X00A2TJP2','now()','now()','2147483630'),
('01H4Z1V2XA00Y4Q9PP01ZYGN7C','01H4Z1V2XA021FQC1X00A2TJP2','now()','now()','2147483630'),
('01H4Z1V2XA00Y4Q9PP01ZYGN7C','01H4Z1V2XA001JNRS000TD0W2T','now()','now()','2147483630'),
('01H4Z1V2XA024NATPF00D6PEBQ','01H4Z1V2XA029J7T5S014QMHQW','now()','now()','2147483630'),
('01H4Z1V2XA024NATPF00D6PEBQ','01H4Z1V2XA037ZFX8H03Q8HN9F','now()','now()','2147483630'),
('01H4Z1V2XA02D22SAW038MDAB5','01H4Z1V2XA007VW1CP00GCZCJ5','now()','now()','2147483630'),
('01H4Z1V2XA008WEYKC01DN2S4J','01H4Z1V2XA037ZFX8H03Q8HN9F','now()','now()','2147483630'),
('01H4Z1V2XA02K58E020086V88W','01H4Z1V2XA037ZFX8H03Q8HN9F','now()','now()','2147483630'),
('01H4Z1V2XA02K58E020086V88W','01H4Z1V2XA0364TBC903W32ZMA','now()','now()','2147483630'),
('01H4Z1V2XA009DN8KB033VJ4N6','01H4Z1V2XA02RBP8Z500GVDT2D','now()','now()','2147483630'),
('01H4Z1V2XA02J4AN5P00P3MBT1','01H4Z1V2XA02RBP8Z500GVDT2D','now()','now()','2147483630'),
('01H4Z1V2XA016PD4XR01NQWTGE','01H4Z1V2XA02RBP8Z500GVDT2D','now()','now()','2147483630'),
('01H4Z1V2XA016PD4XR01NQWTGE','01H4Z1V2XA037ZFX8H03Q8HN9F','now()','now()','2147483630'),
('01H4Z1V2XA0352244201MZQVZM','01H4Z1V2XA00P36V5A033QQ13V','now()','now()','2147483630'),
('01H4Z1V2XA0352244201MZQVZM','01H4Z1V2XA001JNRS000TD0W2T','now()','now()','2147483630'),
('01H4Z1V2XA01N2JAC701Q5BHCV','01H4Z1V2XA018GJBSB01DA960T','now()','now()','2147483630'),
('01H4Z1V2XA01N2JAC701Q5BHCV','01H4Z1V2XA01H3DZPC02ASJTSK','now()','now()','2147483630'),
('01H4Z1V2XA02G0XHNE01XBJ3MX','01H4Z1V2XA037ZFX8H03Q8HN9F','now()','now()','2147483630'),
('01H4Z1V2XA012V2VNA03ZTFX0W','01H4Z1V2XA0364TBC903W32ZMA','now()','now()','2147483630'),
('01H4Z1V2XA01VZFAJK02AZ4KZY','01H4Z1V2XA01KNSGJG00C5AQPF','now()','now()','2147483630'),
('01H4Z1V2XA02PWW14101G4ZSJ7','01H4Z1V2XA03M87YWP01S77NWK','now()','now()','2147483630'),
('01H4Z1V2XA02PWW14101G4ZSJ7','01H4Z1V2XA00P36V5A033QQ13V','now()','now()','2147483630'),
('01H4Z1V2XA02PWW14101G4ZSJ7','01H4Z1V2XA01KNSGJG00C5AQPF','now()','now()','2147483630'),
('01H4Z1V2XA02PWW14101G4ZSJ7','01H4Z1V2XA021FQC1X00A2TJP2','now()','now()','2147483630'),
('01H4Z1V2XA01VYPHJ201C10XA4','01H4Z1V2XA01KNSGJG00C5AQPF','now()','now()','2147483630'),
('01H4Z1V2XA01D8GZVY02AT7KB2','01H4Z1V2XA021FQC1X00A2TJP2','now()','now()','2147483630'),
('01H4Z1V2XA01D8GZVY02AT7KB2','01H4Z1V2XA01KNSGJG00C5AQPF','now()','now()','2147483630'),
('01H4Z1V2XA00M9JDZB016W8NR0','01H4Z1V2XA021FQC1X00A2TJP2','now()','now()','2147483630'),
('01H4Z1V2XA03X2V1R9007NPVYT','01H4Z1V2XA01KNSGJG00C5AQPF','now()','now()','2147483630'),
('01H4Z1V2XA03X2V1R9007NPVYT','01H4Z1V2XA018GJBSB01DA960T','now()','now()','2147483630'),
('01H4Z1V2XA00SGGSMT03KH7NPM','01H4Z1V2XA00P36V5A033QQ13V','now()','now()','2147483630'),
('01H4Z1V2XA00SGGSMT03KH7NPM','01H4Z1V2XA001JNRS000TD0W2T','now()','now()','2147483630'),
('01H4Z1V2XA01P3Y2V40299RZHN','01H4Z1V2XA018GJBSB01DA960T','now()','now()','2147483630'),
('01H4Z1V2XA02GT6W4N003V51P2','01H4Z1V2XA00P36V5A033QQ13V','now()','now()','2147483630'),
('01H4Z1V2XA02GT6W4N003V51P2','01H4Z1V2XA037ZFX8H03Q8HN9F','now()','now()','2147483630'),
('01H4Z1V2XA03Z71PS102WQCQXC','01H4Z1V2XA037ZFX8H03Q8HN9F','now()','now()','2147483630'),
('01H4Z1V2XA03482NQX0067FY2C','01H4Z1V2XA001JNRS000TD0W2T','now()','now()','2147483630'),
('01H4Z1V2XA03482NQX0067FY2C','01H4Z1V2XA0364TBC903W32ZMA','now()','now()','2147483630'),
('01H4Z1V2XA02D22SAW038MDAB5','01H4Z1V2XA018GJBSB01DA960T','now()','now()','2147483630'),
('01H4Z1V2XA03ETVZX603PFMR1D','01H4Z1V2XA001JNRS000TD0W2T','now()','now()','2147483630'),
('01H4Z1V2XA03A5S6YF03YH0QFY','01H4Z1V2XA021FQC1X00A2TJP2','now()','now()','2147483630'),
('01H4Z1V2XA024NATPF00D6PEBQ','01H4Z1V2XA021FQC1X00A2TJP2','now()','now()','2147483630'),
('01H4Z1V2XA024NATPF00D6PEBQ','01H4Z1V2XA001JNRS000TD0W2T','now()','now()','2147483630'),
('01H4Z1V2XA030XSEZB003D5CZ7','01H4Z1V2XA018GJBSB01DA960T','now()','now()','2147483630'),
('01H4Z1V2XA03JRCDYV00HA6HST','01H4Z1V2XA021FQC1X00A2TJP2','now()','now()','2147483630'),
('01H4Z1V2XA01N4XHSS03VSX9Z2','01H4Z1V2XA021FQC1X00A2TJP2','now()','now()','2147483630'),
('01H4Z1V2XA01ZAH1EG008BCAQM','01H4Z1V2XA007VW1CP00GCZCJ5','now()','now()','2147483630'),
('01H4Z1V2XA03482NQX0067FY2C','01H4Z1V2XA007VW1CP00GCZCJ5','now()','now()','2147483630')
ON CONFLICT DO NOTHING;


INSERT INTO user_group (user_group_id,user_group_name,is_system,created_at,updated_at,resource_path) VALUES
('01H4Z1V2XA02KGZJ8G00WPP0BX','Teacher',true,'now()','now()','2147483630'),
('01H4Z1V2XA01F6SRVZ01ADFJK7','HQ Staff',true,'now()','now()','2147483630'),
('01H4Z1V2XB03VBHGFQ01QPYMCS','Centre Manager',true,'now()','now()','2147483630'),
('01H4Z1V2XB02HQSX3M01AG239H','Centre Lead',true,'now()','now()','2147483630'),
('01H4Z1V2XB020EA7QC00GN82Z9','School Admin',true,'now()','now()','2147483630'),
('01H4Z1V2XB019PQQZ502D1VFYF','PaymentScheduleJob',true,'now()','now()','2147483630'),
('01H4Z1V2XB00ERMMD9006SS38M','OpenAPI',true,'now()','now()','2147483630'),
('01H4Z1V2XB03VST7EE03X02QFZ','Parent',true,'now()','now()','2147483630'),
('01H4Z1V2XB035B6PWD01QFP8NW','Centre Staff',true,'now()','now()','2147483630'),
('01H4Z1V2XB018S3BFB022ADRBQ','Student',true,'now()','now()','2147483630'),
('01H4Z1V2XB02R8WH6A02F221AK','Teacher Lead',true,'now()','now()','2147483630'),
('01H4Z1V2XB03XAS5D700X0GA5W','NotificationScheduleJob',true,'now()','now()','2147483630'),
('01H4Z1V2XB01P970TR01F8MJ0F','UsermgmtScheduleJob',true,'now()','now()','2147483630'),
('01H4Z1V2XB02HNRP9101BM0PTM','VirtualClassroomScheduleJob',true,'now()','now()','2147483630')
ON CONFLICT DO NOTHING;


INSERT INTO granted_role (granted_role_id,user_group_id,role_id,created_at,updated_at,resource_path) VALUES
('01H4Z1V2XB00AF85Y101WYRPME','01H4Z1V2XA02KGZJ8G00WPP0BX','01H4Z1V2XA03M87YWP01S77NWK','now()','now()','2147483630'),
('01H4Z1V2XB00ZVCY7C02HJCEEA','01H4Z1V2XA01F6SRVZ01ADFJK7','01H4Z1V2XA018GJBSB01DA960T','now()','now()','2147483630'),
('01H4Z1V2XB00JBTDVG03AAYX55','01H4Z1V2XB03VBHGFQ01QPYMCS','01H4Z1V2XA001JNRS000TD0W2T','now()','now()','2147483630'),
('01H4Z1V2XB03W7NVGF03GR2HCS','01H4Z1V2XB02HQSX3M01AG239H','01H4Z1V2XA0364TBC903W32ZMA','now()','now()','2147483630'),
('01H4Z1V2XB01FW704C03VRQ34J','01H4Z1V2XB020EA7QC00GN82Z9','01H4Z1V2XA021FQC1X00A2TJP2','now()','now()','2147483630'),
('01H4Z1V2XB00FX36BF02T4PC5Q','01H4Z1V2XB019PQQZ502D1VFYF','01H4Z1V2XA02RBP8Z500GVDT2D','now()','now()','2147483630'),
('01H4Z1V2XB01BV91ZR03BZANK7','01H4Z1V2XB00ERMMD9006SS38M','01H4Z1V2XA007VW1CP00GCZCJ5','now()','now()','2147483630'),
('01H4Z1V2XB006N9W8T032A9V1V','01H4Z1V2XB03VST7EE03X02QFZ','01H4Z1V2XA029J7T5S014QMHQW','now()','now()','2147483630'),
('01H4Z1V2XB01D6QP960082PQ8X','01H4Z1V2XB035B6PWD01QFP8NW','01H4Z1V2XA037ZFX8H03Q8HN9F','now()','now()','2147483630'),
('01H4Z1V2XB00FRR2NB02V23HBJ','01H4Z1V2XB018S3BFB022ADRBQ','01H4Z1V2XA00P36V5A033QQ13V','now()','now()','2147483630'),
('01H4Z1V2XB013N75EX02F14G6Y','01H4Z1V2XB02R8WH6A02F221AK','01H4Z1V2XA00B4YNFE01R2K510','now()','now()','2147483630'),
('01H4Z1V2XB024P4XMZ03MNKVFV','01H4Z1V2XB03XAS5D700X0GA5W','01H4Z1V2XA02H8D9F402X4YHDA','now()','now()','2147483630'),
('01H4Z1V2XB03Q955RW00TRAJ34','01H4Z1V2XB01P970TR01F8MJ0F','01H4Z1V2XA01KNSGJG00C5AQPF','now()','now()','2147483630'),
('01H4Z1V2XB01987A8J0395XDB9','01H4Z1V2XB02HNRP9101BM0PTM','01H4Z1V2XA01H3DZPC02ASJTSK','now()','now()','2147483630')
ON CONFLICT DO NOTHING;


INSERT INTO granted_role_access_path (granted_role_id,location_id,created_at,updated_at,resource_path) VALUES
('01H4Z1V2XB00AF85Y101WYRPME','01H4Z1V2X401KBR5B102N9ZJ4T','now()','now()','2147483630'),
('01H4Z1V2XB00ZVCY7C02HJCEEA','01H4Z1V2X401KBR5B102N9ZJ4T','now()','now()','2147483630'),
('01H4Z1V2XB00JBTDVG03AAYX55','01H4Z1V2X401KBR5B102N9ZJ4T','now()','now()','2147483630'),
('01H4Z1V2XB03W7NVGF03GR2HCS','01H4Z1V2X401KBR5B102N9ZJ4T','now()','now()','2147483630'),
('01H4Z1V2XB01FW704C03VRQ34J','01H4Z1V2X401KBR5B102N9ZJ4T','now()','now()','2147483630'),
('01H4Z1V2XB00FX36BF02T4PC5Q','01H4Z1V2X401KBR5B102N9ZJ4T','now()','now()','2147483630'),
('01H4Z1V2XB01BV91ZR03BZANK7','01H4Z1V2X401KBR5B102N9ZJ4T','now()','now()','2147483630'),
('01H4Z1V2XB006N9W8T032A9V1V','01H4Z1V2X401KBR5B102N9ZJ4T','now()','now()','2147483630'),
('01H4Z1V2XB01D6QP960082PQ8X','01H4Z1V2X401KBR5B102N9ZJ4T','now()','now()','2147483630'),
('01H4Z1V2XB00FRR2NB02V23HBJ','01H4Z1V2X401KBR5B102N9ZJ4T','now()','now()','2147483630'),
('01H4Z1V2XB013N75EX02F14G6Y','01H4Z1V2X401KBR5B102N9ZJ4T','now()','now()','2147483630'),
('01H4Z1V2XB024P4XMZ03MNKVFV','01H4Z1V2X401KBR5B102N9ZJ4T','now()','now()','2147483630'),
('01H4Z1V2XB03Q955RW00TRAJ34','01H4Z1V2X401KBR5B102N9ZJ4T','now()','now()','2147483630'),
('01H4Z1V2XB01987A8J0395XDB9','01H4Z1V2X401KBR5B102N9ZJ4T','now()','now()','2147483630')
ON CONFLICT DO NOTHING;


--- Create PaymentScheduleJob account -----
INSERT INTO public.users
(user_id, country, name, avatar, phone_number, email, device_token, allow_notification, user_group, updated_at, created_at, is_tester, facebook_id, platform, phone_verified, email_verified, deleted_at, given_name, resource_path, is_system)
VALUES('01H4Z1V2XB020CFZFZ02JSNPFD', 'COUNTRY_JP', 'Payment Schedule Job', '', NULL, 'schedule_job+payment@manabie.com', NULL, NULL, 'USER_GROUP_SCHOOL_ADMIN', now(), now(), NULL, NULL, NULL, NULL, NULL, NULL, NULL, '2147483630', true)
ON CONFLICT DO NOTHING;

INSERT INTO user_group_member(
user_id,
user_group_id,
created_at,
updated_at,
resource_path
) VALUES
('01H4Z1V2XB020CFZFZ02JSNPFD', '01H4Z1V2XB019PQQZ502D1VFYF', now(), now(), '2147483630') ON CONFLICT DO NOTHING;

INSERT INTO staff
(staff_id, created_at, updated_at, deleted_at, resource_path, auto_create_timesheet, working_status, start_date, end_date)
VALUES ('01H4Z1V2XB020CFZFZ02JSNPFD', now(), now(), NULL, '2147483630', DEFAULT, DEFAULT, NULL, NULL) ON CONFLICT DO NOTHING;

--- Create NotificationScheduleJob account -----
INSERT INTO public.users
(user_id, country, name, avatar, phone_number, email, device_token, allow_notification, user_group, updated_at, created_at, is_tester, facebook_id, platform, phone_verified, email_verified, deleted_at, given_name, resource_path, is_system)
VALUES('01H4Z1V2XB039NEVFB02VDDNBZ', 'COUNTRY_JP', 'Notification Schedule Job', '', NULL, 'schedule_job+notification@manabie.com', NULL, NULL, 'USER_GROUP_SCHOOL_ADMIN', now(), now(), NULL, NULL, NULL, NULL, NULL, NULL, NULL, '2147483630', true)
ON CONFLICT DO NOTHING;

INSERT INTO user_group_member(
user_id,
user_group_id,
created_at,
updated_at,
resource_path
) VALUES
('01H4Z1V2XB039NEVFB02VDDNBZ', '01H4Z1V2XB03XAS5D700X0GA5W', now(), now(), '2147483630') ON CONFLICT DO NOTHING;

INSERT INTO staff
(staff_id, created_at, updated_at, deleted_at, resource_path, auto_create_timesheet, working_status, start_date, end_date)
VALUES ('01H4Z1V2XB039NEVFB02VDDNBZ', now(), now(), NULL, '2147483630', DEFAULT, DEFAULT, NULL, NULL) ON CONFLICT DO NOTHING;

--- Create UsermgmtScheduleJob account -----
INSERT INTO public.users
(user_id, country, name, avatar, phone_number, email, device_token, allow_notification, user_group, updated_at, created_at, is_tester, facebook_id, platform, phone_verified, email_verified, deleted_at, given_name, resource_path, is_system)
VALUES('01H4Z1V2XB01YR6WHF01P6Z3TE', 'COUNTRY_JP', 'Usermgmt Schedule Job', '', NULL, 'schedule_job+usermgmt@manabie.com', NULL, NULL, 'USER_GROUP_SCHOOL_ADMIN', now(), now(), NULL, NULL, NULL, NULL, NULL, NULL, NULL, '2147483630', true)
ON CONFLICT DO NOTHING;

INSERT INTO user_group_member(
user_id,
user_group_id,
created_at,
updated_at,
resource_path
) VALUES
('01H4Z1V2XB01YR6WHF01P6Z3TE', '01H4Z1V2XB01P970TR01F8MJ0F', now(), now(), '2147483630') ON CONFLICT DO NOTHING;

INSERT INTO staff
(staff_id, created_at, updated_at, deleted_at, resource_path, auto_create_timesheet, working_status, start_date, end_date)
VALUES ('01H4Z1V2XB01YR6WHF01P6Z3TE', now(), now(), NULL, '2147483630', DEFAULT, DEFAULT, NULL, NULL) ON CONFLICT DO NOTHING;

--- Create VirtualClassroomScheduleJob account -----
INSERT INTO public.users
(user_id, country, name, avatar, phone_number, email, device_token, allow_notification, user_group, updated_at, created_at, is_tester, facebook_id, platform, phone_verified, email_verified, deleted_at, given_name, resource_path, is_system)
VALUES('01H4Z1V2XB02SW65A302MX31QC', 'COUNTRY_JP', 'VirtualClassroom Schedule Job', '', NULL, 'schedule_job+virtualclassroom@manabie.com', NULL, NULL, 'USER_GROUP_SCHOOL_ADMIN', now(), now(), NULL, NULL, NULL, NULL, NULL, NULL, NULL, '2147483630', true)
ON CONFLICT DO NOTHING;

INSERT INTO user_group_member(
user_id,
user_group_id,
created_at,
updated_at,
resource_path
) VALUES
('01H4Z1V2XB02SW65A302MX31QC', '01H4Z1V2XB02HNRP9101BM0PTM', now(), now(), '2147483630') ON CONFLICT DO NOTHING;

INSERT INTO staff
(staff_id, created_at, updated_at, deleted_at, resource_path, auto_create_timesheet, working_status, start_date, end_date)
VALUES ('01H4Z1V2XB02SW65A302MX31QC', now(), now(), NULL, '2147483630', DEFAULT, DEFAULT, NULL, NULL) ON CONFLICT DO NOTHING;