------ Managara Highschool Internal ------
INSERT INTO public.location_types (location_type_id, name, "display_name", resource_path, updated_at, created_at)
VALUES ('01H4Z60EJT02KKDKGN01S81X0H','org','Managara Highschool Internal', '2147483629', now(), now()) ON CONFLICT DO NOTHING;


INSERT INTO public.locations (location_id, name, location_type, partner_internal_id, partner_internal_parent_id, parent_location_id, resource_path, updated_at, created_at,access_path)
VALUES ('01H4Z60EJT02KKDKGN01S81X0H', 'Managara Highschool Internal', '01H4Z60EJT02KKDKGN01S81X0H',NULL, NULL, NULL, '2147483629', now(), now(), '01H4Z60EJT02KKDKGN01S81X0H') ON CONFLICT DO NOTHING;


INSERT INTO organizations (organization_id, tenant_id, name, resource_path, domain_name, logo_url, country, created_at, updated_at, deleted_at)
VALUES ('2147483629', 'withus-hs-internal-4ydxk', 'Managara Highschool Internal', '2147483629', 'managara-hs-internal', 'https://storage.googleapis.com/prod-tokyo-backend/user-upload/tenant-managara-hs-logo.png', 'COUNTRY_JP', now(), now(), null) ON CONFLICT DO NOTHING;


INSERT INTO public.organization_auths (organization_id, auth_project_id, auth_tenant_id)
VALUES (2147483629, 'student-coach-e1e95', 'withus-hs-internal-4ydxk') ON CONFLICT DO NOTHING;


INSERT INTO schools (school_id, name, country, city_id, district_id, point, is_system_school, created_at, updated_at, is_merge, phone_number, deleted_at, resource_path)
VALUES (2147483629, 'Managara Highschool Internal', 'COUNTRY_JP', 1,  1, null,  false, now(), now(), false, null,  null, '2147483629') ON CONFLICT DO NOTHING;


INSERT INTO "permission" (permission_id,permission_name,created_at,updated_at,resource_path) VALUES
('01H4Z60EJX01SYQ2A800N3ZE62','entryexit.student_entryexit_records.read','now()','now()','2147483629'),
('01H4Z60EJW011FH9DG003KWDGM','entryexit.student_qr.write','now()','now()','2147483629'),
('01H4Z60EJX02E30X6503CWD4YJ','entryexit.student_qr.read','now()','now()','2147483629'),
('01H4Z60EJX03CMSJVC01H7B2YX','payment.student_product.read','now()','now()','2147483629'),
('01H4Z60EJX01RT7JVP0119DATH','payment.student_product.write','now()','now()','2147483629'),
('01H4Z60EJW02MRC1ZR01YXJV9H','payment.bill_item.read','now()','now()','2147483629'),
('01H4Z60EJW038YSKVH0287DYYG','master.location.read','now()','now()','2147483629'),
('01H4Z60EJX0026DVB002EJ5TCM','payment.order.read','now()','now()','2147483629'),
('01H4Z60EJX00F0SY2J029H71AZ','communication.notification.read','now()','now()','2147483629'),
('01H4Z60EJW000PF9KP03KR1R95','lesson.lesson.write','now()','now()','2147483629'),
('01H4Z60EJX014R43AG02ZH6996','lesson.lesson.read','now()','now()','2147483629'),
('01H4Z60EJW02BY2DZA0203YBE8','lesson.lessonmember.write','now()','now()','2147483629'),
('01H4Z60EJX00X8T9K5031ZAXXC','lesson.reallocation.read','now()','now()','2147483629'),
('01H4Z60EJX00MG5P5N03YWFXBH','lesson.reallocation.write','now()','now()','2147483629'),
('01H4Z60EJX024V1BC80255X59Q','timesheet.timesheet.read','now()','now()','2147483629'),
('01H4Z60EJX02ZN3MJN03SZ4DEA','timesheet.timesheet.write','now()','now()','2147483629'),
('01H4Z60EJX022734WX02H44YK4','user.user.write','now()','now()','2147483629'),
('01H4Z60EJX03XWBVAS030M37WN','user.student.write','now()','now()','2147483629'),
('01H4Z60EJX01267X5T01JWRMFK','user.usergroup.read','now()','now()','2147483629'),
('01H4Z60EJW02QAZ22B018145KK','payment.order.write','now()','now()','2147483629'),
('01H4Z60EJW007HVK5J02RFE0NT','payment.student_payment_detail.write','now()','now()','2147483629'),
('01H4Z60EJX02FE4NWY00QAZTXK','payment.billing_address.read','now()','now()','2147483629'),
('01H4Z60EJX03ZRMJJQ01H46WNQ','payment.billing_address.write','now()','now()','2147483629'),
('01H4Z60EJX02J6SWPY01K15HA0','payment.bank_account.write','now()','now()','2147483629'),
('01H4Z60EJX01C1X2TS02B6R4KV','lesson.report.review','now()','now()','2147483629'),
('01H4Z60EJX0388MYGV0134D9NE','user.user.read','now()','now()','2147483629'),
('01H4Z60EJX021Q15KK01KNPRNT','user.parent.read','now()','now()','2147483629'),
('01H4Z60EJX024BKRG702G6EEEJ','user.parent.write','now()','now()','2147483629'),
('01H4Z60EJX03M3Q7K702Q4BSM0','user.staff.read','now()','now()','2147483629'),
('01H4Z60EJW008QGYSQ0382PQC4','user.usergroupmember.write','now()','now()','2147483629'),
('01H4Z60EJX00CYJN8903XXGFKG','user.usergroupmember.read','now()','now()','2147483629'),
('01H4Z60EJX02G7170G02MDQFE4','user.student_course.write','now()','now()','2147483629'),
('01H4Z60EJX01NVCHB402D6QJ8E','virtualclassroom.room_state.read','now()','now()','2147483629'),
('01H4Z60EJX01YFA78200T409YQ','virtualclassroom.room_state.write','now()','now()','2147483629'),
('01H4Z60EJX039N7RBA030DD4NM','payment.bank_account.read','now()','now()','2147483629'),
('01H4Z60EJX02MQR6YH018X68PW','master.course.read','now()','now()','2147483629'),
('01H4Z60EJW02V4RW4X00F1W471','entryexit.student_entryexit_records.write','now()','now()','2147483629'),
('01H4Z60EJW03G1VWRK03W3E8QH','payment.bill_item.write','now()','now()','2147483629'),
('01H4Z60EJX01VQCV9801Q413XJ','communication.notification.write','now()','now()','2147483629'),
('01H4Z60EJW02AT7VC103BT4T8X','communication.conversation.write','now()','now()','2147483629'),
('01H4Z60EJW01M7XMB303A3RYVD','lesson.lessonmember.read','now()','now()','2147483629'),
('01H4Z60EJX03FZ8ACN02DHHCXD','user.student.read','now()','now()','2147483629'),
('01H4Z60EJW01AX04SK00BW6G8J','user.usergroup.write','now()','now()','2147483629'),
('01H4Z60EJW00RVVZAE0085ES2B','payment.invoice.write','now()','now()','2147483629'),
('01H4Z60EJX01PKWXK3029T74R1','payment.payment.write','now()','now()','2147483629'),
('01H4Z60EJW00PCPYCB00HP6CW3','payment.invoice.read','now()','now()','2147483629'),
('01H4Z60EJW02PZSC2J03FD895N','communication.notification.owner','now()','now()','2147483629'),
('01H4Z60EJW0387Z22F00465Z1E','user.student_enrollment_status_history.read','now()','now()','2147483629'),
('01H4Z60EJX00XQC0YS00T4Z3X7','communication.conversation.read','now()','now()','2147483629'),
('01H4Z60EJX01RNW51A0147A694','payment.student_payment_detail.read','now()','now()','2147483629'),
('01H4Z60EJX03C5BKYW03RGMVD4','master.course.write','now()','now()','2147483629'),
('01H4Z60EJW01M5B9TN02AM6S0S','payment.payment.read','now()','now()','2147483629'),
('01H4Z60EJX03Q0Q8Z1016JCVSY','user.staff.write','now()','now()','2147483629'),
('01H4Z60EJX00Y9RETK03SRP7HG','master.location.write','now()','now()','2147483629')
ON CONFLICT DO NOTHING;


INSERT INTO role (role_id,role_name,is_system,created_at,updated_at,resource_path) VALUES
('01H4Z60EJX02KX8ABT017AHR77','Teacher',false,'now()','now()','2147483629'),
('01H4Z60EJX010NFC6F03BW5Q6E','HQ Staff',false,'now()','now()','2147483629'),
('01H4Z60EJX036YS5K903XWMJ6E','Centre Manager',false,'now()','now()','2147483629'),
('01H4Z60EJX00WE5JDT01MS265D','Centre Lead',false,'now()','now()','2147483629'),
('01H4Z60EJX00ASPJXQ0333V44A','School Admin',false,'now()','now()','2147483629'),
('01H4Z60EJX03KVKPRD019ZAS0Z','PaymentScheduleJob',true,'now()','now()','2147483629'),
('01H4Z60EJX0066A1KA038EK4S9','OpenAPI',true,'now()','now()','2147483629'),
('01H4Z60EJX02BRF859000Q96G4','Parent',true,'now()','now()','2147483629'),
('01H4Z60EJX03SCN5VM00B1PTD1','Centre Staff',false,'now()','now()','2147483629'),
('01H4Z60EJX00QG1BSP01VB3VXC','Student',true,'now()','now()','2147483629'),
('01H4Z60EJX0156ECYD00PYYVX1','Teacher Lead',false,'now()','now()','2147483629'),
('01H4Z60EJX03GC2STQ00901F29','NotificationScheduleJob',true,'now()','now()','2147483629'),
('01H4Z60EJX030MRWG803C7NWRN','UsermgmtScheduleJob',true,'now()','now()','2147483629'),
('01H4Z60EJX039DNYJ702FYF9Z3','VirtualClassroomScheduleJob',true,'now()','now()','2147483629')
ON CONFLICT DO NOTHING;


INSERT INTO permission_role (permission_id,role_id,created_at,updated_at,resource_path) VALUES
('01H4Z60EJX01SYQ2A800N3ZE62','01H4Z60EJX02KX8ABT017AHR77','now()','now()','2147483629'),
('01H4Z60EJW011FH9DG003KWDGM','01H4Z60EJX010NFC6F03BW5Q6E','now()','now()','2147483629'),
('01H4Z60EJX02E30X6503CWD4YJ','01H4Z60EJX036YS5K903XWMJ6E','now()','now()','2147483629'),
('01H4Z60EJX03CMSJVC01H7B2YX','01H4Z60EJX00WE5JDT01MS265D','now()','now()','2147483629'),
('01H4Z60EJX03CMSJVC01H7B2YX','01H4Z60EJX00ASPJXQ0333V44A','now()','now()','2147483629'),
('01H4Z60EJX01RT7JVP0119DATH','01H4Z60EJX00ASPJXQ0333V44A','now()','now()','2147483629'),
('01H4Z60EJW02MRC1ZR01YXJV9H','01H4Z60EJX036YS5K903XWMJ6E','now()','now()','2147483629'),
('01H4Z60EJW02MRC1ZR01YXJV9H','01H4Z60EJX03KVKPRD019ZAS0Z','now()','now()','2147483629'),
('01H4Z60EJW038YSKVH0287DYYG','01H4Z60EJX036YS5K903XWMJ6E','now()','now()','2147483629'),
('01H4Z60EJW038YSKVH0287DYYG','01H4Z60EJX0066A1KA038EK4S9','now()','now()','2147483629'),
('01H4Z60EJX0026DVB002EJ5TCM','01H4Z60EJX036YS5K903XWMJ6E','now()','now()','2147483629'),
('01H4Z60EJX00F0SY2J029H71AZ','01H4Z60EJX02BRF859000Q96G4','now()','now()','2147483629'),
('01H4Z60EJW000PF9KP03KR1R95','01H4Z60EJX03SCN5VM00B1PTD1','now()','now()','2147483629'),
('01H4Z60EJX014R43AG02ZH6996','01H4Z60EJX02KX8ABT017AHR77','now()','now()','2147483629'),
('01H4Z60EJW02BY2DZA0203YBE8','01H4Z60EJX03SCN5VM00B1PTD1','now()','now()','2147483629'),
('01H4Z60EJX00X8T9K5031ZAXXC','01H4Z60EJX03SCN5VM00B1PTD1','now()','now()','2147483629'),
('01H4Z60EJX00MG5P5N03YWFXBH','01H4Z60EJX02KX8ABT017AHR77','now()','now()','2147483629'),
('01H4Z60EJX00MG5P5N03YWFXBH','01H4Z60EJX010NFC6F03BW5Q6E','now()','now()','2147483629'),
('01H4Z60EJX024V1BC80255X59Q','01H4Z60EJX02KX8ABT017AHR77','now()','now()','2147483629'),
('01H4Z60EJX02ZN3MJN03SZ4DEA','01H4Z60EJX00ASPJXQ0333V44A','now()','now()','2147483629'),
('01H4Z60EJX02ZN3MJN03SZ4DEA','01H4Z60EJX03SCN5VM00B1PTD1','now()','now()','2147483629'),
('01H4Z60EJX022734WX02H44YK4','01H4Z60EJX00WE5JDT01MS265D','now()','now()','2147483629'),
('01H4Z60EJX03XWBVAS030M37WN','01H4Z60EJX00WE5JDT01MS265D','now()','now()','2147483629'),
('01H4Z60EJX03XWBVAS030M37WN','01H4Z60EJX00QG1BSP01VB3VXC','now()','now()','2147483629'),
('01H4Z60EJX01267X5T01JWRMFK','01H4Z60EJX0066A1KA038EK4S9','now()','now()','2147483629'),
('01H4Z60EJW02QAZ22B018145KK','01H4Z60EJX00ASPJXQ0333V44A','now()','now()','2147483629'),
('01H4Z60EJW007HVK5J02RFE0NT','01H4Z60EJX00ASPJXQ0333V44A','now()','now()','2147483629'),
('01H4Z60EJX02FE4NWY00QAZTXK','01H4Z60EJX00ASPJXQ0333V44A','now()','now()','2147483629'),
('01H4Z60EJX03ZRMJJQ01H46WNQ','01H4Z60EJX010NFC6F03BW5Q6E','now()','now()','2147483629'),
('01H4Z60EJX02J6SWPY01K15HA0','01H4Z60EJX00ASPJXQ0333V44A','now()','now()','2147483629'),
('01H4Z60EJX01C1X2TS02B6R4KV','01H4Z60EJX010NFC6F03BW5Q6E','now()','now()','2147483629'),
('01H4Z60EJW02MRC1ZR01YXJV9H','01H4Z60EJX00WE5JDT01MS265D','now()','now()','2147483629'),
('01H4Z60EJX0026DVB002EJ5TCM','01H4Z60EJX00ASPJXQ0333V44A','now()','now()','2147483629'),
('01H4Z60EJW000PF9KP03KR1R95','01H4Z60EJX02KX8ABT017AHR77','now()','now()','2147483629'),
('01H4Z60EJW000PF9KP03KR1R95','01H4Z60EJX00ASPJXQ0333V44A','now()','now()','2147483629'),
('01H4Z60EJW02BY2DZA0203YBE8','01H4Z60EJX036YS5K903XWMJ6E','now()','now()','2147483629'),
('01H4Z60EJX00X8T9K5031ZAXXC','01H4Z60EJX00ASPJXQ0333V44A','now()','now()','2147483629'),
('01H4Z60EJX00X8T9K5031ZAXXC','01H4Z60EJX036YS5K903XWMJ6E','now()','now()','2147483629'),
('01H4Z60EJX00X8T9K5031ZAXXC','01H4Z60EJX02KX8ABT017AHR77','now()','now()','2147483629'),
('01H4Z60EJX00MG5P5N03YWFXBH','01H4Z60EJX00ASPJXQ0333V44A','now()','now()','2147483629'),
('01H4Z60EJX0388MYGV0134D9NE','01H4Z60EJX036YS5K903XWMJ6E','now()','now()','2147483629'),
('01H4Z60EJX0388MYGV0134D9NE','01H4Z60EJX02KX8ABT017AHR77','now()','now()','2147483629'),
('01H4Z60EJX03XWBVAS030M37WN','01H4Z60EJX010NFC6F03BW5Q6E','now()','now()','2147483629'),
('01H4Z60EJX021Q15KK01KNPRNT','01H4Z60EJX00QG1BSP01VB3VXC','now()','now()','2147483629'),
('01H4Z60EJX021Q15KK01KNPRNT','01H4Z60EJX02KX8ABT017AHR77','now()','now()','2147483629'),
('01H4Z60EJX024BKRG702G6EEEJ','01H4Z60EJX00ASPJXQ0333V44A','now()','now()','2147483629'),
('01H4Z60EJX024BKRG702G6EEEJ','01H4Z60EJX00WE5JDT01MS265D','now()','now()','2147483629'),
('01H4Z60EJX03M3Q7K702Q4BSM0','01H4Z60EJX02KX8ABT017AHR77','now()','now()','2147483629'),
('01H4Z60EJW008QGYSQ0382PQC4','01H4Z60EJX0066A1KA038EK4S9','now()','now()','2147483629'),
('01H4Z60EJX00CYJN8903XXGFKG','01H4Z60EJX0156ECYD00PYYVX1','now()','now()','2147483629'),
('01H4Z60EJX00CYJN8903XXGFKG','01H4Z60EJX02BRF859000Q96G4','now()','now()','2147483629'),
('01H4Z60EJX02G7170G02MDQFE4','01H4Z60EJX03SCN5VM00B1PTD1','now()','now()','2147483629'),
('01H4Z60EJX01NVCHB402D6QJ8E','01H4Z60EJX00WE5JDT01MS265D','now()','now()','2147483629'),
('01H4Z60EJX01NVCHB402D6QJ8E','01H4Z60EJX00ASPJXQ0333V44A','now()','now()','2147483629'),
('01H4Z60EJX01YFA78200T409YQ','01H4Z60EJX00ASPJXQ0333V44A','now()','now()','2147483629'),
('01H4Z60EJX01YFA78200T409YQ','01H4Z60EJX010NFC6F03BW5Q6E','now()','now()','2147483629'),
('01H4Z60EJW02QAZ22B018145KK','01H4Z60EJX010NFC6F03BW5Q6E','now()','now()','2147483629'),
('01H4Z60EJW02QAZ22B018145KK','01H4Z60EJX03SCN5VM00B1PTD1','now()','now()','2147483629'),
('01H4Z60EJX03ZRMJJQ01H46WNQ','01H4Z60EJX03SCN5VM00B1PTD1','now()','now()','2147483629'),
('01H4Z60EJX039N7RBA030DD4NM','01H4Z60EJX03SCN5VM00B1PTD1','now()','now()','2147483629'),
('01H4Z60EJX02J6SWPY01K15HA0','01H4Z60EJX010NFC6F03BW5Q6E','now()','now()','2147483629'),
('01H4Z60EJX02MQR6YH018X68PW','01H4Z60EJX010NFC6F03BW5Q6E','now()','now()','2147483629'),
('01H4Z60EJX02MQR6YH018X68PW','01H4Z60EJX0156ECYD00PYYVX1','now()','now()','2147483629'),
('01H4Z60EJX039N7RBA030DD4NM','01H4Z60EJX0066A1KA038EK4S9','now()','now()','2147483629'),
('01H4Z60EJW02V4RW4X00F1W471','01H4Z60EJX03SCN5VM00B1PTD1','now()','now()','2147483629'),
('01H4Z60EJX01SYQ2A800N3ZE62','01H4Z60EJX036YS5K903XWMJ6E','now()','now()','2147483629'),
('01H4Z60EJW011FH9DG003KWDGM','01H4Z60EJX036YS5K903XWMJ6E','now()','now()','2147483629'),
('01H4Z60EJW011FH9DG003KWDGM','01H4Z60EJX03SCN5VM00B1PTD1','now()','now()','2147483629'),
('01H4Z60EJX01RT7JVP0119DATH','01H4Z60EJX03SCN5VM00B1PTD1','now()','now()','2147483629'),
('01H4Z60EJW03G1VWRK03W3E8QH','01H4Z60EJX010NFC6F03BW5Q6E','now()','now()','2147483629'),
('01H4Z60EJW038YSKVH0287DYYG','01H4Z60EJX00ASPJXQ0333V44A','now()','now()','2147483629'),
('01H4Z60EJX00F0SY2J029H71AZ','01H4Z60EJX03GC2STQ00901F29','now()','now()','2147483629'),
('01H4Z60EJX00F0SY2J029H71AZ','01H4Z60EJX00ASPJXQ0333V44A','now()','now()','2147483629'),
('01H4Z60EJX01VQCV9801Q413XJ','01H4Z60EJX00ASPJXQ0333V44A','now()','now()','2147483629'),
('01H4Z60EJW02AT7VC103BT4T8X','01H4Z60EJX02KX8ABT017AHR77','now()','now()','2147483629'),
('01H4Z60EJX014R43AG02ZH6996','01H4Z60EJX00QG1BSP01VB3VXC','now()','now()','2147483629'),
('01H4Z60EJW01M7XMB303A3RYVD','01H4Z60EJX00QG1BSP01VB3VXC','now()','now()','2147483629'),
('01H4Z60EJW01M7XMB303A3RYVD','01H4Z60EJX03SCN5VM00B1PTD1','now()','now()','2147483629'),
('01H4Z60EJW02BY2DZA0203YBE8','01H4Z60EJX0156ECYD00PYYVX1','now()','now()','2147483629'),
('01H4Z60EJX024V1BC80255X59Q','01H4Z60EJX00WE5JDT01MS265D','now()','now()','2147483629'),
('01H4Z60EJX024V1BC80255X59Q','01H4Z60EJX0156ECYD00PYYVX1','now()','now()','2147483629'),
('01H4Z60EJX024V1BC80255X59Q','01H4Z60EJX010NFC6F03BW5Q6E','now()','now()','2147483629'),
('01H4Z60EJX02ZN3MJN03SZ4DEA','01H4Z60EJX010NFC6F03BW5Q6E','now()','now()','2147483629'),
('01H4Z60EJX0388MYGV0134D9NE','01H4Z60EJX0156ECYD00PYYVX1','now()','now()','2147483629'),
('01H4Z60EJX0388MYGV0134D9NE','01H4Z60EJX00ASPJXQ0333V44A','now()','now()','2147483629'),
('01H4Z60EJX03FZ8ACN02DHHCXD','01H4Z60EJX03GC2STQ00901F29','now()','now()','2147483629'),
('01H4Z60EJX021Q15KK01KNPRNT','01H4Z60EJX03SCN5VM00B1PTD1','now()','now()','2147483629'),
('01H4Z60EJX021Q15KK01KNPRNT','01H4Z60EJX036YS5K903XWMJ6E','now()','now()','2147483629'),
('01H4Z60EJX024BKRG702G6EEEJ','01H4Z60EJX03SCN5VM00B1PTD1','now()','now()','2147483629'),
('01H4Z60EJX024BKRG702G6EEEJ','01H4Z60EJX030MRWG803C7NWRN','now()','now()','2147483629'),
('01H4Z60EJX03M3Q7K702Q4BSM0','01H4Z60EJX036YS5K903XWMJ6E','now()','now()','2147483629'),
('01H4Z60EJX03M3Q7K702Q4BSM0','01H4Z60EJX03SCN5VM00B1PTD1','now()','now()','2147483629'),
('01H4Z60EJX01267X5T01JWRMFK','01H4Z60EJX00ASPJXQ0333V44A','now()','now()','2147483629'),
('01H4Z60EJW01AX04SK00BW6G8J','01H4Z60EJX010NFC6F03BW5Q6E','now()','now()','2147483629'),
('01H4Z60EJW008QGYSQ0382PQC4','01H4Z60EJX010NFC6F03BW5Q6E','now()','now()','2147483629'),
('01H4Z60EJX02G7170G02MDQFE4','01H4Z60EJX00ASPJXQ0333V44A','now()','now()','2147483629'),
('01H4Z60EJX01YFA78200T409YQ','01H4Z60EJX02BRF859000Q96G4','now()','now()','2147483629'),
('01H4Z60EJW02QAZ22B018145KK','01H4Z60EJX036YS5K903XWMJ6E','now()','now()','2147483629'),
('01H4Z60EJX02FE4NWY00QAZTXK','01H4Z60EJX036YS5K903XWMJ6E','now()','now()','2147483629'),
('01H4Z60EJX039N7RBA030DD4NM','01H4Z60EJX010NFC6F03BW5Q6E','now()','now()','2147483629'),
('01H4Z60EJW00RVVZAE0085ES2B','01H4Z60EJX00ASPJXQ0333V44A','now()','now()','2147483629'),
('01H4Z60EJX01PKWXK3029T74R1','01H4Z60EJX010NFC6F03BW5Q6E','now()','now()','2147483629'),
('01H4Z60EJX01C1X2TS02B6R4KV','01H4Z60EJX00WE5JDT01MS265D','now()','now()','2147483629'),
('01H4Z60EJW03G1VWRK03W3E8QH','01H4Z60EJX036YS5K903XWMJ6E','now()','now()','2147483629'),
('01H4Z60EJW038YSKVH0287DYYG','01H4Z60EJX02KX8ABT017AHR77','now()','now()','2147483629'),
('01H4Z60EJW038YSKVH0287DYYG','01H4Z60EJX010NFC6F03BW5Q6E','now()','now()','2147483629'),
('01H4Z60EJX014R43AG02ZH6996','01H4Z60EJX02BRF859000Q96G4','now()','now()','2147483629'),
('01H4Z60EJW01M7XMB303A3RYVD','01H4Z60EJX02KX8ABT017AHR77','now()','now()','2147483629'),
('01H4Z60EJW02BY2DZA0203YBE8','01H4Z60EJX00WE5JDT01MS265D','now()','now()','2147483629'),
('01H4Z60EJX00X8T9K5031ZAXXC','01H4Z60EJX02BRF859000Q96G4','now()','now()','2147483629'),
('01H4Z60EJX022734WX02H44YK4','01H4Z60EJX0066A1KA038EK4S9','now()','now()','2147483629'),
('01H4Z60EJX03FZ8ACN02DHHCXD','01H4Z60EJX03SCN5VM00B1PTD1','now()','now()','2147483629'),
('01H4Z60EJX03FZ8ACN02DHHCXD','01H4Z60EJX0156ECYD00PYYVX1','now()','now()','2147483629'),
('01H4Z60EJX03XWBVAS030M37WN','01H4Z60EJX0066A1KA038EK4S9','now()','now()','2147483629'),
('01H4Z60EJX03M3Q7K702Q4BSM0','01H4Z60EJX00ASPJXQ0333V44A','now()','now()','2147483629'),
('01H4Z60EJX03M3Q7K702Q4BSM0','01H4Z60EJX02BRF859000Q96G4','now()','now()','2147483629'),
('01H4Z60EJX01267X5T01JWRMFK','01H4Z60EJX00QG1BSP01VB3VXC','now()','now()','2147483629'),
('01H4Z60EJX01267X5T01JWRMFK','01H4Z60EJX02BRF859000Q96G4','now()','now()','2147483629'),
('01H4Z60EJW01AX04SK00BW6G8J','01H4Z60EJX030MRWG803C7NWRN','now()','now()','2147483629'),
('01H4Z60EJX01NVCHB402D6QJ8E','01H4Z60EJX0156ECYD00PYYVX1','now()','now()','2147483629'),
('01H4Z60EJX01NVCHB402D6QJ8E','01H4Z60EJX02BRF859000Q96G4','now()','now()','2147483629'),
('01H4Z60EJX01YFA78200T409YQ','01H4Z60EJX00WE5JDT01MS265D','now()','now()','2147483629'),
('01H4Z60EJW007HVK5J02RFE0NT','01H4Z60EJX036YS5K903XWMJ6E','now()','now()','2147483629'),
('01H4Z60EJX039N7RBA030DD4NM','01H4Z60EJX00WE5JDT01MS265D','now()','now()','2147483629'),
('01H4Z60EJW00PCPYCB00HP6CW3','01H4Z60EJX036YS5K903XWMJ6E','now()','now()','2147483629'),
('01H4Z60EJX02MQR6YH018X68PW','01H4Z60EJX03GC2STQ00901F29','now()','now()','2147483629'),
('01H4Z60EJX01C1X2TS02B6R4KV','01H4Z60EJX036YS5K903XWMJ6E','now()','now()','2147483629'),
('01H4Z60EJW011FH9DG003KWDGM','01H4Z60EJX00WE5JDT01MS265D','now()','now()','2147483629'),
('01H4Z60EJX02E30X6503CWD4YJ','01H4Z60EJX02KX8ABT017AHR77','now()','now()','2147483629'),
('01H4Z60EJX03CMSJVC01H7B2YX','01H4Z60EJX036YS5K903XWMJ6E','now()','now()','2147483629'),
('01H4Z60EJX01RT7JVP0119DATH','01H4Z60EJX010NFC6F03BW5Q6E','now()','now()','2147483629'),
('01H4Z60EJW02MRC1ZR01YXJV9H','01H4Z60EJX010NFC6F03BW5Q6E','now()','now()','2147483629'),
('01H4Z60EJW038YSKVH0287DYYG','01H4Z60EJX00WE5JDT01MS265D','now()','now()','2147483629'),
('01H4Z60EJW038YSKVH0287DYYG','01H4Z60EJX02BRF859000Q96G4','now()','now()','2147483629'),
('01H4Z60EJW038YSKVH0287DYYG','01H4Z60EJX030MRWG803C7NWRN','now()','now()','2147483629'),
('01H4Z60EJX0026DVB002EJ5TCM','01H4Z60EJX00WE5JDT01MS265D','now()','now()','2147483629'),
('01H4Z60EJX00F0SY2J029H71AZ','01H4Z60EJX03SCN5VM00B1PTD1','now()','now()','2147483629'),
('01H4Z60EJW02PZSC2J03FD895N','01H4Z60EJX03SCN5VM00B1PTD1','now()','now()','2147483629'),
('01H4Z60EJW02PZSC2J03FD895N','01H4Z60EJX02KX8ABT017AHR77','now()','now()','2147483629'),
('01H4Z60EJW02AT7VC103BT4T8X','01H4Z60EJX02BRF859000Q96G4','now()','now()','2147483629'),
('01H4Z60EJX014R43AG02ZH6996','01H4Z60EJX00WE5JDT01MS265D','now()','now()','2147483629'),
('01H4Z60EJX014R43AG02ZH6996','01H4Z60EJX036YS5K903XWMJ6E','now()','now()','2147483629'),
('01H4Z60EJW01M7XMB303A3RYVD','01H4Z60EJX036YS5K903XWMJ6E','now()','now()','2147483629'),
('01H4Z60EJW02BY2DZA0203YBE8','01H4Z60EJX010NFC6F03BW5Q6E','now()','now()','2147483629'),
('01H4Z60EJX00MG5P5N03YWFXBH','01H4Z60EJX036YS5K903XWMJ6E','now()','now()','2147483629'),
('01H4Z60EJX024V1BC80255X59Q','01H4Z60EJX00ASPJXQ0333V44A','now()','now()','2147483629'),
('01H4Z60EJX02ZN3MJN03SZ4DEA','01H4Z60EJX00WE5JDT01MS265D','now()','now()','2147483629'),
('01H4Z60EJX022734WX02H44YK4','01H4Z60EJX00ASPJXQ0333V44A','now()','now()','2147483629'),
('01H4Z60EJX03XWBVAS030M37WN','01H4Z60EJX00ASPJXQ0333V44A','now()','now()','2147483629'),
('01H4Z60EJX021Q15KK01KNPRNT','01H4Z60EJX0156ECYD00PYYVX1','now()','now()','2147483629'),
('01H4Z60EJW01AX04SK00BW6G8J','01H4Z60EJX00ASPJXQ0333V44A','now()','now()','2147483629'),
('01H4Z60EJX00CYJN8903XXGFKG','01H4Z60EJX00WE5JDT01MS265D','now()','now()','2147483629'),
('01H4Z60EJX00CYJN8903XXGFKG','01H4Z60EJX0066A1KA038EK4S9','now()','now()','2147483629'),
('01H4Z60EJX01NVCHB402D6QJ8E','01H4Z60EJX02KX8ABT017AHR77','now()','now()','2147483629'),
('01H4Z60EJX01YFA78200T409YQ','01H4Z60EJX00QG1BSP01VB3VXC','now()','now()','2147483629'),
('01H4Z60EJX01YFA78200T409YQ','01H4Z60EJX02KX8ABT017AHR77','now()','now()','2147483629'),
('01H4Z60EJW02QAZ22B018145KK','01H4Z60EJX03KVKPRD019ZAS0Z','now()','now()','2147483629'),
('01H4Z60EJW00PCPYCB00HP6CW3','01H4Z60EJX00ASPJXQ0333V44A','now()','now()','2147483629'),
('01H4Z60EJW0387Z22F00465Z1E','01H4Z60EJX030MRWG803C7NWRN','now()','now()','2147483629'),
('01H4Z60EJX02MQR6YH018X68PW','01H4Z60EJX02KX8ABT017AHR77','now()','now()','2147483629'),
('01H4Z60EJX02MQR6YH018X68PW','01H4Z60EJX00QG1BSP01VB3VXC','now()','now()','2147483629'),
('01H4Z60EJX01C1X2TS02B6R4KV','01H4Z60EJX02KX8ABT017AHR77','now()','now()','2147483629'),
('01H4Z60EJX01C1X2TS02B6R4KV','01H4Z60EJX0156ECYD00PYYVX1','now()','now()','2147483629'),
('01H4Z60EJX021Q15KK01KNPRNT','01H4Z60EJX0066A1KA038EK4S9','now()','now()','2147483629'),
('01H4Z60EJX01SYQ2A800N3ZE62','01H4Z60EJX00QG1BSP01VB3VXC','now()','now()','2147483629'),
('01H4Z60EJW011FH9DG003KWDGM','01H4Z60EJX00QG1BSP01VB3VXC','now()','now()','2147483629'),
('01H4Z60EJX02E30X6503CWD4YJ','01H4Z60EJX00QG1BSP01VB3VXC','now()','now()','2147483629'),
('01H4Z60EJX02E30X6503CWD4YJ','01H4Z60EJX02BRF859000Q96G4','now()','now()','2147483629'),
('01H4Z60EJW03G1VWRK03W3E8QH','01H4Z60EJX03SCN5VM00B1PTD1','now()','now()','2147483629'),
('01H4Z60EJW03G1VWRK03W3E8QH','01H4Z60EJX00ASPJXQ0333V44A','now()','now()','2147483629'),
('01H4Z60EJX00XQC0YS00T4Z3X7','01H4Z60EJX02KX8ABT017AHR77','now()','now()','2147483629'),
('01H4Z60EJW02AT7VC103BT4T8X','01H4Z60EJX00QG1BSP01VB3VXC','now()','now()','2147483629'),
('01H4Z60EJW000PF9KP03KR1R95','01H4Z60EJX036YS5K903XWMJ6E','now()','now()','2147483629'),
('01H4Z60EJX014R43AG02ZH6996','01H4Z60EJX0156ECYD00PYYVX1','now()','now()','2147483629'),
('01H4Z60EJW01M7XMB303A3RYVD','01H4Z60EJX02BRF859000Q96G4','now()','now()','2147483629'),
('01H4Z60EJX02ZN3MJN03SZ4DEA','01H4Z60EJX02KX8ABT017AHR77','now()','now()','2147483629'),
('01H4Z60EJX0388MYGV0134D9NE','01H4Z60EJX010NFC6F03BW5Q6E','now()','now()','2147483629'),
('01H4Z60EJX0388MYGV0134D9NE','01H4Z60EJX02BRF859000Q96G4','now()','now()','2147483629'),
('01H4Z60EJX0388MYGV0134D9NE','01H4Z60EJX00QG1BSP01VB3VXC','now()','now()','2147483629'),
('01H4Z60EJX03FZ8ACN02DHHCXD','01H4Z60EJX036YS5K903XWMJ6E','now()','now()','2147483629'),
('01H4Z60EJX03FZ8ACN02DHHCXD','01H4Z60EJX010NFC6F03BW5Q6E','now()','now()','2147483629'),
('01H4Z60EJX021Q15KK01KNPRNT','01H4Z60EJX010NFC6F03BW5Q6E','now()','now()','2147483629'),
('01H4Z60EJX01267X5T01JWRMFK','01H4Z60EJX036YS5K903XWMJ6E','now()','now()','2147483629'),
('01H4Z60EJW008QGYSQ0382PQC4','01H4Z60EJX030MRWG803C7NWRN','now()','now()','2147483629'),
('01H4Z60EJX01YFA78200T409YQ','01H4Z60EJX0156ECYD00PYYVX1','now()','now()','2147483629'),
('01H4Z60EJW007HVK5J02RFE0NT','01H4Z60EJX03SCN5VM00B1PTD1','now()','now()','2147483629'),
('01H4Z60EJW007HVK5J02RFE0NT','01H4Z60EJX010NFC6F03BW5Q6E','now()','now()','2147483629'),
('01H4Z60EJX02FE4NWY00QAZTXK','01H4Z60EJX03SCN5VM00B1PTD1','now()','now()','2147483629'),
('01H4Z60EJX01C1X2TS02B6R4KV','01H4Z60EJX03SCN5VM00B1PTD1','now()','now()','2147483629'),
('01H4Z60EJX02J6SWPY01K15HA0','01H4Z60EJX0066A1KA038EK4S9','now()','now()','2147483629'),
('01H4Z60EJW02V4RW4X00F1W471','01H4Z60EJX02KX8ABT017AHR77','now()','now()','2147483629'),
('01H4Z60EJW02V4RW4X00F1W471','01H4Z60EJX036YS5K903XWMJ6E','now()','now()','2147483629'),
('01H4Z60EJW02V4RW4X00F1W471','01H4Z60EJX00WE5JDT01MS265D','now()','now()','2147483629'),
('01H4Z60EJX01SYQ2A800N3ZE62','01H4Z60EJX00ASPJXQ0333V44A','now()','now()','2147483629'),
('01H4Z60EJX03CMSJVC01H7B2YX','01H4Z60EJX03SCN5VM00B1PTD1','now()','now()','2147483629'),
('01H4Z60EJW03G1VWRK03W3E8QH','01H4Z60EJX03KVKPRD019ZAS0Z','now()','now()','2147483629'),
('01H4Z60EJW038YSKVH0287DYYG','01H4Z60EJX00QG1BSP01VB3VXC','now()','now()','2147483629'),
('01H4Z60EJW038YSKVH0287DYYG','01H4Z60EJX03SCN5VM00B1PTD1','now()','now()','2147483629'),
('01H4Z60EJX0026DVB002EJ5TCM','01H4Z60EJX010NFC6F03BW5Q6E','now()','now()','2147483629'),
('01H4Z60EJW000PF9KP03KR1R95','01H4Z60EJX010NFC6F03BW5Q6E','now()','now()','2147483629'),
('01H4Z60EJW000PF9KP03KR1R95','01H4Z60EJX00QG1BSP01VB3VXC','now()','now()','2147483629'),
('01H4Z60EJX014R43AG02ZH6996','01H4Z60EJX03SCN5VM00B1PTD1','now()','now()','2147483629'),
('01H4Z60EJW02BY2DZA0203YBE8','01H4Z60EJX02KX8ABT017AHR77','now()','now()','2147483629'),
('01H4Z60EJX0388MYGV0134D9NE','01H4Z60EJX0066A1KA038EK4S9','now()','now()','2147483629'),
('01H4Z60EJX022734WX02H44YK4','01H4Z60EJX03SCN5VM00B1PTD1','now()','now()','2147483629'),
('01H4Z60EJX03FZ8ACN02DHHCXD','01H4Z60EJX0066A1KA038EK4S9','now()','now()','2147483629'),
('01H4Z60EJX03XWBVAS030M37WN','01H4Z60EJX03SCN5VM00B1PTD1','now()','now()','2147483629'),
('01H4Z60EJX021Q15KK01KNPRNT','01H4Z60EJX00WE5JDT01MS265D','now()','now()','2147483629'),
('01H4Z60EJX03M3Q7K702Q4BSM0','01H4Z60EJX010NFC6F03BW5Q6E','now()','now()','2147483629'),
('01H4Z60EJX01267X5T01JWRMFK','01H4Z60EJX03SCN5VM00B1PTD1','now()','now()','2147483629'),
('01H4Z60EJX01267X5T01JWRMFK','01H4Z60EJX02KX8ABT017AHR77','now()','now()','2147483629'),
('01H4Z60EJW008QGYSQ0382PQC4','01H4Z60EJX00ASPJXQ0333V44A','now()','now()','2147483629'),
('01H4Z60EJX00CYJN8903XXGFKG','01H4Z60EJX030MRWG803C7NWRN','now()','now()','2147483629'),
('01H4Z60EJX01NVCHB402D6QJ8E','01H4Z60EJX036YS5K903XWMJ6E','now()','now()','2147483629'),
('01H4Z60EJX01RNW51A0147A694','01H4Z60EJX03SCN5VM00B1PTD1','now()','now()','2147483629'),
('01H4Z60EJX03ZRMJJQ01H46WNQ','01H4Z60EJX036YS5K903XWMJ6E','now()','now()','2147483629'),
('01H4Z60EJW00PCPYCB00HP6CW3','01H4Z60EJX03SCN5VM00B1PTD1','now()','now()','2147483629'),
('01H4Z60EJW00PCPYCB00HP6CW3','01H4Z60EJX010NFC6F03BW5Q6E','now()','now()','2147483629'),
('01H4Z60EJW00RVVZAE0085ES2B','01H4Z60EJX010NFC6F03BW5Q6E','now()','now()','2147483629'),
('01H4Z60EJX02MQR6YH018X68PW','01H4Z60EJX00WE5JDT01MS265D','now()','now()','2147483629'),
('01H4Z60EJX02MQR6YH018X68PW','01H4Z60EJX0066A1KA038EK4S9','now()','now()','2147483629'),
('01H4Z60EJX02MQR6YH018X68PW','01H4Z60EJX030MRWG803C7NWRN','now()','now()','2147483629'),
('01H4Z60EJX03C5BKYW03RGMVD4','01H4Z60EJX00ASPJXQ0333V44A','now()','now()','2147483629'),
('01H4Z60EJX024BKRG702G6EEEJ','01H4Z60EJX0066A1KA038EK4S9','now()','now()','2147483629'),
('01H4Z60EJW02V4RW4X00F1W471','01H4Z60EJX010NFC6F03BW5Q6E','now()','now()','2147483629'),
('01H4Z60EJX01SYQ2A800N3ZE62','01H4Z60EJX02BRF859000Q96G4','now()','now()','2147483629'),
('01H4Z60EJW011FH9DG003KWDGM','01H4Z60EJX00ASPJXQ0333V44A','now()','now()','2147483629'),
('01H4Z60EJW01M5B9TN02AM6S0S','01H4Z60EJX010NFC6F03BW5Q6E','now()','now()','2147483629'),
('01H4Z60EJW02MRC1ZR01YXJV9H','01H4Z60EJX00ASPJXQ0333V44A','now()','now()','2147483629'),
('01H4Z60EJX00F0SY2J029H71AZ','01H4Z60EJX02KX8ABT017AHR77','now()','now()','2147483629'),
('01H4Z60EJX00F0SY2J029H71AZ','01H4Z60EJX010NFC6F03BW5Q6E','now()','now()','2147483629'),
('01H4Z60EJW02PZSC2J03FD895N','01H4Z60EJX036YS5K903XWMJ6E','now()','now()','2147483629'),
('01H4Z60EJX014R43AG02ZH6996','01H4Z60EJX00ASPJXQ0333V44A','now()','now()','2147483629'),
('01H4Z60EJW01M7XMB303A3RYVD','01H4Z60EJX010NFC6F03BW5Q6E','now()','now()','2147483629'),
('01H4Z60EJW01M7XMB303A3RYVD','01H4Z60EJX00ASPJXQ0333V44A','now()','now()','2147483629'),
('01H4Z60EJW01M7XMB303A3RYVD','01H4Z60EJX00WE5JDT01MS265D','now()','now()','2147483629'),
('01H4Z60EJW02BY2DZA0203YBE8','01H4Z60EJX00ASPJXQ0333V44A','now()','now()','2147483629'),
('01H4Z60EJX00X8T9K5031ZAXXC','01H4Z60EJX00QG1BSP01VB3VXC','now()','now()','2147483629'),
('01H4Z60EJX00X8T9K5031ZAXXC','01H4Z60EJX010NFC6F03BW5Q6E','now()','now()','2147483629'),
('01H4Z60EJX0388MYGV0134D9NE','01H4Z60EJX030MRWG803C7NWRN','now()','now()','2147483629'),
('01H4Z60EJX0388MYGV0134D9NE','01H4Z60EJX03SCN5VM00B1PTD1','now()','now()','2147483629'),
('01H4Z60EJX03FZ8ACN02DHHCXD','01H4Z60EJX00WE5JDT01MS265D','now()','now()','2147483629'),
('01H4Z60EJX03XWBVAS030M37WN','01H4Z60EJX036YS5K903XWMJ6E','now()','now()','2147483629'),
('01H4Z60EJX024BKRG702G6EEEJ','01H4Z60EJX02BRF859000Q96G4','now()','now()','2147483629'),
('01H4Z60EJX03M3Q7K702Q4BSM0','01H4Z60EJX00WE5JDT01MS265D','now()','now()','2147483629'),
('01H4Z60EJX03M3Q7K702Q4BSM0','01H4Z60EJX030MRWG803C7NWRN','now()','now()','2147483629'),
('01H4Z60EJX03Q0Q8Z1016JCVSY','01H4Z60EJX030MRWG803C7NWRN','now()','now()','2147483629'),
('01H4Z60EJX00CYJN8903XXGFKG','01H4Z60EJX010NFC6F03BW5Q6E','now()','now()','2147483629'),
('01H4Z60EJX00CYJN8903XXGFKG','01H4Z60EJX03SCN5VM00B1PTD1','now()','now()','2147483629'),
('01H4Z60EJX02G7170G02MDQFE4','01H4Z60EJX036YS5K903XWMJ6E','now()','now()','2147483629'),
('01H4Z60EJX01NVCHB402D6QJ8E','01H4Z60EJX010NFC6F03BW5Q6E','now()','now()','2147483629'),
('01H4Z60EJX01YFA78200T409YQ','01H4Z60EJX036YS5K903XWMJ6E','now()','now()','2147483629'),
('01H4Z60EJX01RNW51A0147A694','01H4Z60EJX010NFC6F03BW5Q6E','now()','now()','2147483629'),
('01H4Z60EJX01RNW51A0147A694','01H4Z60EJX00ASPJXQ0333V44A','now()','now()','2147483629'),
('01H4Z60EJX02FE4NWY00QAZTXK','01H4Z60EJX00WE5JDT01MS265D','now()','now()','2147483629'),
('01H4Z60EJX03ZRMJJQ01H46WNQ','01H4Z60EJX00ASPJXQ0333V44A','now()','now()','2147483629'),
('01H4Z60EJX02J6SWPY01K15HA0','01H4Z60EJX03SCN5VM00B1PTD1','now()','now()','2147483629'),
('01H4Z60EJW007HVK5J02RFE0NT','01H4Z60EJX0066A1KA038EK4S9','now()','now()','2147483629'),
('01H4Z60EJW02V4RW4X00F1W471','01H4Z60EJX00ASPJXQ0333V44A','now()','now()','2147483629'),
('01H4Z60EJX01SYQ2A800N3ZE62','01H4Z60EJX00WE5JDT01MS265D','now()','now()','2147483629'),
('01H4Z60EJX01SYQ2A800N3ZE62','01H4Z60EJX010NFC6F03BW5Q6E','now()','now()','2147483629'),
('01H4Z60EJX02E30X6503CWD4YJ','01H4Z60EJX010NFC6F03BW5Q6E','now()','now()','2147483629'),
('01H4Z60EJX02E30X6503CWD4YJ','01H4Z60EJX00ASPJXQ0333V44A','now()','now()','2147483629'),
('01H4Z60EJW01M5B9TN02AM6S0S','01H4Z60EJX00ASPJXQ0333V44A','now()','now()','2147483629'),
('01H4Z60EJX03CMSJVC01H7B2YX','01H4Z60EJX010NFC6F03BW5Q6E','now()','now()','2147483629'),
('01H4Z60EJX01RT7JVP0119DATH','01H4Z60EJX036YS5K903XWMJ6E','now()','now()','2147483629'),
('01H4Z60EJW02MRC1ZR01YXJV9H','01H4Z60EJX03SCN5VM00B1PTD1','now()','now()','2147483629'),
('01H4Z60EJX01VQCV9801Q413XJ','01H4Z60EJX03GC2STQ00901F29','now()','now()','2147483629'),
('01H4Z60EJX01VQCV9801Q413XJ','01H4Z60EJX010NFC6F03BW5Q6E','now()','now()','2147483629'),
('01H4Z60EJX00XQC0YS00T4Z3X7','01H4Z60EJX00QG1BSP01VB3VXC','now()','now()','2147483629'),
('01H4Z60EJX00XQC0YS00T4Z3X7','01H4Z60EJX02BRF859000Q96G4','now()','now()','2147483629'),
('01H4Z60EJX00X8T9K5031ZAXXC','01H4Z60EJX00WE5JDT01MS265D','now()','now()','2147483629'),
('01H4Z60EJX00MG5P5N03YWFXBH','01H4Z60EJX03SCN5VM00B1PTD1','now()','now()','2147483629'),
('01H4Z60EJX024V1BC80255X59Q','01H4Z60EJX036YS5K903XWMJ6E','now()','now()','2147483629'),
('01H4Z60EJX02ZN3MJN03SZ4DEA','01H4Z60EJX036YS5K903XWMJ6E','now()','now()','2147483629'),
('01H4Z60EJX02ZN3MJN03SZ4DEA','01H4Z60EJX0156ECYD00PYYVX1','now()','now()','2147483629'),
('01H4Z60EJX0388MYGV0134D9NE','01H4Z60EJX03GC2STQ00901F29','now()','now()','2147483629'),
('01H4Z60EJX0388MYGV0134D9NE','01H4Z60EJX039DNYJ702FYF9Z3','now()','now()','2147483629'),
('01H4Z60EJX022734WX02H44YK4','01H4Z60EJX010NFC6F03BW5Q6E','now()','now()','2147483629'),
('01H4Z60EJX022734WX02H44YK4','01H4Z60EJX036YS5K903XWMJ6E','now()','now()','2147483629'),
('01H4Z60EJX03FZ8ACN02DHHCXD','01H4Z60EJX02BRF859000Q96G4','now()','now()','2147483629'),
('01H4Z60EJX021Q15KK01KNPRNT','01H4Z60EJX02BRF859000Q96G4','now()','now()','2147483629'),
('01H4Z60EJX024BKRG702G6EEEJ','01H4Z60EJX036YS5K903XWMJ6E','now()','now()','2147483629'),
('01H4Z60EJX024BKRG702G6EEEJ','01H4Z60EJX010NFC6F03BW5Q6E','now()','now()','2147483629'),
('01H4Z60EJX03M3Q7K702Q4BSM0','01H4Z60EJX00QG1BSP01VB3VXC','now()','now()','2147483629'),
('01H4Z60EJX03Q0Q8Z1016JCVSY','01H4Z60EJX010NFC6F03BW5Q6E','now()','now()','2147483629'),
('01H4Z60EJX01267X5T01JWRMFK','01H4Z60EJX0156ECYD00PYYVX1','now()','now()','2147483629'),
('01H4Z60EJX01267X5T01JWRMFK','01H4Z60EJX00WE5JDT01MS265D','now()','now()','2147483629'),
('01H4Z60EJX00CYJN8903XXGFKG','01H4Z60EJX00ASPJXQ0333V44A','now()','now()','2147483629'),
('01H4Z60EJX039N7RBA030DD4NM','01H4Z60EJX00ASPJXQ0333V44A','now()','now()','2147483629'),
('01H4Z60EJX039N7RBA030DD4NM','01H4Z60EJX036YS5K903XWMJ6E','now()','now()','2147483629'),
('01H4Z60EJX02MQR6YH018X68PW','01H4Z60EJX02BRF859000Q96G4','now()','now()','2147483629'),
('01H4Z60EJX02MQR6YH018X68PW','01H4Z60EJX03SCN5VM00B1PTD1','now()','now()','2147483629'),
('01H4Z60EJX02FE4NWY00QAZTXK','01H4Z60EJX0066A1KA038EK4S9','now()','now()','2147483629'),
('01H4Z60EJX01SYQ2A800N3ZE62','01H4Z60EJX03SCN5VM00B1PTD1','now()','now()','2147483629'),
('01H4Z60EJX02E30X6503CWD4YJ','01H4Z60EJX03SCN5VM00B1PTD1','now()','now()','2147483629'),
('01H4Z60EJX02E30X6503CWD4YJ','01H4Z60EJX00WE5JDT01MS265D','now()','now()','2147483629'),
('01H4Z60EJX03CMSJVC01H7B2YX','01H4Z60EJX03KVKPRD019ZAS0Z','now()','now()','2147483629'),
('01H4Z60EJX01RT7JVP0119DATH','01H4Z60EJX03KVKPRD019ZAS0Z','now()','now()','2147483629'),
('01H4Z60EJX0026DVB002EJ5TCM','01H4Z60EJX03KVKPRD019ZAS0Z','now()','now()','2147483629'),
('01H4Z60EJX0026DVB002EJ5TCM','01H4Z60EJX03SCN5VM00B1PTD1','now()','now()','2147483629'),
('01H4Z60EJX00F0SY2J029H71AZ','01H4Z60EJX00QG1BSP01VB3VXC','now()','now()','2147483629'),
('01H4Z60EJX00F0SY2J029H71AZ','01H4Z60EJX036YS5K903XWMJ6E','now()','now()','2147483629'),
('01H4Z60EJX014R43AG02ZH6996','01H4Z60EJX010NFC6F03BW5Q6E','now()','now()','2147483629'),
('01H4Z60EJX014R43AG02ZH6996','01H4Z60EJX039DNYJ702FYF9Z3','now()','now()','2147483629'),
('01H4Z60EJX024V1BC80255X59Q','01H4Z60EJX03SCN5VM00B1PTD1','now()','now()','2147483629'),
('01H4Z60EJX0388MYGV0134D9NE','01H4Z60EJX00WE5JDT01MS265D','now()','now()','2147483629'),
('01H4Z60EJX022734WX02H44YK4','01H4Z60EJX030MRWG803C7NWRN','now()','now()','2147483629'),
('01H4Z60EJX03FZ8ACN02DHHCXD','01H4Z60EJX02KX8ABT017AHR77','now()','now()','2147483629'),
('01H4Z60EJX03FZ8ACN02DHHCXD','01H4Z60EJX00QG1BSP01VB3VXC','now()','now()','2147483629'),
('01H4Z60EJX03FZ8ACN02DHHCXD','01H4Z60EJX030MRWG803C7NWRN','now()','now()','2147483629'),
('01H4Z60EJX03FZ8ACN02DHHCXD','01H4Z60EJX00ASPJXQ0333V44A','now()','now()','2147483629'),
('01H4Z60EJX03XWBVAS030M37WN','01H4Z60EJX030MRWG803C7NWRN','now()','now()','2147483629'),
('01H4Z60EJX021Q15KK01KNPRNT','01H4Z60EJX00ASPJXQ0333V44A','now()','now()','2147483629'),
('01H4Z60EJX021Q15KK01KNPRNT','01H4Z60EJX030MRWG803C7NWRN','now()','now()','2147483629'),
('01H4Z60EJX03Q0Q8Z1016JCVSY','01H4Z60EJX00ASPJXQ0333V44A','now()','now()','2147483629'),
('01H4Z60EJX01267X5T01JWRMFK','01H4Z60EJX030MRWG803C7NWRN','now()','now()','2147483629'),
('01H4Z60EJX01267X5T01JWRMFK','01H4Z60EJX010NFC6F03BW5Q6E','now()','now()','2147483629'),
('01H4Z60EJX00CYJN8903XXGFKG','01H4Z60EJX00QG1BSP01VB3VXC','now()','now()','2147483629'),
('01H4Z60EJX00CYJN8903XXGFKG','01H4Z60EJX036YS5K903XWMJ6E','now()','now()','2147483629'),
('01H4Z60EJX02G7170G02MDQFE4','01H4Z60EJX010NFC6F03BW5Q6E','now()','now()','2147483629'),
('01H4Z60EJX01NVCHB402D6QJ8E','01H4Z60EJX00QG1BSP01VB3VXC','now()','now()','2147483629'),
('01H4Z60EJX01NVCHB402D6QJ8E','01H4Z60EJX03SCN5VM00B1PTD1','now()','now()','2147483629'),
('01H4Z60EJX01YFA78200T409YQ','01H4Z60EJX03SCN5VM00B1PTD1','now()','now()','2147483629'),
('01H4Z60EJX01RNW51A0147A694','01H4Z60EJX036YS5K903XWMJ6E','now()','now()','2147483629'),
('01H4Z60EJX01RNW51A0147A694','01H4Z60EJX00WE5JDT01MS265D','now()','now()','2147483629'),
('01H4Z60EJX02FE4NWY00QAZTXK','01H4Z60EJX010NFC6F03BW5Q6E','now()','now()','2147483629'),
('01H4Z60EJX02J6SWPY01K15HA0','01H4Z60EJX036YS5K903XWMJ6E','now()','now()','2147483629'),
('01H4Z60EJX01PKWXK3029T74R1','01H4Z60EJX00ASPJXQ0333V44A','now()','now()','2147483629'),
('01H4Z60EJX02MQR6YH018X68PW','01H4Z60EJX00ASPJXQ0333V44A','now()','now()','2147483629'),
('01H4Z60EJX02MQR6YH018X68PW','01H4Z60EJX036YS5K903XWMJ6E','now()','now()','2147483629'),
('01H4Z60EJX03C5BKYW03RGMVD4','01H4Z60EJX010NFC6F03BW5Q6E','now()','now()','2147483629'),
('01H4Z60EJX00Y9RETK03SRP7HG','01H4Z60EJX00ASPJXQ0333V44A','now()','now()','2147483629'),
('01H4Z60EJX01C1X2TS02B6R4KV','01H4Z60EJX00ASPJXQ0333V44A','now()','now()','2147483629'),
('01H4Z60EJX03ZRMJJQ01H46WNQ','01H4Z60EJX0066A1KA038EK4S9','now()','now()','2147483629'),
('01H4Z60EJX01RNW51A0147A694','01H4Z60EJX0066A1KA038EK4S9','now()','now()','2147483629')
ON CONFLICT DO NOTHING;


INSERT INTO user_group (user_group_id,user_group_name,is_system,created_at,updated_at,resource_path) VALUES
('01H4Z60EJX02A77Z4H022PSVW3','Teacher',true,'now()','now()','2147483629'),
('01H4Z60EJX01B7134E00TJ8JYC','HQ Staff',true,'now()','now()','2147483629'),
('01H4Z60EJX00N8844K01MGB47C','Centre Manager',true,'now()','now()','2147483629'),
('01H4Z60EJX00FG0P5R01H12WDW','Centre Lead',true,'now()','now()','2147483629'),
('01H4Z60EJX00417JVV01XYBJH3','School Admin',true,'now()','now()','2147483629'),
('01H4Z60EJX009D54P201K26KGX','PaymentScheduleJob',true,'now()','now()','2147483629'),
('01H4Z60EJX01KNXT1601ZH0W7W','OpenAPI',true,'now()','now()','2147483629'),
('01H4Z60EJX01XGQEP602RVVKBA','Parent',true,'now()','now()','2147483629'),
('01H4Z60EJX02B8DDNQ0274EHAJ','Centre Staff',true,'now()','now()','2147483629'),
('01H4Z60EJX0057FX1502276C00','Student',true,'now()','now()','2147483629'),
('01H4Z60EJX02NKMB29027HW4T0','Teacher Lead',true,'now()','now()','2147483629'),
('01H4Z60EJX004RP5JV01FASMXG','NotificationScheduleJob',true,'now()','now()','2147483629'),
('01H4Z60EJX03T3SGA501VQB1DV','UsermgmtScheduleJob',true,'now()','now()','2147483629'),
('01H4Z60EJX01K1A2EA02P5P7BS','VirtualClassroomScheduleJob',true,'now()','now()','2147483629')
ON CONFLICT DO NOTHING;


INSERT INTO granted_role (granted_role_id,user_group_id,role_id,created_at,updated_at,resource_path) VALUES
('01H4Z60EJX034X6A06015VP02W','01H4Z60EJX02A77Z4H022PSVW3','01H4Z60EJX02KX8ABT017AHR77','now()','now()','2147483629'),
('01H4Z60EJX02ZZD23T033WTKK6','01H4Z60EJX01B7134E00TJ8JYC','01H4Z60EJX010NFC6F03BW5Q6E','now()','now()','2147483629'),
('01H4Z60EJX00KZW0NZ038T02K2','01H4Z60EJX00N8844K01MGB47C','01H4Z60EJX036YS5K903XWMJ6E','now()','now()','2147483629'),
('01H4Z60EJX01F2F3AG030BF04X','01H4Z60EJX00FG0P5R01H12WDW','01H4Z60EJX00WE5JDT01MS265D','now()','now()','2147483629'),
('01H4Z60EJX01MAHRFC01GBG4WG','01H4Z60EJX00417JVV01XYBJH3','01H4Z60EJX00ASPJXQ0333V44A','now()','now()','2147483629'),
('01H4Z60EJX01YFDTQ900SHJG2Y','01H4Z60EJX009D54P201K26KGX','01H4Z60EJX03KVKPRD019ZAS0Z','now()','now()','2147483629'),
('01H4Z60EJX02PJC7E400GWCQBZ','01H4Z60EJX01KNXT1601ZH0W7W','01H4Z60EJX0066A1KA038EK4S9','now()','now()','2147483629'),
('01H4Z60EJX03A81RNF026T897H','01H4Z60EJX01XGQEP602RVVKBA','01H4Z60EJX02BRF859000Q96G4','now()','now()','2147483629'),
('01H4Z60EJX0200H5XH01GTJNPQ','01H4Z60EJX02B8DDNQ0274EHAJ','01H4Z60EJX03SCN5VM00B1PTD1','now()','now()','2147483629'),
('01H4Z60EJX00BA3BFD02DEE9YV','01H4Z60EJX0057FX1502276C00','01H4Z60EJX00QG1BSP01VB3VXC','now()','now()','2147483629'),
('01H4Z60EJX01WR27ZB00N02ECJ','01H4Z60EJX02NKMB29027HW4T0','01H4Z60EJX0156ECYD00PYYVX1','now()','now()','2147483629'),
('01H4Z60EJX020VYSX300168KAK','01H4Z60EJX004RP5JV01FASMXG','01H4Z60EJX03GC2STQ00901F29','now()','now()','2147483629'),
('01H4Z60EJX030T0JM40140628Q','01H4Z60EJX03T3SGA501VQB1DV','01H4Z60EJX030MRWG803C7NWRN','now()','now()','2147483629'),
('01H4Z60EJX03MSPF5Z024HN7JG','01H4Z60EJX01K1A2EA02P5P7BS','01H4Z60EJX039DNYJ702FYF9Z3','now()','now()','2147483629')
ON CONFLICT DO NOTHING;


INSERT INTO granted_role_access_path (granted_role_id,location_id,created_at,updated_at,resource_path) VALUES
('01H4Z60EJX034X6A06015VP02W','01H4Z60EJT02KKDKGN01S81X0H','now()','now()','2147483629'),
('01H4Z60EJX02ZZD23T033WTKK6','01H4Z60EJT02KKDKGN01S81X0H','now()','now()','2147483629'),
('01H4Z60EJX00KZW0NZ038T02K2','01H4Z60EJT02KKDKGN01S81X0H','now()','now()','2147483629'),
('01H4Z60EJX01F2F3AG030BF04X','01H4Z60EJT02KKDKGN01S81X0H','now()','now()','2147483629'),
('01H4Z60EJX01MAHRFC01GBG4WG','01H4Z60EJT02KKDKGN01S81X0H','now()','now()','2147483629'),
('01H4Z60EJX01YFDTQ900SHJG2Y','01H4Z60EJT02KKDKGN01S81X0H','now()','now()','2147483629'),
('01H4Z60EJX02PJC7E400GWCQBZ','01H4Z60EJT02KKDKGN01S81X0H','now()','now()','2147483629'),
('01H4Z60EJX03A81RNF026T897H','01H4Z60EJT02KKDKGN01S81X0H','now()','now()','2147483629'),
('01H4Z60EJX0200H5XH01GTJNPQ','01H4Z60EJT02KKDKGN01S81X0H','now()','now()','2147483629'),
('01H4Z60EJX00BA3BFD02DEE9YV','01H4Z60EJT02KKDKGN01S81X0H','now()','now()','2147483629'),
('01H4Z60EJX01WR27ZB00N02ECJ','01H4Z60EJT02KKDKGN01S81X0H','now()','now()','2147483629'),
('01H4Z60EJX020VYSX300168KAK','01H4Z60EJT02KKDKGN01S81X0H','now()','now()','2147483629'),
('01H4Z60EJX030T0JM40140628Q','01H4Z60EJT02KKDKGN01S81X0H','now()','now()','2147483629'),
('01H4Z60EJX03MSPF5Z024HN7JG','01H4Z60EJT02KKDKGN01S81X0H','now()','now()','2147483629')
ON CONFLICT DO NOTHING;


--- Create PaymentScheduleJob account -----
INSERT INTO public.users
(user_id, country, name, avatar, phone_number, email, device_token, allow_notification, user_group, updated_at, created_at, is_tester, facebook_id, platform, phone_verified, email_verified, deleted_at, given_name, resource_path, is_system)
VALUES('01H4Z60EJY03SKAZ9601YJPCGD', 'COUNTRY_JP', 'Payment Schedule Job', '', NULL, 'schedule_job+payment@manabie.com', NULL, NULL, 'USER_GROUP_SCHOOL_ADMIN', now(), now(), NULL, NULL, NULL, NULL, NULL, NULL, NULL, '2147483629', true)
ON CONFLICT DO NOTHING;

INSERT INTO user_group_member(
user_id,
user_group_id,
created_at,
updated_at,
resource_path
) VALUES
('01H4Z60EJY03SKAZ9601YJPCGD', '01H4Z60EJX009D54P201K26KGX', now(), now(), '2147483629') ON CONFLICT DO NOTHING;

INSERT INTO staff
(staff_id, created_at, updated_at, deleted_at, resource_path, auto_create_timesheet, working_status, start_date, end_date)
VALUES ('01H4Z60EJY03SKAZ9601YJPCGD', now(), now(), NULL, '2147483629', DEFAULT, DEFAULT, NULL, NULL) ON CONFLICT DO NOTHING;

--- Create NotificationScheduleJob account -----
INSERT INTO public.users
(user_id, country, name, avatar, phone_number, email, device_token, allow_notification, user_group, updated_at, created_at, is_tester, facebook_id, platform, phone_verified, email_verified, deleted_at, given_name, resource_path, is_system)
VALUES('01H4Z60EJY01A5J8XM02J6JRRS', 'COUNTRY_JP', 'Notification Schedule Job', '', NULL, 'schedule_job+notification@manabie.com', NULL, NULL, 'USER_GROUP_SCHOOL_ADMIN', now(), now(), NULL, NULL, NULL, NULL, NULL, NULL, NULL, '2147483629', true)
ON CONFLICT DO NOTHING;

INSERT INTO user_group_member(
user_id,
user_group_id,
created_at,
updated_at,
resource_path
) VALUES
('01H4Z60EJY01A5J8XM02J6JRRS', '01H4Z60EJX004RP5JV01FASMXG', now(), now(), '2147483629') ON CONFLICT DO NOTHING;

INSERT INTO staff
(staff_id, created_at, updated_at, deleted_at, resource_path, auto_create_timesheet, working_status, start_date, end_date)
VALUES ('01H4Z60EJY01A5J8XM02J6JRRS', now(), now(), NULL, '2147483629', DEFAULT, DEFAULT, NULL, NULL) ON CONFLICT DO NOTHING;

--- Create UsermgmtScheduleJob account -----
INSERT INTO public.users
(user_id, country, name, avatar, phone_number, email, device_token, allow_notification, user_group, updated_at, created_at, is_tester, facebook_id, platform, phone_verified, email_verified, deleted_at, given_name, resource_path, is_system)
VALUES('01H4Z60EJY02WHYFMH03DA4MWE', 'COUNTRY_JP', 'Usermgmt Schedule Job', '', NULL, 'schedule_job+usermgmt@manabie.com', NULL, NULL, 'USER_GROUP_SCHOOL_ADMIN', now(), now(), NULL, NULL, NULL, NULL, NULL, NULL, NULL, '2147483629', true)
ON CONFLICT DO NOTHING;

INSERT INTO user_group_member(
user_id,
user_group_id,
created_at,
updated_at,
resource_path
) VALUES
('01H4Z60EJY02WHYFMH03DA4MWE', '01H4Z60EJX03T3SGA501VQB1DV', now(), now(), '2147483629') ON CONFLICT DO NOTHING;

INSERT INTO staff
(staff_id, created_at, updated_at, deleted_at, resource_path, auto_create_timesheet, working_status, start_date, end_date)
VALUES ('01H4Z60EJY02WHYFMH03DA4MWE', now(), now(), NULL, '2147483629', DEFAULT, DEFAULT, NULL, NULL) ON CONFLICT DO NOTHING;

--- Create VirtualClassroomScheduleJob account -----
INSERT INTO public.users
(user_id, country, name, avatar, phone_number, email, device_token, allow_notification, user_group, updated_at, created_at, is_tester, facebook_id, platform, phone_verified, email_verified, deleted_at, given_name, resource_path, is_system)
VALUES('01H4Z60EJY03809VB601NZED62', 'COUNTRY_JP', 'VirtualClassroom Schedule Job', '', NULL, 'schedule_job+virtualclassroom@manabie.com', NULL, NULL, 'USER_GROUP_SCHOOL_ADMIN', now(), now(), NULL, NULL, NULL, NULL, NULL, NULL, NULL, '2147483629', true)
ON CONFLICT DO NOTHING;

INSERT INTO user_group_member(
user_id,
user_group_id,
created_at,
updated_at,
resource_path
) VALUES
('01H4Z60EJY03809VB601NZED62', '01H4Z60EJX01K1A2EA02P5P7BS', now(), now(), '2147483629') ON CONFLICT DO NOTHING;

INSERT INTO staff
(staff_id, created_at, updated_at, deleted_at, resource_path, auto_create_timesheet, working_status, start_date, end_date)
VALUES ('01H4Z60EJY03809VB601NZED62', now(), now(), NULL, '2147483629', DEFAULT, DEFAULT, NULL, NULL) ON CONFLICT DO NOTHING;