------ scg Internal ------
INSERT INTO public.location_types (location_type_id, name, "display_name", resource_path, updated_at, created_at)
VALUES ('01H4Z66YAB00CDJ6A701S32BNF','org','scg Internal', '2147483625', now(), now()) ON CONFLICT DO NOTHING;


INSERT INTO public.locations (location_id, name, location_type, partner_internal_id, partner_internal_parent_id, parent_location_id, resource_path, updated_at, created_at,access_path)
VALUES ('01H4Z66YAB00CDJ6A701S32BNF', 'scg Internal', '01H4Z66YAB00CDJ6A701S32BNF',NULL, NULL, NULL, '2147483625', now(), now(), '01H4Z66YAB00CDJ6A701S32BNF') ON CONFLICT DO NOTHING;


INSERT INTO organizations (organization_id, tenant_id, name, resource_path, domain_name, logo_url, country, created_at, updated_at, deleted_at)
VALUES ('2147483625', 'seiki-scg-internal-r5mbu', 'scg Internal', '2147483625', 'scg-internal', 'https://storage.googleapis.com/prod-tokyo-backend/user-upload/tenant_logo/seiki-scg-logo.png', 'COUNTRY_JP', now(), now(), null) ON CONFLICT DO NOTHING;


INSERT INTO public.organization_auths (organization_id, auth_project_id, auth_tenant_id)
VALUES (2147483625, 'student-coach-e1e95', 'seiki-scg-internal-r5mbu') ON CONFLICT DO NOTHING;


INSERT INTO schools (school_id, name, country, city_id, district_id, point, is_system_school, created_at, updated_at, is_merge, phone_number, deleted_at, resource_path)
VALUES (2147483625, 'scg Internal', 'COUNTRY_JP', 1,  1, null,  false, now(), now(), false, null,  null, '2147483625') ON CONFLICT DO NOTHING;


INSERT INTO "permission" (permission_id,permission_name,created_at,updated_at,resource_path) VALUES
('01H4Z66YAE034XFD2X023KVNS3','entryexit.student_entryexit_records.read','now()','now()','2147483625'),
('01H4Z66YAE012P9J3J00CS0ABV','entryexit.student_qr.write','now()','now()','2147483625'),
('01H4Z66YAE0071F8ZY010V5WVY','entryexit.student_qr.read','now()','now()','2147483625'),
('01H4Z66YAE02KKVJS4017CKWA9','payment.student_product.read','now()','now()','2147483625'),
('01H4Z66YAE020NMZ3903BPY49R','payment.student_product.write','now()','now()','2147483625'),
('01H4Z66YAE012HYT4M038JGCKN','payment.bill_item.read','now()','now()','2147483625'),
('01H4Z66YAD02PKZ6R402G9H4KM','master.location.read','now()','now()','2147483625'),
('01H4Z66YAE0031HN7203BFE3B7','payment.order.read','now()','now()','2147483625'),
('01H4Z66YAE02RKHBHN02B9FSS8','communication.notification.read','now()','now()','2147483625'),
('01H4Z66YAD01R7WSAG03R4N3F3','lesson.lesson.write','now()','now()','2147483625'),
('01H4Z66YAE03TRWN8M00N2JC1F','lesson.lesson.read','now()','now()','2147483625'),
('01H4Z66YAE01XD7YPG021XJYRC','lesson.lessonmember.write','now()','now()','2147483625'),
('01H4Z66YAE0396DX3103CBDQGH','lesson.reallocation.read','now()','now()','2147483625'),
('01H4Z66YAE03P7KH19010HESJ3','lesson.reallocation.write','now()','now()','2147483625'),
('01H4Z66YAE038ZAANH036HDXB1','timesheet.timesheet.read','now()','now()','2147483625'),
('01H4Z66YAE02TDNW6Y02FMRQ2Z','timesheet.timesheet.write','now()','now()','2147483625'),
('01H4Z66YAE027MMYZ602KX19BA','user.user.write','now()','now()','2147483625'),
('01H4Z66YAE03WJ42ST02YKWPQJ','user.student.write','now()','now()','2147483625'),
('01H4Z66YAE00F1ATW20020CTBN','user.usergroup.read','now()','now()','2147483625'),
('01H4Z66YAD024548YB02883SZJ','payment.order.write','now()','now()','2147483625'),
('01H4Z66YAE009WN6ES02ZQEAYC','payment.student_payment_detail.write','now()','now()','2147483625'),
('01H4Z66YAE01591RCW03HTG5KF','payment.billing_address.read','now()','now()','2147483625'),
('01H4Z66YAF01F3499002RGSQB5','payment.billing_address.write','now()','now()','2147483625'),
('01H4Z66YAE00DCSTE202ME9GN3','payment.bank_account.write','now()','now()','2147483625'),
('01H4Z66YAF02D7SR0201R9F6GC','lesson.report.review','now()','now()','2147483625'),
('01H4Z66YAE00BWAK4002W391N4','user.user.read','now()','now()','2147483625'),
('01H4Z66YAE020H1FDP000V6YS7','user.parent.read','now()','now()','2147483625'),
('01H4Z66YAE0245Z74601TZGQEE','user.parent.write','now()','now()','2147483625'),
('01H4Z66YAE014PWB0P0171HAFJ','user.staff.read','now()','now()','2147483625'),
('01H4Z66YAE02G8ZCGE03MQVKV6','user.usergroupmember.write','now()','now()','2147483625'),
('01H4Z66YAE014FT85X01BKEBJW','user.usergroupmember.read','now()','now()','2147483625'),
('01H4Z66YAE010KFV3J03E4XBVB','user.student_course.write','now()','now()','2147483625'),
('01H4Z66YAE03NK1PVG02YXBXAP','virtualclassroom.room_state.read','now()','now()','2147483625'),
('01H4Z66YAE00X45ZVD013T80BH','virtualclassroom.room_state.write','now()','now()','2147483625'),
('01H4Z66YAE00MJDP2C00CW47Z4','payment.bank_account.read','now()','now()','2147483625'),
('01H4Z66YAF03BVTNTE03WWEKFQ','master.course.read','now()','now()','2147483625'),
('01H4Z66YAE02BC7BTA03NQG39J','entryexit.student_entryexit_records.write','now()','now()','2147483625'),
('01H4Z66YAD03BZ4BE902KNHNFZ','payment.bill_item.write','now()','now()','2147483625'),
('01H4Z66YAE03SNB7M203JJZYQ2','communication.notification.write','now()','now()','2147483625'),
('01H4Z66YAD00SWFBK603CVJTNZ','communication.conversation.write','now()','now()','2147483625'),
('01H4Z66YAE012QW4N703FM3NZH','lesson.lessonmember.read','now()','now()','2147483625'),
('01H4Z66YAE01C5SRC303KB6J0K','user.student.read','now()','now()','2147483625'),
('01H4Z66YAD013ANTAK00NT7AN7','user.usergroup.write','now()','now()','2147483625'),
('01H4Z66YAE013RJDY4023GVQV6','payment.invoice.write','now()','now()','2147483625'),
('01H4Z66YAE03GQPK2603TFYA7H','payment.payment.write','now()','now()','2147483625'),
('01H4Z66YAE027H9XZG03N3BB0C','payment.invoice.read','now()','now()','2147483625'),
('01H4Z66YAE0103T7RH00RKA6WY','communication.notification.owner','now()','now()','2147483625'),
('01H4Z66YAD02Q19P3D01YKSTJY','user.student_enrollment_status_history.read','now()','now()','2147483625'),
('01H4Z66YAE03NCHM1601HK3291','communication.conversation.read','now()','now()','2147483625'),
('01H4Z66YAF0371K5JB003K748C','payment.student_payment_detail.read','now()','now()','2147483625'),
('01H4Z66YAF019T0Q5P00FWSK8M','master.course.write','now()','now()','2147483625'),
('01H4Z66YAE00Z9N4QH00GWG8SD','payment.payment.read','now()','now()','2147483625'),
('01H4Z66YAE006WRWJQ027KXW67','user.staff.write','now()','now()','2147483625'),
('01H4Z66YAF02J2ME2400Z2TW1X','master.location.write','now()','now()','2147483625')
ON CONFLICT DO NOTHING;


INSERT INTO role (role_id,role_name,is_system,created_at,updated_at,resource_path) VALUES
('01H4Z66YAE01RVCF4A02E05B52','Teacher',false,'now()','now()','2147483625'),
('01H4Z66YAF001BVFMX022C1V9J','HQ Staff',false,'now()','now()','2147483625'),
('01H4Z66YAF0372EXXZ0331VEF3','Centre Manager',false,'now()','now()','2147483625'),
('01H4Z66YAE00AR09RQ028NJBTT','Centre Lead',false,'now()','now()','2147483625'),
('01H4Z66YAF029BTRQG01E2K1BV','School Admin',false,'now()','now()','2147483625'),
('01H4Z66YAE009TAC8501JBKYWB','PaymentScheduleJob',true,'now()','now()','2147483625'),
('01H4Z66YAF00WDQWF302GTVK9V','OpenAPI',true,'now()','now()','2147483625'),
('01H4Z66YAE03JW7VJQ03MZ0JZQ','Parent',true,'now()','now()','2147483625'),
('01H4Z66YAE022M50ZG00QJ1GEV','Centre Staff',false,'now()','now()','2147483625'),
('01H4Z66YAE02Q8KXNH03YN2ZRF','Student',true,'now()','now()','2147483625'),
('01H4Z66YAE000FEZ8W03X2NXRE','Teacher Lead',false,'now()','now()','2147483625'),
('01H4Z66YAE020M9YK300JP21Y6','NotificationScheduleJob',true,'now()','now()','2147483625'),
('01H4Z66YAE01ZSH95E02GEVQF7','UsermgmtScheduleJob',true,'now()','now()','2147483625'),
('01H4Z66YAE00JQQ5FN02PXFAA4','VirtualClassroomScheduleJob',true,'now()','now()','2147483625')
ON CONFLICT DO NOTHING;


INSERT INTO permission_role (permission_id,role_id,created_at,updated_at,resource_path) VALUES
('01H4Z66YAE034XFD2X023KVNS3','01H4Z66YAE01RVCF4A02E05B52','now()','now()','2147483625'),
('01H4Z66YAE012P9J3J00CS0ABV','01H4Z66YAF001BVFMX022C1V9J','now()','now()','2147483625'),
('01H4Z66YAE0071F8ZY010V5WVY','01H4Z66YAF0372EXXZ0331VEF3','now()','now()','2147483625'),
('01H4Z66YAE02KKVJS4017CKWA9','01H4Z66YAE00AR09RQ028NJBTT','now()','now()','2147483625'),
('01H4Z66YAE02KKVJS4017CKWA9','01H4Z66YAF029BTRQG01E2K1BV','now()','now()','2147483625'),
('01H4Z66YAE020NMZ3903BPY49R','01H4Z66YAF029BTRQG01E2K1BV','now()','now()','2147483625'),
('01H4Z66YAE012HYT4M038JGCKN','01H4Z66YAF0372EXXZ0331VEF3','now()','now()','2147483625'),
('01H4Z66YAE012HYT4M038JGCKN','01H4Z66YAE009TAC8501JBKYWB','now()','now()','2147483625'),
('01H4Z66YAD02PKZ6R402G9H4KM','01H4Z66YAF0372EXXZ0331VEF3','now()','now()','2147483625'),
('01H4Z66YAD02PKZ6R402G9H4KM','01H4Z66YAF00WDQWF302GTVK9V','now()','now()','2147483625'),
('01H4Z66YAE0031HN7203BFE3B7','01H4Z66YAF0372EXXZ0331VEF3','now()','now()','2147483625'),
('01H4Z66YAE02RKHBHN02B9FSS8','01H4Z66YAE03JW7VJQ03MZ0JZQ','now()','now()','2147483625'),
('01H4Z66YAD01R7WSAG03R4N3F3','01H4Z66YAE022M50ZG00QJ1GEV','now()','now()','2147483625'),
('01H4Z66YAE03TRWN8M00N2JC1F','01H4Z66YAE01RVCF4A02E05B52','now()','now()','2147483625'),
('01H4Z66YAE01XD7YPG021XJYRC','01H4Z66YAE022M50ZG00QJ1GEV','now()','now()','2147483625'),
('01H4Z66YAE0396DX3103CBDQGH','01H4Z66YAE022M50ZG00QJ1GEV','now()','now()','2147483625'),
('01H4Z66YAE03P7KH19010HESJ3','01H4Z66YAE01RVCF4A02E05B52','now()','now()','2147483625'),
('01H4Z66YAE03P7KH19010HESJ3','01H4Z66YAF001BVFMX022C1V9J','now()','now()','2147483625'),
('01H4Z66YAE038ZAANH036HDXB1','01H4Z66YAE01RVCF4A02E05B52','now()','now()','2147483625'),
('01H4Z66YAE02TDNW6Y02FMRQ2Z','01H4Z66YAF029BTRQG01E2K1BV','now()','now()','2147483625'),
('01H4Z66YAE02TDNW6Y02FMRQ2Z','01H4Z66YAE022M50ZG00QJ1GEV','now()','now()','2147483625'),
('01H4Z66YAE027MMYZ602KX19BA','01H4Z66YAE00AR09RQ028NJBTT','now()','now()','2147483625'),
('01H4Z66YAE03WJ42ST02YKWPQJ','01H4Z66YAE00AR09RQ028NJBTT','now()','now()','2147483625'),
('01H4Z66YAE03WJ42ST02YKWPQJ','01H4Z66YAE02Q8KXNH03YN2ZRF','now()','now()','2147483625'),
('01H4Z66YAE00F1ATW20020CTBN','01H4Z66YAF00WDQWF302GTVK9V','now()','now()','2147483625'),
('01H4Z66YAD024548YB02883SZJ','01H4Z66YAF029BTRQG01E2K1BV','now()','now()','2147483625'),
('01H4Z66YAE009WN6ES02ZQEAYC','01H4Z66YAF029BTRQG01E2K1BV','now()','now()','2147483625'),
('01H4Z66YAE01591RCW03HTG5KF','01H4Z66YAF029BTRQG01E2K1BV','now()','now()','2147483625'),
('01H4Z66YAF01F3499002RGSQB5','01H4Z66YAF001BVFMX022C1V9J','now()','now()','2147483625'),
('01H4Z66YAE00DCSTE202ME9GN3','01H4Z66YAF029BTRQG01E2K1BV','now()','now()','2147483625'),
('01H4Z66YAF02D7SR0201R9F6GC','01H4Z66YAF001BVFMX022C1V9J','now()','now()','2147483625'),
('01H4Z66YAE012HYT4M038JGCKN','01H4Z66YAE00AR09RQ028NJBTT','now()','now()','2147483625'),
('01H4Z66YAE0031HN7203BFE3B7','01H4Z66YAF029BTRQG01E2K1BV','now()','now()','2147483625'),
('01H4Z66YAD01R7WSAG03R4N3F3','01H4Z66YAE01RVCF4A02E05B52','now()','now()','2147483625'),
('01H4Z66YAD01R7WSAG03R4N3F3','01H4Z66YAF029BTRQG01E2K1BV','now()','now()','2147483625'),
('01H4Z66YAE01XD7YPG021XJYRC','01H4Z66YAF0372EXXZ0331VEF3','now()','now()','2147483625'),
('01H4Z66YAE0396DX3103CBDQGH','01H4Z66YAF029BTRQG01E2K1BV','now()','now()','2147483625'),
('01H4Z66YAE0396DX3103CBDQGH','01H4Z66YAF0372EXXZ0331VEF3','now()','now()','2147483625'),
('01H4Z66YAE0396DX3103CBDQGH','01H4Z66YAE01RVCF4A02E05B52','now()','now()','2147483625'),
('01H4Z66YAE03P7KH19010HESJ3','01H4Z66YAF029BTRQG01E2K1BV','now()','now()','2147483625'),
('01H4Z66YAE00BWAK4002W391N4','01H4Z66YAF0372EXXZ0331VEF3','now()','now()','2147483625'),
('01H4Z66YAE00BWAK4002W391N4','01H4Z66YAE01RVCF4A02E05B52','now()','now()','2147483625'),
('01H4Z66YAE03WJ42ST02YKWPQJ','01H4Z66YAF001BVFMX022C1V9J','now()','now()','2147483625'),
('01H4Z66YAE020H1FDP000V6YS7','01H4Z66YAE02Q8KXNH03YN2ZRF','now()','now()','2147483625'),
('01H4Z66YAE020H1FDP000V6YS7','01H4Z66YAE01RVCF4A02E05B52','now()','now()','2147483625'),
('01H4Z66YAE0245Z74601TZGQEE','01H4Z66YAF029BTRQG01E2K1BV','now()','now()','2147483625'),
('01H4Z66YAE0245Z74601TZGQEE','01H4Z66YAE00AR09RQ028NJBTT','now()','now()','2147483625'),
('01H4Z66YAE014PWB0P0171HAFJ','01H4Z66YAE01RVCF4A02E05B52','now()','now()','2147483625'),
('01H4Z66YAE02G8ZCGE03MQVKV6','01H4Z66YAF00WDQWF302GTVK9V','now()','now()','2147483625'),
('01H4Z66YAE014FT85X01BKEBJW','01H4Z66YAE000FEZ8W03X2NXRE','now()','now()','2147483625'),
('01H4Z66YAE014FT85X01BKEBJW','01H4Z66YAE03JW7VJQ03MZ0JZQ','now()','now()','2147483625'),
('01H4Z66YAE010KFV3J03E4XBVB','01H4Z66YAE022M50ZG00QJ1GEV','now()','now()','2147483625'),
('01H4Z66YAE03NK1PVG02YXBXAP','01H4Z66YAE00AR09RQ028NJBTT','now()','now()','2147483625'),
('01H4Z66YAE03NK1PVG02YXBXAP','01H4Z66YAF029BTRQG01E2K1BV','now()','now()','2147483625'),
('01H4Z66YAE00X45ZVD013T80BH','01H4Z66YAF029BTRQG01E2K1BV','now()','now()','2147483625'),
('01H4Z66YAE00X45ZVD013T80BH','01H4Z66YAF001BVFMX022C1V9J','now()','now()','2147483625'),
('01H4Z66YAD024548YB02883SZJ','01H4Z66YAF001BVFMX022C1V9J','now()','now()','2147483625'),
('01H4Z66YAD024548YB02883SZJ','01H4Z66YAE022M50ZG00QJ1GEV','now()','now()','2147483625'),
('01H4Z66YAF01F3499002RGSQB5','01H4Z66YAE022M50ZG00QJ1GEV','now()','now()','2147483625'),
('01H4Z66YAE00MJDP2C00CW47Z4','01H4Z66YAE022M50ZG00QJ1GEV','now()','now()','2147483625'),
('01H4Z66YAE00DCSTE202ME9GN3','01H4Z66YAF001BVFMX022C1V9J','now()','now()','2147483625'),
('01H4Z66YAF03BVTNTE03WWEKFQ','01H4Z66YAF001BVFMX022C1V9J','now()','now()','2147483625'),
('01H4Z66YAF03BVTNTE03WWEKFQ','01H4Z66YAE000FEZ8W03X2NXRE','now()','now()','2147483625'),
('01H4Z66YAE00MJDP2C00CW47Z4','01H4Z66YAF00WDQWF302GTVK9V','now()','now()','2147483625'),
('01H4Z66YAE02BC7BTA03NQG39J','01H4Z66YAE022M50ZG00QJ1GEV','now()','now()','2147483625'),
('01H4Z66YAE034XFD2X023KVNS3','01H4Z66YAF0372EXXZ0331VEF3','now()','now()','2147483625'),
('01H4Z66YAE012P9J3J00CS0ABV','01H4Z66YAF0372EXXZ0331VEF3','now()','now()','2147483625'),
('01H4Z66YAE012P9J3J00CS0ABV','01H4Z66YAE022M50ZG00QJ1GEV','now()','now()','2147483625'),
('01H4Z66YAE020NMZ3903BPY49R','01H4Z66YAE022M50ZG00QJ1GEV','now()','now()','2147483625'),
('01H4Z66YAD03BZ4BE902KNHNFZ','01H4Z66YAF001BVFMX022C1V9J','now()','now()','2147483625'),
('01H4Z66YAD02PKZ6R402G9H4KM','01H4Z66YAF029BTRQG01E2K1BV','now()','now()','2147483625'),
('01H4Z66YAE02RKHBHN02B9FSS8','01H4Z66YAE020M9YK300JP21Y6','now()','now()','2147483625'),
('01H4Z66YAE02RKHBHN02B9FSS8','01H4Z66YAF029BTRQG01E2K1BV','now()','now()','2147483625'),
('01H4Z66YAE03SNB7M203JJZYQ2','01H4Z66YAF029BTRQG01E2K1BV','now()','now()','2147483625'),
('01H4Z66YAD00SWFBK603CVJTNZ','01H4Z66YAE01RVCF4A02E05B52','now()','now()','2147483625'),
('01H4Z66YAE03TRWN8M00N2JC1F','01H4Z66YAE02Q8KXNH03YN2ZRF','now()','now()','2147483625'),
('01H4Z66YAE012QW4N703FM3NZH','01H4Z66YAE02Q8KXNH03YN2ZRF','now()','now()','2147483625'),
('01H4Z66YAE012QW4N703FM3NZH','01H4Z66YAE022M50ZG00QJ1GEV','now()','now()','2147483625'),
('01H4Z66YAE01XD7YPG021XJYRC','01H4Z66YAE000FEZ8W03X2NXRE','now()','now()','2147483625'),
('01H4Z66YAE038ZAANH036HDXB1','01H4Z66YAE00AR09RQ028NJBTT','now()','now()','2147483625'),
('01H4Z66YAE038ZAANH036HDXB1','01H4Z66YAE000FEZ8W03X2NXRE','now()','now()','2147483625'),
('01H4Z66YAE038ZAANH036HDXB1','01H4Z66YAF001BVFMX022C1V9J','now()','now()','2147483625'),
('01H4Z66YAE02TDNW6Y02FMRQ2Z','01H4Z66YAF001BVFMX022C1V9J','now()','now()','2147483625'),
('01H4Z66YAE00BWAK4002W391N4','01H4Z66YAE000FEZ8W03X2NXRE','now()','now()','2147483625'),
('01H4Z66YAE00BWAK4002W391N4','01H4Z66YAF029BTRQG01E2K1BV','now()','now()','2147483625'),
('01H4Z66YAE01C5SRC303KB6J0K','01H4Z66YAE020M9YK300JP21Y6','now()','now()','2147483625'),
('01H4Z66YAE020H1FDP000V6YS7','01H4Z66YAE022M50ZG00QJ1GEV','now()','now()','2147483625'),
('01H4Z66YAE020H1FDP000V6YS7','01H4Z66YAF0372EXXZ0331VEF3','now()','now()','2147483625'),
('01H4Z66YAE0245Z74601TZGQEE','01H4Z66YAE022M50ZG00QJ1GEV','now()','now()','2147483625'),
('01H4Z66YAE0245Z74601TZGQEE','01H4Z66YAE01ZSH95E02GEVQF7','now()','now()','2147483625'),
('01H4Z66YAE014PWB0P0171HAFJ','01H4Z66YAF0372EXXZ0331VEF3','now()','now()','2147483625'),
('01H4Z66YAE014PWB0P0171HAFJ','01H4Z66YAE022M50ZG00QJ1GEV','now()','now()','2147483625'),
('01H4Z66YAE00F1ATW20020CTBN','01H4Z66YAF029BTRQG01E2K1BV','now()','now()','2147483625'),
('01H4Z66YAD013ANTAK00NT7AN7','01H4Z66YAF001BVFMX022C1V9J','now()','now()','2147483625'),
('01H4Z66YAE02G8ZCGE03MQVKV6','01H4Z66YAF001BVFMX022C1V9J','now()','now()','2147483625'),
('01H4Z66YAE010KFV3J03E4XBVB','01H4Z66YAF029BTRQG01E2K1BV','now()','now()','2147483625'),
('01H4Z66YAE00X45ZVD013T80BH','01H4Z66YAE03JW7VJQ03MZ0JZQ','now()','now()','2147483625'),
('01H4Z66YAD024548YB02883SZJ','01H4Z66YAF0372EXXZ0331VEF3','now()','now()','2147483625'),
('01H4Z66YAE01591RCW03HTG5KF','01H4Z66YAF0372EXXZ0331VEF3','now()','now()','2147483625'),
('01H4Z66YAE00MJDP2C00CW47Z4','01H4Z66YAF001BVFMX022C1V9J','now()','now()','2147483625'),
('01H4Z66YAE013RJDY4023GVQV6','01H4Z66YAF029BTRQG01E2K1BV','now()','now()','2147483625'),
('01H4Z66YAE03GQPK2603TFYA7H','01H4Z66YAF001BVFMX022C1V9J','now()','now()','2147483625'),
('01H4Z66YAF02D7SR0201R9F6GC','01H4Z66YAE00AR09RQ028NJBTT','now()','now()','2147483625'),
('01H4Z66YAD03BZ4BE902KNHNFZ','01H4Z66YAF0372EXXZ0331VEF3','now()','now()','2147483625'),
('01H4Z66YAD02PKZ6R402G9H4KM','01H4Z66YAE01RVCF4A02E05B52','now()','now()','2147483625'),
('01H4Z66YAD02PKZ6R402G9H4KM','01H4Z66YAF001BVFMX022C1V9J','now()','now()','2147483625'),
('01H4Z66YAE03TRWN8M00N2JC1F','01H4Z66YAE03JW7VJQ03MZ0JZQ','now()','now()','2147483625'),
('01H4Z66YAE012QW4N703FM3NZH','01H4Z66YAE01RVCF4A02E05B52','now()','now()','2147483625'),
('01H4Z66YAE01XD7YPG021XJYRC','01H4Z66YAE00AR09RQ028NJBTT','now()','now()','2147483625'),
('01H4Z66YAE0396DX3103CBDQGH','01H4Z66YAE03JW7VJQ03MZ0JZQ','now()','now()','2147483625'),
('01H4Z66YAE027MMYZ602KX19BA','01H4Z66YAF00WDQWF302GTVK9V','now()','now()','2147483625'),
('01H4Z66YAE01C5SRC303KB6J0K','01H4Z66YAE022M50ZG00QJ1GEV','now()','now()','2147483625'),
('01H4Z66YAE01C5SRC303KB6J0K','01H4Z66YAE000FEZ8W03X2NXRE','now()','now()','2147483625'),
('01H4Z66YAE03WJ42ST02YKWPQJ','01H4Z66YAF00WDQWF302GTVK9V','now()','now()','2147483625'),
('01H4Z66YAE014PWB0P0171HAFJ','01H4Z66YAF029BTRQG01E2K1BV','now()','now()','2147483625'),
('01H4Z66YAE014PWB0P0171HAFJ','01H4Z66YAE03JW7VJQ03MZ0JZQ','now()','now()','2147483625'),
('01H4Z66YAE00F1ATW20020CTBN','01H4Z66YAE02Q8KXNH03YN2ZRF','now()','now()','2147483625'),
('01H4Z66YAE00F1ATW20020CTBN','01H4Z66YAE03JW7VJQ03MZ0JZQ','now()','now()','2147483625'),
('01H4Z66YAD013ANTAK00NT7AN7','01H4Z66YAE01ZSH95E02GEVQF7','now()','now()','2147483625'),
('01H4Z66YAE03NK1PVG02YXBXAP','01H4Z66YAE000FEZ8W03X2NXRE','now()','now()','2147483625'),
('01H4Z66YAE03NK1PVG02YXBXAP','01H4Z66YAE03JW7VJQ03MZ0JZQ','now()','now()','2147483625'),
('01H4Z66YAE00X45ZVD013T80BH','01H4Z66YAE00AR09RQ028NJBTT','now()','now()','2147483625'),
('01H4Z66YAE009WN6ES02ZQEAYC','01H4Z66YAF0372EXXZ0331VEF3','now()','now()','2147483625'),
('01H4Z66YAE00MJDP2C00CW47Z4','01H4Z66YAE00AR09RQ028NJBTT','now()','now()','2147483625'),
('01H4Z66YAE027H9XZG03N3BB0C','01H4Z66YAF0372EXXZ0331VEF3','now()','now()','2147483625'),
('01H4Z66YAF03BVTNTE03WWEKFQ','01H4Z66YAE020M9YK300JP21Y6','now()','now()','2147483625'),
('01H4Z66YAF02D7SR0201R9F6GC','01H4Z66YAF0372EXXZ0331VEF3','now()','now()','2147483625'),
('01H4Z66YAE012P9J3J00CS0ABV','01H4Z66YAE00AR09RQ028NJBTT','now()','now()','2147483625'),
('01H4Z66YAE0071F8ZY010V5WVY','01H4Z66YAE01RVCF4A02E05B52','now()','now()','2147483625'),
('01H4Z66YAE02KKVJS4017CKWA9','01H4Z66YAF0372EXXZ0331VEF3','now()','now()','2147483625'),
('01H4Z66YAE020NMZ3903BPY49R','01H4Z66YAF001BVFMX022C1V9J','now()','now()','2147483625'),
('01H4Z66YAE012HYT4M038JGCKN','01H4Z66YAF001BVFMX022C1V9J','now()','now()','2147483625'),
('01H4Z66YAD02PKZ6R402G9H4KM','01H4Z66YAE00AR09RQ028NJBTT','now()','now()','2147483625'),
('01H4Z66YAD02PKZ6R402G9H4KM','01H4Z66YAE03JW7VJQ03MZ0JZQ','now()','now()','2147483625'),
('01H4Z66YAD02PKZ6R402G9H4KM','01H4Z66YAE01ZSH95E02GEVQF7','now()','now()','2147483625'),
('01H4Z66YAE0031HN7203BFE3B7','01H4Z66YAE00AR09RQ028NJBTT','now()','now()','2147483625'),
('01H4Z66YAE02RKHBHN02B9FSS8','01H4Z66YAE022M50ZG00QJ1GEV','now()','now()','2147483625'),
('01H4Z66YAE0103T7RH00RKA6WY','01H4Z66YAE022M50ZG00QJ1GEV','now()','now()','2147483625'),
('01H4Z66YAE0103T7RH00RKA6WY','01H4Z66YAE01RVCF4A02E05B52','now()','now()','2147483625'),
('01H4Z66YAD00SWFBK603CVJTNZ','01H4Z66YAE03JW7VJQ03MZ0JZQ','now()','now()','2147483625'),
('01H4Z66YAE03TRWN8M00N2JC1F','01H4Z66YAE00AR09RQ028NJBTT','now()','now()','2147483625'),
('01H4Z66YAE03TRWN8M00N2JC1F','01H4Z66YAF0372EXXZ0331VEF3','now()','now()','2147483625'),
('01H4Z66YAE012QW4N703FM3NZH','01H4Z66YAF0372EXXZ0331VEF3','now()','now()','2147483625'),
('01H4Z66YAE01XD7YPG021XJYRC','01H4Z66YAF001BVFMX022C1V9J','now()','now()','2147483625'),
('01H4Z66YAE03P7KH19010HESJ3','01H4Z66YAF0372EXXZ0331VEF3','now()','now()','2147483625'),
('01H4Z66YAE038ZAANH036HDXB1','01H4Z66YAF029BTRQG01E2K1BV','now()','now()','2147483625'),
('01H4Z66YAE02TDNW6Y02FMRQ2Z','01H4Z66YAE00AR09RQ028NJBTT','now()','now()','2147483625'),
('01H4Z66YAE027MMYZ602KX19BA','01H4Z66YAF029BTRQG01E2K1BV','now()','now()','2147483625'),
('01H4Z66YAE03WJ42ST02YKWPQJ','01H4Z66YAF029BTRQG01E2K1BV','now()','now()','2147483625'),
('01H4Z66YAE020H1FDP000V6YS7','01H4Z66YAE000FEZ8W03X2NXRE','now()','now()','2147483625'),
('01H4Z66YAD013ANTAK00NT7AN7','01H4Z66YAF029BTRQG01E2K1BV','now()','now()','2147483625'),
('01H4Z66YAE014FT85X01BKEBJW','01H4Z66YAE00AR09RQ028NJBTT','now()','now()','2147483625'),
('01H4Z66YAE014FT85X01BKEBJW','01H4Z66YAF00WDQWF302GTVK9V','now()','now()','2147483625'),
('01H4Z66YAE03NK1PVG02YXBXAP','01H4Z66YAE01RVCF4A02E05B52','now()','now()','2147483625'),
('01H4Z66YAE00X45ZVD013T80BH','01H4Z66YAE02Q8KXNH03YN2ZRF','now()','now()','2147483625'),
('01H4Z66YAE00X45ZVD013T80BH','01H4Z66YAE01RVCF4A02E05B52','now()','now()','2147483625'),
('01H4Z66YAD024548YB02883SZJ','01H4Z66YAE009TAC8501JBKYWB','now()','now()','2147483625'),
('01H4Z66YAE027H9XZG03N3BB0C','01H4Z66YAF029BTRQG01E2K1BV','now()','now()','2147483625'),
('01H4Z66YAD02Q19P3D01YKSTJY','01H4Z66YAE01ZSH95E02GEVQF7','now()','now()','2147483625'),
('01H4Z66YAF03BVTNTE03WWEKFQ','01H4Z66YAE01RVCF4A02E05B52','now()','now()','2147483625'),
('01H4Z66YAF03BVTNTE03WWEKFQ','01H4Z66YAE02Q8KXNH03YN2ZRF','now()','now()','2147483625'),
('01H4Z66YAF02D7SR0201R9F6GC','01H4Z66YAE01RVCF4A02E05B52','now()','now()','2147483625'),
('01H4Z66YAF02D7SR0201R9F6GC','01H4Z66YAE000FEZ8W03X2NXRE','now()','now()','2147483625'),
('01H4Z66YAE020H1FDP000V6YS7','01H4Z66YAF00WDQWF302GTVK9V','now()','now()','2147483625'),
('01H4Z66YAE034XFD2X023KVNS3','01H4Z66YAE02Q8KXNH03YN2ZRF','now()','now()','2147483625'),
('01H4Z66YAE012P9J3J00CS0ABV','01H4Z66YAE02Q8KXNH03YN2ZRF','now()','now()','2147483625'),
('01H4Z66YAE0071F8ZY010V5WVY','01H4Z66YAE02Q8KXNH03YN2ZRF','now()','now()','2147483625'),
('01H4Z66YAE0071F8ZY010V5WVY','01H4Z66YAE03JW7VJQ03MZ0JZQ','now()','now()','2147483625'),
('01H4Z66YAD03BZ4BE902KNHNFZ','01H4Z66YAE022M50ZG00QJ1GEV','now()','now()','2147483625'),
('01H4Z66YAD03BZ4BE902KNHNFZ','01H4Z66YAF029BTRQG01E2K1BV','now()','now()','2147483625'),
('01H4Z66YAE03NCHM1601HK3291','01H4Z66YAE01RVCF4A02E05B52','now()','now()','2147483625'),
('01H4Z66YAD00SWFBK603CVJTNZ','01H4Z66YAE02Q8KXNH03YN2ZRF','now()','now()','2147483625'),
('01H4Z66YAD01R7WSAG03R4N3F3','01H4Z66YAF0372EXXZ0331VEF3','now()','now()','2147483625'),
('01H4Z66YAE03TRWN8M00N2JC1F','01H4Z66YAE000FEZ8W03X2NXRE','now()','now()','2147483625'),
('01H4Z66YAE012QW4N703FM3NZH','01H4Z66YAE03JW7VJQ03MZ0JZQ','now()','now()','2147483625'),
('01H4Z66YAE02TDNW6Y02FMRQ2Z','01H4Z66YAE01RVCF4A02E05B52','now()','now()','2147483625'),
('01H4Z66YAE00BWAK4002W391N4','01H4Z66YAF001BVFMX022C1V9J','now()','now()','2147483625'),
('01H4Z66YAE00BWAK4002W391N4','01H4Z66YAE03JW7VJQ03MZ0JZQ','now()','now()','2147483625'),
('01H4Z66YAE00BWAK4002W391N4','01H4Z66YAE02Q8KXNH03YN2ZRF','now()','now()','2147483625'),
('01H4Z66YAE01C5SRC303KB6J0K','01H4Z66YAF0372EXXZ0331VEF3','now()','now()','2147483625'),
('01H4Z66YAE01C5SRC303KB6J0K','01H4Z66YAF001BVFMX022C1V9J','now()','now()','2147483625'),
('01H4Z66YAE020H1FDP000V6YS7','01H4Z66YAF001BVFMX022C1V9J','now()','now()','2147483625'),
('01H4Z66YAE00F1ATW20020CTBN','01H4Z66YAF0372EXXZ0331VEF3','now()','now()','2147483625'),
('01H4Z66YAE02G8ZCGE03MQVKV6','01H4Z66YAE01ZSH95E02GEVQF7','now()','now()','2147483625'),
('01H4Z66YAE00X45ZVD013T80BH','01H4Z66YAE000FEZ8W03X2NXRE','now()','now()','2147483625'),
('01H4Z66YAE009WN6ES02ZQEAYC','01H4Z66YAE022M50ZG00QJ1GEV','now()','now()','2147483625'),
('01H4Z66YAE009WN6ES02ZQEAYC','01H4Z66YAF001BVFMX022C1V9J','now()','now()','2147483625'),
('01H4Z66YAE01591RCW03HTG5KF','01H4Z66YAE022M50ZG00QJ1GEV','now()','now()','2147483625'),
('01H4Z66YAF02D7SR0201R9F6GC','01H4Z66YAE022M50ZG00QJ1GEV','now()','now()','2147483625'),
('01H4Z66YAE00DCSTE202ME9GN3','01H4Z66YAF00WDQWF302GTVK9V','now()','now()','2147483625'),
('01H4Z66YAE02BC7BTA03NQG39J','01H4Z66YAE01RVCF4A02E05B52','now()','now()','2147483625'),
('01H4Z66YAE02BC7BTA03NQG39J','01H4Z66YAF0372EXXZ0331VEF3','now()','now()','2147483625'),
('01H4Z66YAE02BC7BTA03NQG39J','01H4Z66YAE00AR09RQ028NJBTT','now()','now()','2147483625'),
('01H4Z66YAE034XFD2X023KVNS3','01H4Z66YAF029BTRQG01E2K1BV','now()','now()','2147483625'),
('01H4Z66YAE02KKVJS4017CKWA9','01H4Z66YAE022M50ZG00QJ1GEV','now()','now()','2147483625'),
('01H4Z66YAD03BZ4BE902KNHNFZ','01H4Z66YAE009TAC8501JBKYWB','now()','now()','2147483625'),
('01H4Z66YAD02PKZ6R402G9H4KM','01H4Z66YAE02Q8KXNH03YN2ZRF','now()','now()','2147483625'),
('01H4Z66YAD02PKZ6R402G9H4KM','01H4Z66YAE022M50ZG00QJ1GEV','now()','now()','2147483625'),
('01H4Z66YAE0031HN7203BFE3B7','01H4Z66YAF001BVFMX022C1V9J','now()','now()','2147483625'),
('01H4Z66YAD01R7WSAG03R4N3F3','01H4Z66YAF001BVFMX022C1V9J','now()','now()','2147483625'),
('01H4Z66YAD01R7WSAG03R4N3F3','01H4Z66YAE02Q8KXNH03YN2ZRF','now()','now()','2147483625'),
('01H4Z66YAE03TRWN8M00N2JC1F','01H4Z66YAE022M50ZG00QJ1GEV','now()','now()','2147483625'),
('01H4Z66YAE01XD7YPG021XJYRC','01H4Z66YAE01RVCF4A02E05B52','now()','now()','2147483625'),
('01H4Z66YAE00BWAK4002W391N4','01H4Z66YAF00WDQWF302GTVK9V','now()','now()','2147483625'),
('01H4Z66YAE027MMYZ602KX19BA','01H4Z66YAE022M50ZG00QJ1GEV','now()','now()','2147483625'),
('01H4Z66YAE01C5SRC303KB6J0K','01H4Z66YAF00WDQWF302GTVK9V','now()','now()','2147483625'),
('01H4Z66YAE03WJ42ST02YKWPQJ','01H4Z66YAE022M50ZG00QJ1GEV','now()','now()','2147483625'),
('01H4Z66YAE020H1FDP000V6YS7','01H4Z66YAE00AR09RQ028NJBTT','now()','now()','2147483625'),
('01H4Z66YAE014PWB0P0171HAFJ','01H4Z66YAF001BVFMX022C1V9J','now()','now()','2147483625'),
('01H4Z66YAE00F1ATW20020CTBN','01H4Z66YAE022M50ZG00QJ1GEV','now()','now()','2147483625'),
('01H4Z66YAE00F1ATW20020CTBN','01H4Z66YAE01RVCF4A02E05B52','now()','now()','2147483625'),
('01H4Z66YAE02G8ZCGE03MQVKV6','01H4Z66YAF029BTRQG01E2K1BV','now()','now()','2147483625'),
('01H4Z66YAE014FT85X01BKEBJW','01H4Z66YAE01ZSH95E02GEVQF7','now()','now()','2147483625'),
('01H4Z66YAE03NK1PVG02YXBXAP','01H4Z66YAF0372EXXZ0331VEF3','now()','now()','2147483625'),
('01H4Z66YAF0371K5JB003K748C','01H4Z66YAE022M50ZG00QJ1GEV','now()','now()','2147483625'),
('01H4Z66YAF01F3499002RGSQB5','01H4Z66YAF0372EXXZ0331VEF3','now()','now()','2147483625'),
('01H4Z66YAE027H9XZG03N3BB0C','01H4Z66YAE022M50ZG00QJ1GEV','now()','now()','2147483625'),
('01H4Z66YAE027H9XZG03N3BB0C','01H4Z66YAF001BVFMX022C1V9J','now()','now()','2147483625'),
('01H4Z66YAE013RJDY4023GVQV6','01H4Z66YAF001BVFMX022C1V9J','now()','now()','2147483625'),
('01H4Z66YAF03BVTNTE03WWEKFQ','01H4Z66YAE00AR09RQ028NJBTT','now()','now()','2147483625'),
('01H4Z66YAF03BVTNTE03WWEKFQ','01H4Z66YAF00WDQWF302GTVK9V','now()','now()','2147483625'),
('01H4Z66YAF03BVTNTE03WWEKFQ','01H4Z66YAE01ZSH95E02GEVQF7','now()','now()','2147483625'),
('01H4Z66YAF019T0Q5P00FWSK8M','01H4Z66YAF029BTRQG01E2K1BV','now()','now()','2147483625'),
('01H4Z66YAE0245Z74601TZGQEE','01H4Z66YAF00WDQWF302GTVK9V','now()','now()','2147483625'),
('01H4Z66YAE02BC7BTA03NQG39J','01H4Z66YAF001BVFMX022C1V9J','now()','now()','2147483625'),
('01H4Z66YAE034XFD2X023KVNS3','01H4Z66YAE03JW7VJQ03MZ0JZQ','now()','now()','2147483625'),
('01H4Z66YAE012P9J3J00CS0ABV','01H4Z66YAF029BTRQG01E2K1BV','now()','now()','2147483625'),
('01H4Z66YAE00Z9N4QH00GWG8SD','01H4Z66YAF001BVFMX022C1V9J','now()','now()','2147483625'),
('01H4Z66YAE012HYT4M038JGCKN','01H4Z66YAF029BTRQG01E2K1BV','now()','now()','2147483625'),
('01H4Z66YAE02RKHBHN02B9FSS8','01H4Z66YAE01RVCF4A02E05B52','now()','now()','2147483625'),
('01H4Z66YAE02RKHBHN02B9FSS8','01H4Z66YAF001BVFMX022C1V9J','now()','now()','2147483625'),
('01H4Z66YAE0103T7RH00RKA6WY','01H4Z66YAF0372EXXZ0331VEF3','now()','now()','2147483625'),
('01H4Z66YAE03TRWN8M00N2JC1F','01H4Z66YAF029BTRQG01E2K1BV','now()','now()','2147483625'),
('01H4Z66YAE012QW4N703FM3NZH','01H4Z66YAF001BVFMX022C1V9J','now()','now()','2147483625'),
('01H4Z66YAE012QW4N703FM3NZH','01H4Z66YAF029BTRQG01E2K1BV','now()','now()','2147483625'),
('01H4Z66YAE012QW4N703FM3NZH','01H4Z66YAE00AR09RQ028NJBTT','now()','now()','2147483625'),
('01H4Z66YAE01XD7YPG021XJYRC','01H4Z66YAF029BTRQG01E2K1BV','now()','now()','2147483625'),
('01H4Z66YAE0396DX3103CBDQGH','01H4Z66YAE02Q8KXNH03YN2ZRF','now()','now()','2147483625'),
('01H4Z66YAE0396DX3103CBDQGH','01H4Z66YAF001BVFMX022C1V9J','now()','now()','2147483625'),
('01H4Z66YAE00BWAK4002W391N4','01H4Z66YAE01ZSH95E02GEVQF7','now()','now()','2147483625'),
('01H4Z66YAE00BWAK4002W391N4','01H4Z66YAE022M50ZG00QJ1GEV','now()','now()','2147483625'),
('01H4Z66YAE01C5SRC303KB6J0K','01H4Z66YAE00AR09RQ028NJBTT','now()','now()','2147483625'),
('01H4Z66YAE03WJ42ST02YKWPQJ','01H4Z66YAF0372EXXZ0331VEF3','now()','now()','2147483625'),
('01H4Z66YAE0245Z74601TZGQEE','01H4Z66YAE03JW7VJQ03MZ0JZQ','now()','now()','2147483625'),
('01H4Z66YAE014PWB0P0171HAFJ','01H4Z66YAE00AR09RQ028NJBTT','now()','now()','2147483625'),
('01H4Z66YAE014PWB0P0171HAFJ','01H4Z66YAE01ZSH95E02GEVQF7','now()','now()','2147483625'),
('01H4Z66YAE006WRWJQ027KXW67','01H4Z66YAE01ZSH95E02GEVQF7','now()','now()','2147483625'),
('01H4Z66YAE014FT85X01BKEBJW','01H4Z66YAF001BVFMX022C1V9J','now()','now()','2147483625'),
('01H4Z66YAE014FT85X01BKEBJW','01H4Z66YAE022M50ZG00QJ1GEV','now()','now()','2147483625'),
('01H4Z66YAE010KFV3J03E4XBVB','01H4Z66YAF0372EXXZ0331VEF3','now()','now()','2147483625'),
('01H4Z66YAE03NK1PVG02YXBXAP','01H4Z66YAF001BVFMX022C1V9J','now()','now()','2147483625'),
('01H4Z66YAE00X45ZVD013T80BH','01H4Z66YAF0372EXXZ0331VEF3','now()','now()','2147483625'),
('01H4Z66YAF0371K5JB003K748C','01H4Z66YAF001BVFMX022C1V9J','now()','now()','2147483625'),
('01H4Z66YAF0371K5JB003K748C','01H4Z66YAF029BTRQG01E2K1BV','now()','now()','2147483625'),
('01H4Z66YAE01591RCW03HTG5KF','01H4Z66YAE00AR09RQ028NJBTT','now()','now()','2147483625'),
('01H4Z66YAF01F3499002RGSQB5','01H4Z66YAF029BTRQG01E2K1BV','now()','now()','2147483625'),
('01H4Z66YAE00DCSTE202ME9GN3','01H4Z66YAE022M50ZG00QJ1GEV','now()','now()','2147483625'),
('01H4Z66YAE009WN6ES02ZQEAYC','01H4Z66YAF00WDQWF302GTVK9V','now()','now()','2147483625'),
('01H4Z66YAE02BC7BTA03NQG39J','01H4Z66YAF029BTRQG01E2K1BV','now()','now()','2147483625'),
('01H4Z66YAE034XFD2X023KVNS3','01H4Z66YAE00AR09RQ028NJBTT','now()','now()','2147483625'),
('01H4Z66YAE034XFD2X023KVNS3','01H4Z66YAF001BVFMX022C1V9J','now()','now()','2147483625'),
('01H4Z66YAE0071F8ZY010V5WVY','01H4Z66YAF001BVFMX022C1V9J','now()','now()','2147483625'),
('01H4Z66YAE0071F8ZY010V5WVY','01H4Z66YAF029BTRQG01E2K1BV','now()','now()','2147483625'),
('01H4Z66YAE00Z9N4QH00GWG8SD','01H4Z66YAF029BTRQG01E2K1BV','now()','now()','2147483625'),
('01H4Z66YAE02KKVJS4017CKWA9','01H4Z66YAF001BVFMX022C1V9J','now()','now()','2147483625'),
('01H4Z66YAE020NMZ3903BPY49R','01H4Z66YAF0372EXXZ0331VEF3','now()','now()','2147483625'),
('01H4Z66YAE012HYT4M038JGCKN','01H4Z66YAE022M50ZG00QJ1GEV','now()','now()','2147483625'),
('01H4Z66YAE03SNB7M203JJZYQ2','01H4Z66YAE020M9YK300JP21Y6','now()','now()','2147483625'),
('01H4Z66YAE03SNB7M203JJZYQ2','01H4Z66YAF001BVFMX022C1V9J','now()','now()','2147483625'),
('01H4Z66YAE03NCHM1601HK3291','01H4Z66YAE02Q8KXNH03YN2ZRF','now()','now()','2147483625'),
('01H4Z66YAE03NCHM1601HK3291','01H4Z66YAE03JW7VJQ03MZ0JZQ','now()','now()','2147483625'),
('01H4Z66YAE0396DX3103CBDQGH','01H4Z66YAE00AR09RQ028NJBTT','now()','now()','2147483625'),
('01H4Z66YAE03P7KH19010HESJ3','01H4Z66YAE022M50ZG00QJ1GEV','now()','now()','2147483625'),
('01H4Z66YAE038ZAANH036HDXB1','01H4Z66YAF0372EXXZ0331VEF3','now()','now()','2147483625'),
('01H4Z66YAE02TDNW6Y02FMRQ2Z','01H4Z66YAF0372EXXZ0331VEF3','now()','now()','2147483625'),
('01H4Z66YAE02TDNW6Y02FMRQ2Z','01H4Z66YAE000FEZ8W03X2NXRE','now()','now()','2147483625'),
('01H4Z66YAE00BWAK4002W391N4','01H4Z66YAE020M9YK300JP21Y6','now()','now()','2147483625'),
('01H4Z66YAE00BWAK4002W391N4','01H4Z66YAE00JQQ5FN02PXFAA4','now()','now()','2147483625'),
('01H4Z66YAE027MMYZ602KX19BA','01H4Z66YAF001BVFMX022C1V9J','now()','now()','2147483625'),
('01H4Z66YAE027MMYZ602KX19BA','01H4Z66YAF0372EXXZ0331VEF3','now()','now()','2147483625'),
('01H4Z66YAE01C5SRC303KB6J0K','01H4Z66YAE03JW7VJQ03MZ0JZQ','now()','now()','2147483625'),
('01H4Z66YAE020H1FDP000V6YS7','01H4Z66YAE03JW7VJQ03MZ0JZQ','now()','now()','2147483625'),
('01H4Z66YAE0245Z74601TZGQEE','01H4Z66YAF0372EXXZ0331VEF3','now()','now()','2147483625'),
('01H4Z66YAE0245Z74601TZGQEE','01H4Z66YAF001BVFMX022C1V9J','now()','now()','2147483625'),
('01H4Z66YAE014PWB0P0171HAFJ','01H4Z66YAE02Q8KXNH03YN2ZRF','now()','now()','2147483625'),
('01H4Z66YAE006WRWJQ027KXW67','01H4Z66YAF001BVFMX022C1V9J','now()','now()','2147483625'),
('01H4Z66YAE00F1ATW20020CTBN','01H4Z66YAE000FEZ8W03X2NXRE','now()','now()','2147483625'),
('01H4Z66YAE00F1ATW20020CTBN','01H4Z66YAE00AR09RQ028NJBTT','now()','now()','2147483625'),
('01H4Z66YAE014FT85X01BKEBJW','01H4Z66YAF029BTRQG01E2K1BV','now()','now()','2147483625'),
('01H4Z66YAE00MJDP2C00CW47Z4','01H4Z66YAF029BTRQG01E2K1BV','now()','now()','2147483625'),
('01H4Z66YAE00MJDP2C00CW47Z4','01H4Z66YAF0372EXXZ0331VEF3','now()','now()','2147483625'),
('01H4Z66YAF03BVTNTE03WWEKFQ','01H4Z66YAE03JW7VJQ03MZ0JZQ','now()','now()','2147483625'),
('01H4Z66YAF03BVTNTE03WWEKFQ','01H4Z66YAE022M50ZG00QJ1GEV','now()','now()','2147483625'),
('01H4Z66YAE01591RCW03HTG5KF','01H4Z66YAF00WDQWF302GTVK9V','now()','now()','2147483625'),
('01H4Z66YAE034XFD2X023KVNS3','01H4Z66YAE022M50ZG00QJ1GEV','now()','now()','2147483625'),
('01H4Z66YAE0071F8ZY010V5WVY','01H4Z66YAE022M50ZG00QJ1GEV','now()','now()','2147483625'),
('01H4Z66YAE0071F8ZY010V5WVY','01H4Z66YAE00AR09RQ028NJBTT','now()','now()','2147483625'),
('01H4Z66YAE02KKVJS4017CKWA9','01H4Z66YAE009TAC8501JBKYWB','now()','now()','2147483625'),
('01H4Z66YAE020NMZ3903BPY49R','01H4Z66YAE009TAC8501JBKYWB','now()','now()','2147483625'),
('01H4Z66YAE0031HN7203BFE3B7','01H4Z66YAE009TAC8501JBKYWB','now()','now()','2147483625'),
('01H4Z66YAE0031HN7203BFE3B7','01H4Z66YAE022M50ZG00QJ1GEV','now()','now()','2147483625'),
('01H4Z66YAE02RKHBHN02B9FSS8','01H4Z66YAE02Q8KXNH03YN2ZRF','now()','now()','2147483625'),
('01H4Z66YAE02RKHBHN02B9FSS8','01H4Z66YAF0372EXXZ0331VEF3','now()','now()','2147483625'),
('01H4Z66YAE03TRWN8M00N2JC1F','01H4Z66YAF001BVFMX022C1V9J','now()','now()','2147483625'),
('01H4Z66YAE03TRWN8M00N2JC1F','01H4Z66YAE00JQQ5FN02PXFAA4','now()','now()','2147483625'),
('01H4Z66YAE038ZAANH036HDXB1','01H4Z66YAE022M50ZG00QJ1GEV','now()','now()','2147483625'),
('01H4Z66YAE00BWAK4002W391N4','01H4Z66YAE00AR09RQ028NJBTT','now()','now()','2147483625'),
('01H4Z66YAE027MMYZ602KX19BA','01H4Z66YAE01ZSH95E02GEVQF7','now()','now()','2147483625'),
('01H4Z66YAE01C5SRC303KB6J0K','01H4Z66YAE01RVCF4A02E05B52','now()','now()','2147483625'),
('01H4Z66YAE01C5SRC303KB6J0K','01H4Z66YAE02Q8KXNH03YN2ZRF','now()','now()','2147483625'),
('01H4Z66YAE01C5SRC303KB6J0K','01H4Z66YAE01ZSH95E02GEVQF7','now()','now()','2147483625'),
('01H4Z66YAE01C5SRC303KB6J0K','01H4Z66YAF029BTRQG01E2K1BV','now()','now()','2147483625'),
('01H4Z66YAE03WJ42ST02YKWPQJ','01H4Z66YAE01ZSH95E02GEVQF7','now()','now()','2147483625'),
('01H4Z66YAE020H1FDP000V6YS7','01H4Z66YAF029BTRQG01E2K1BV','now()','now()','2147483625'),
('01H4Z66YAE020H1FDP000V6YS7','01H4Z66YAE01ZSH95E02GEVQF7','now()','now()','2147483625'),
('01H4Z66YAE006WRWJQ027KXW67','01H4Z66YAF029BTRQG01E2K1BV','now()','now()','2147483625'),
('01H4Z66YAE00F1ATW20020CTBN','01H4Z66YAE01ZSH95E02GEVQF7','now()','now()','2147483625'),
('01H4Z66YAE00F1ATW20020CTBN','01H4Z66YAF001BVFMX022C1V9J','now()','now()','2147483625'),
('01H4Z66YAE014FT85X01BKEBJW','01H4Z66YAE02Q8KXNH03YN2ZRF','now()','now()','2147483625'),
('01H4Z66YAE014FT85X01BKEBJW','01H4Z66YAF0372EXXZ0331VEF3','now()','now()','2147483625'),
('01H4Z66YAE010KFV3J03E4XBVB','01H4Z66YAF001BVFMX022C1V9J','now()','now()','2147483625'),
('01H4Z66YAE03NK1PVG02YXBXAP','01H4Z66YAE02Q8KXNH03YN2ZRF','now()','now()','2147483625'),
('01H4Z66YAE03NK1PVG02YXBXAP','01H4Z66YAE022M50ZG00QJ1GEV','now()','now()','2147483625'),
('01H4Z66YAE00X45ZVD013T80BH','01H4Z66YAE022M50ZG00QJ1GEV','now()','now()','2147483625'),
('01H4Z66YAF0371K5JB003K748C','01H4Z66YAF0372EXXZ0331VEF3','now()','now()','2147483625'),
('01H4Z66YAF0371K5JB003K748C','01H4Z66YAE00AR09RQ028NJBTT','now()','now()','2147483625'),
('01H4Z66YAE01591RCW03HTG5KF','01H4Z66YAF001BVFMX022C1V9J','now()','now()','2147483625'),
('01H4Z66YAE00DCSTE202ME9GN3','01H4Z66YAF0372EXXZ0331VEF3','now()','now()','2147483625'),
('01H4Z66YAE03GQPK2603TFYA7H','01H4Z66YAF029BTRQG01E2K1BV','now()','now()','2147483625'),
('01H4Z66YAF03BVTNTE03WWEKFQ','01H4Z66YAF029BTRQG01E2K1BV','now()','now()','2147483625'),
('01H4Z66YAF03BVTNTE03WWEKFQ','01H4Z66YAF0372EXXZ0331VEF3','now()','now()','2147483625'),
('01H4Z66YAF019T0Q5P00FWSK8M','01H4Z66YAF001BVFMX022C1V9J','now()','now()','2147483625'),
('01H4Z66YAF02J2ME2400Z2TW1X','01H4Z66YAF029BTRQG01E2K1BV','now()','now()','2147483625'),
('01H4Z66YAF02D7SR0201R9F6GC','01H4Z66YAF029BTRQG01E2K1BV','now()','now()','2147483625'),
('01H4Z66YAF01F3499002RGSQB5','01H4Z66YAF00WDQWF302GTVK9V','now()','now()','2147483625'),
('01H4Z66YAF0371K5JB003K748C','01H4Z66YAF00WDQWF302GTVK9V','now()','now()','2147483625')
ON CONFLICT DO NOTHING;


INSERT INTO user_group (user_group_id,user_group_name,is_system,created_at,updated_at,resource_path) VALUES
('01H4Z66YAF03JC7EQT00Z2WJ7P','Teacher',true,'now()','now()','2147483625'),
('01H4Z66YAF03Z3F728027Z0EMZ','HQ Staff',true,'now()','now()','2147483625'),
('01H4Z66YAF027CDMFX00PH8HJR','Centre Manager',true,'now()','now()','2147483625'),
('01H4Z66YAF01EDQFFX034E4XVH','Centre Lead',true,'now()','now()','2147483625'),
('01H4Z66YAF00NKNABX00JY07CC','School Admin',true,'now()','now()','2147483625'),
('01H4Z66YAF005EH3G801QHR6KZ','PaymentScheduleJob',true,'now()','now()','2147483625'),
('01H4Z66YAF0164YQ2K00S7EGH2','OpenAPI',true,'now()','now()','2147483625'),
('01H4Z66YAF01H14FHQ02J8T5F9','Parent',true,'now()','now()','2147483625'),
('01H4Z66YAF01HZB6AA00SZ1KF8','Centre Staff',true,'now()','now()','2147483625'),
('01H4Z66YAF03GG6FB100HGSVZ3','Student',true,'now()','now()','2147483625'),
('01H4Z66YAF03AJ9YHD01Y8HX8M','Teacher Lead',true,'now()','now()','2147483625'),
('01H4Z66YAF01Q6STWF03XT3QEH','NotificationScheduleJob',true,'now()','now()','2147483625'),
('01H4Z66YAF027Z571K02FS5EEP','UsermgmtScheduleJob',true,'now()','now()','2147483625'),
('01H4Z66YAF02SXFSA602JD46RG','VirtualClassroomScheduleJob',true,'now()','now()','2147483625')
ON CONFLICT DO NOTHING;


INSERT INTO granted_role (granted_role_id,user_group_id,role_id,created_at,updated_at,resource_path) VALUES
('01H4Z66YAF01VM046000PFWNFY','01H4Z66YAF03JC7EQT00Z2WJ7P','01H4Z66YAE01RVCF4A02E05B52','now()','now()','2147483625'),
('01H4Z66YAF01CKP2G400YVG4MG','01H4Z66YAF03Z3F728027Z0EMZ','01H4Z66YAF001BVFMX022C1V9J','now()','now()','2147483625'),
('01H4Z66YAF00Y03QMH02YA1GEH','01H4Z66YAF027CDMFX00PH8HJR','01H4Z66YAF0372EXXZ0331VEF3','now()','now()','2147483625'),
('01H4Z66YAF03Q3826W00XMTFPK','01H4Z66YAF01EDQFFX034E4XVH','01H4Z66YAE00AR09RQ028NJBTT','now()','now()','2147483625'),
('01H4Z66YAF01E8M78K02ST20D8','01H4Z66YAF00NKNABX00JY07CC','01H4Z66YAF029BTRQG01E2K1BV','now()','now()','2147483625'),
('01H4Z66YAF00HYH6WS007R29SZ','01H4Z66YAF005EH3G801QHR6KZ','01H4Z66YAE009TAC8501JBKYWB','now()','now()','2147483625'),
('01H4Z66YAF03QZSBW603NT3CGP','01H4Z66YAF0164YQ2K00S7EGH2','01H4Z66YAF00WDQWF302GTVK9V','now()','now()','2147483625'),
('01H4Z66YAF02KZX1T601V86H3N','01H4Z66YAF01H14FHQ02J8T5F9','01H4Z66YAE03JW7VJQ03MZ0JZQ','now()','now()','2147483625'),
('01H4Z66YAF02FZ4A4W02V7M55X','01H4Z66YAF01HZB6AA00SZ1KF8','01H4Z66YAE022M50ZG00QJ1GEV','now()','now()','2147483625'),
('01H4Z66YAF02TZT5SR03CSW2DK','01H4Z66YAF03GG6FB100HGSVZ3','01H4Z66YAE02Q8KXNH03YN2ZRF','now()','now()','2147483625'),
('01H4Z66YAF030ESZTR01AA4R4V','01H4Z66YAF03AJ9YHD01Y8HX8M','01H4Z66YAE000FEZ8W03X2NXRE','now()','now()','2147483625'),
('01H4Z66YAF03PENA7G010R8EZK','01H4Z66YAF01Q6STWF03XT3QEH','01H4Z66YAE020M9YK300JP21Y6','now()','now()','2147483625'),
('01H4Z66YAF00WJPY9801S0Z8GM','01H4Z66YAF027Z571K02FS5EEP','01H4Z66YAE01ZSH95E02GEVQF7','now()','now()','2147483625'),
('01H4Z66YAF01C5MHH600JFW7GX','01H4Z66YAF02SXFSA602JD46RG','01H4Z66YAE00JQQ5FN02PXFAA4','now()','now()','2147483625')
ON CONFLICT DO NOTHING;


INSERT INTO granted_role_access_path (granted_role_id,location_id,created_at,updated_at,resource_path) VALUES
('01H4Z66YAF01VM046000PFWNFY','01H4Z66YAB00CDJ6A701S32BNF','now()','now()','2147483625'),
('01H4Z66YAF01CKP2G400YVG4MG','01H4Z66YAB00CDJ6A701S32BNF','now()','now()','2147483625'),
('01H4Z66YAF00Y03QMH02YA1GEH','01H4Z66YAB00CDJ6A701S32BNF','now()','now()','2147483625'),
('01H4Z66YAF03Q3826W00XMTFPK','01H4Z66YAB00CDJ6A701S32BNF','now()','now()','2147483625'),
('01H4Z66YAF01E8M78K02ST20D8','01H4Z66YAB00CDJ6A701S32BNF','now()','now()','2147483625'),
('01H4Z66YAF00HYH6WS007R29SZ','01H4Z66YAB00CDJ6A701S32BNF','now()','now()','2147483625'),
('01H4Z66YAF03QZSBW603NT3CGP','01H4Z66YAB00CDJ6A701S32BNF','now()','now()','2147483625'),
('01H4Z66YAF02KZX1T601V86H3N','01H4Z66YAB00CDJ6A701S32BNF','now()','now()','2147483625'),
('01H4Z66YAF02FZ4A4W02V7M55X','01H4Z66YAB00CDJ6A701S32BNF','now()','now()','2147483625'),
('01H4Z66YAF02TZT5SR03CSW2DK','01H4Z66YAB00CDJ6A701S32BNF','now()','now()','2147483625'),
('01H4Z66YAF030ESZTR01AA4R4V','01H4Z66YAB00CDJ6A701S32BNF','now()','now()','2147483625'),
('01H4Z66YAF03PENA7G010R8EZK','01H4Z66YAB00CDJ6A701S32BNF','now()','now()','2147483625'),
('01H4Z66YAF00WJPY9801S0Z8GM','01H4Z66YAB00CDJ6A701S32BNF','now()','now()','2147483625'),
('01H4Z66YAF01C5MHH600JFW7GX','01H4Z66YAB00CDJ6A701S32BNF','now()','now()','2147483625')
ON CONFLICT DO NOTHING;


--- Create PaymentScheduleJob account -----
INSERT INTO public.users
(user_id, country, name, avatar, phone_number, email, device_token, allow_notification, user_group, updated_at, created_at, is_tester, facebook_id, platform, phone_verified, email_verified, deleted_at, given_name, resource_path, is_system)
VALUES('01H4Z66YAF01X0CAGC02NQX8FA', 'COUNTRY_JP', 'Payment Schedule Job', '', NULL, 'schedule_job+payment@manabie.com', NULL, NULL, 'USER_GROUP_SCHOOL_ADMIN', now(), now(), NULL, NULL, NULL, NULL, NULL, NULL, NULL, '2147483625', true)
ON CONFLICT DO NOTHING;

INSERT INTO user_group_member(
user_id,
user_group_id,
created_at,
updated_at,
resource_path
) VALUES
('01H4Z66YAF01X0CAGC02NQX8FA', '01H4Z66YAF005EH3G801QHR6KZ', now(), now(), '2147483625') ON CONFLICT DO NOTHING;

INSERT INTO staff
(staff_id, created_at, updated_at, deleted_at, resource_path, auto_create_timesheet, working_status, start_date, end_date)
VALUES ('01H4Z66YAF01X0CAGC02NQX8FA', now(), now(), NULL, '2147483625', DEFAULT, DEFAULT, NULL, NULL) ON CONFLICT DO NOTHING;

--- Create NotificationScheduleJob account -----
INSERT INTO public.users
(user_id, country, name, avatar, phone_number, email, device_token, allow_notification, user_group, updated_at, created_at, is_tester, facebook_id, platform, phone_verified, email_verified, deleted_at, given_name, resource_path, is_system)
VALUES('01H4Z66YAF008QR7BZ00JCXZ9X', 'COUNTRY_JP', 'Notification Schedule Job', '', NULL, 'schedule_job+notification@manabie.com', NULL, NULL, 'USER_GROUP_SCHOOL_ADMIN', now(), now(), NULL, NULL, NULL, NULL, NULL, NULL, NULL, '2147483625', true)
ON CONFLICT DO NOTHING;

INSERT INTO user_group_member(
user_id,
user_group_id,
created_at,
updated_at,
resource_path
) VALUES
('01H4Z66YAF008QR7BZ00JCXZ9X', '01H4Z66YAF01Q6STWF03XT3QEH', now(), now(), '2147483625') ON CONFLICT DO NOTHING;

INSERT INTO staff
(staff_id, created_at, updated_at, deleted_at, resource_path, auto_create_timesheet, working_status, start_date, end_date)
VALUES ('01H4Z66YAF008QR7BZ00JCXZ9X', now(), now(), NULL, '2147483625', DEFAULT, DEFAULT, NULL, NULL) ON CONFLICT DO NOTHING;

--- Create UsermgmtScheduleJob account -----
INSERT INTO public.users
(user_id, country, name, avatar, phone_number, email, device_token, allow_notification, user_group, updated_at, created_at, is_tester, facebook_id, platform, phone_verified, email_verified, deleted_at, given_name, resource_path, is_system)
VALUES('01H4Z66YAF00XC7Q0Y02RVG9AY', 'COUNTRY_JP', 'Usermgmt Schedule Job', '', NULL, 'schedule_job+usermgmt@manabie.com', NULL, NULL, 'USER_GROUP_SCHOOL_ADMIN', now(), now(), NULL, NULL, NULL, NULL, NULL, NULL, NULL, '2147483625', true)
ON CONFLICT DO NOTHING;

INSERT INTO user_group_member(
user_id,
user_group_id,
created_at,
updated_at,
resource_path
) VALUES
('01H4Z66YAF00XC7Q0Y02RVG9AY', '01H4Z66YAF027Z571K02FS5EEP', now(), now(), '2147483625') ON CONFLICT DO NOTHING;

INSERT INTO staff
(staff_id, created_at, updated_at, deleted_at, resource_path, auto_create_timesheet, working_status, start_date, end_date)
VALUES ('01H4Z66YAF00XC7Q0Y02RVG9AY', now(), now(), NULL, '2147483625', DEFAULT, DEFAULT, NULL, NULL) ON CONFLICT DO NOTHING;

--- Create VirtualClassroomScheduleJob account -----
INSERT INTO public.users
(user_id, country, name, avatar, phone_number, email, device_token, allow_notification, user_group, updated_at, created_at, is_tester, facebook_id, platform, phone_verified, email_verified, deleted_at, given_name, resource_path, is_system)
VALUES('01H4Z66YAF00S168BJ02B08JHA', 'COUNTRY_JP', 'VirtualClassroom Schedule Job', '', NULL, 'schedule_job+virtualclassroom@manabie.com', NULL, NULL, 'USER_GROUP_SCHOOL_ADMIN', now(), now(), NULL, NULL, NULL, NULL, NULL, NULL, NULL, '2147483625', true)
ON CONFLICT DO NOTHING;

INSERT INTO user_group_member(
user_id,
user_group_id,
created_at,
updated_at,
resource_path
) VALUES
('01H4Z66YAF00S168BJ02B08JHA', '01H4Z66YAF02SXFSA602JD46RG', now(), now(), '2147483625') ON CONFLICT DO NOTHING;

INSERT INTO staff
(staff_id, created_at, updated_at, deleted_at, resource_path, auto_create_timesheet, working_status, start_date, end_date)
VALUES ('01H4Z66YAF00S168BJ02B08JHA', now(), now(), NULL, '2147483625', DEFAULT, DEFAULT, NULL, NULL) ON CONFLICT DO NOTHING;