------ Usermgmt Salesforce ------
INSERT INTO public.location_types (location_type_id, name, "display_name", resource_path, updated_at, created_at)
VALUES ('01H5P628QM02RN623302TH23AQ','org','Usermgmt Salesforce', '100013', now(), now()) ON CONFLICT DO NOTHING;


INSERT INTO public.locations (location_id, name, location_type, partner_internal_id, partner_internal_parent_id, parent_location_id, resource_path, updated_at, created_at,access_path)
VALUES ('01H5P628QM02RN623302TH23AQ', 'Usermgmt Salesforce', '01H5P628QM02RN623302TH23AQ',NULL, NULL, NULL, '100013', now(), now(), '01H5P628QM02RN623302TH23AQ') ON CONFLICT DO NOTHING;


INSERT INTO organizations (organization_id, tenant_id, name, resource_path, domain_name, logo_url, country, created_at, updated_at, deleted_at)
VALUES ('100013', 'usermgmt-salesforce-gpkzt', 'Usermgmt Salesforce', '100013', 'usermgmt-sf', '', 'COUNTRY_JP', now(), now(), null) ON CONFLICT DO NOTHING;


INSERT INTO public.organization_auths (organization_id, auth_project_id, auth_tenant_id)
VALUES (100013, 'student-coach-e1e95', 'usermgmt-salesforce-gpkzt') ON CONFLICT DO NOTHING;


INSERT INTO schools (school_id, name, country, city_id, district_id, point, is_system_school, created_at, updated_at, is_merge, phone_number, deleted_at, resource_path)
VALUES (100013, 'Usermgmt Salesforce', 'COUNTRY_JP', 1,  1, null,  false, now(), now(), false, null,  null, '100013') ON CONFLICT DO NOTHING;


INSERT INTO "permission" (permission_id,permission_name,created_at,updated_at,resource_path) VALUES
('01H5P628QN02Y260D00237K9DC','entryexit.student_entryexit_records.write','now()','now()','100013'),
('01H5P628QP00HX9M71036WA36W','entryexit.student_entryexit_records.read','now()','now()','100013'),
('01H5P628QP02JYJ4Z003J03F4S','entryexit.student_qr.write','now()','now()','100013'),
('01H5P628QP00Q1MDH700JW95PA','entryexit.student_qr.read','now()','now()','100013'),
('01H5P628QP02759P2S00XS7PPP','payment.payment.read','now()','now()','100013'),
('01H5P628QP00SY0MRG00HE75P9','payment.student_product.read','now()','now()','100013'),
('01H5P628QP00GE5Y9N00W21FEE','payment.student_product.write','now()','now()','100013'),
('01H5P628QQ03S8A99E01PGG7KR','payment.bill_item.read','now()','now()','100013'),
('01H5P628QQ02M78PN802D2EK8G','payment.bill_item.write','now()','now()','100013'),
('01H5P628QQ028FCB2E00ADH8VR','master.location.read','now()','now()','100013'),
('01H5P628QQ01BPDJTT03KHEDKK','payment.order.read','now()','now()','100013'),
('01H5P628QQ038N5ZRX019B84RP','communication.notification.read','now()','now()','100013'),
('01H5P628QQ021AHF3C01QMMTZ4','communication.notification.write','now()','now()','100013'),
('01H5P628QQ00DY7C0100423R7X','communication.notification.owner','now()','now()','100013'),
('01H5P628QR005SF1VY01JXGGSJ','communication.conversation.read','now()','now()','100013'),
('01H5P628QR004N91HE002K6KGK','communication.conversation.write','now()','now()','100013'),
('01H5P628QR03NYMB3302VYKKAA','lesson.lesson.write','now()','now()','100013'),
('01H5P628QR024MCHNP0023EV12','lesson.lesson.read','now()','now()','100013'),
('01H5P628QR00EAQE4M017YZRFX','lesson.lessonmember.read','now()','now()','100013'),
('01H5P628QR02QD29GR03W8AK55','lesson.lessonmember.write','now()','now()','100013'),
('01H5P628QR01FZTXPR01F7YZG4','lesson.reallocation.read','now()','now()','100013'),
('01H5P628QR03T1XB6M016M2021','lesson.reallocation.write','now()','now()','100013'),
('01H5P628QS00Z7XBH2019AMSB8','timesheet.timesheet.read','now()','now()','100013'),
('01H5P628QS03TRA920026SHBD7','timesheet.timesheet.write','now()','now()','100013'),
('01H5P628QS02SSF5SB021XEW9T','user.user.read','now()','now()','100013'),
('01H5P628QS03FGN1JK002S8XVM','user.user.write','now()','now()','100013'),
('01H5P628QS03P1XS0803E7WTKD','user.student.read','now()','now()','100013'),
('01H5P628QS00K71N4B02RBFNN5','user.student.write','now()','now()','100013'),
('01H5P628QS01SH5VDB02SD5XAH','user.parent.read','now()','now()','100013'),
('01H5P628QS02HDQVGF002M4JR6','user.parent.write','now()','now()','100013'),
('01H5P628QS032FB9EV0123N3T2','user.staff.read','now()','now()','100013'),
('01H5P628QS0182ZRVM037RKCH2','user.staff.write','now()','now()','100013'),
('01H5P628QT01EWREQ100ASMJNB','user.usergroup.read','now()','now()','100013'),
('01H5P628QT02127TZ403KJEA3K','user.usergroup.write','now()','now()','100013'),
('01H5P628QT02H86ABJ01G1TEFT','user.usergroupmember.write','now()','now()','100013'),
('01H5P628QT01TG1ZK703FHAS8Q','user.usergroupmember.read','now()','now()','100013'),
('01H5P628QT02HPM8GF00FT9S7V','user.student_course.write','now()','now()','100013'),
('01H5P628QT007X27NV00PYHGXG','virtualclassroom.room_state.read','now()','now()','100013'),
('01H5P628QT03G9PWQG00WNCR4H','virtualclassroom.room_state.write','now()','now()','100013'),
('01H5P628QT00GVGN9R03BVNTDC','payment.order.write','now()','now()','100013'),
('01H5P628QT02A9GB6002J5KY09','payment.student_payment_detail.read','now()','now()','100013'),
('01H5P628QT01YED0JJ00HZZN1M','payment.student_payment_detail.write','now()','now()','100013'),
('01H5P628QT01FMC29R01VBYW9X','payment.billing_address.read','now()','now()','100013'),
('01H5P628QT01H2JJ8P02FHBAYR','payment.billing_address.write','now()','now()','100013'),
('01H5P628QT00BQVEZK0024C6FW','payment.bank_account.read','now()','now()','100013'),
('01H5P628QT03Z00QWN00DH49ZE','payment.bank_account.write','now()','now()','100013'),
('01H5P628QT006QFRYK01SK95K7','payment.invoice.read','now()','now()','100013'),
('01H5P628QT004SFPP702WW9J01','payment.invoice.write','now()','now()','100013'),
('01H5P628QT004CDBYT00B986F7','payment.payment.write','now()','now()','100013'),
('01H5P628QT00PQPYZ701S9VAB4','user.student_enrollment_status_history.read','now()','now()','100013'),
('01H5P628QT01YWKW9Y019GTFPN','master.course.read','now()','now()','100013'),
('01H5P628QT03WEXC0J022PG3S6','master.course.write','now()','now()','100013'),
('01H5P628QT0080K7XQ01WTJ44R','master.location.write','now()','now()','100013'),
('01H5P628QT00MGH5K602Y07K6F','payment.product.read','now()','now()','100013'),
('01H5P628QT02DGMPQZ01190C88','payment.product.write','now()','now()','100013')
ON CONFLICT DO NOTHING;


INSERT INTO role (role_id,role_name,is_system,created_at,updated_at,resource_path) VALUES
('01H5P628QT03KG5KRW03YMW166','School Admin',false,'now()','now()','100013'),
('01H5P628QT03Q2C09600JXD5MX','HQ Staff',false,'now()','now()','100013'),
('01H5P628QT00PDRH6000RNVDXC','Centre Staff',false,'now()','now()','100013'),
('01H5P628QT01NJX2F602YJHQCA','Teacher',false,'now()','now()','100013'),
('01H5P628QT02K08J6V0127V33G','Centre Manager',false,'now()','now()','100013'),
('01H5P628QT00689GVV00JEXV6A','Centre Lead',false,'now()','now()','100013'),
('01H5P628QT01VV6BTF02RN1WE7','Student',true,'now()','now()','100013'),
('01H5P628QT0083P26E02TT4E60','Parent',true,'now()','now()','100013'),
('01H5P628QT02RGNK5702937NZ2','PaymentScheduleJob',true,'now()','now()','100013'),
('01H5P628QT02TAMPR8026QN9FB','OpenAPI',true,'now()','now()','100013'),
('01H5P628QT00TH546G032GMJJK','UsermgmtScheduleJob',true,'now()','now()','100013'),
('01H5P628QT02GJNSTW03FKMB5T','NotificationScheduleJob',true,'now()','now()','100013'),
('01H5P628QS01W6ECZ50246W29A','VirtualClassroomScheduleJob',true,'now()','now()','100013'),
('01H5P628QT03MQCGWE00RKAERP','Teacher Lead',false,'now()','now()','100013')
ON CONFLICT DO NOTHING;


INSERT INTO permission_role (permission_id,role_id,created_at,updated_at,resource_path) VALUES
('01H5P628QN02Y260D00237K9DC','01H5P628QT03KG5KRW03YMW166','now()','now()','100013'),
('01H5P628QN02Y260D00237K9DC','01H5P628QT03Q2C09600JXD5MX','now()','now()','100013'),
('01H5P628QN02Y260D00237K9DC','01H5P628QT00PDRH6000RNVDXC','now()','now()','100013'),
('01H5P628QN02Y260D00237K9DC','01H5P628QT01NJX2F602YJHQCA','now()','now()','100013'),
('01H5P628QN02Y260D00237K9DC','01H5P628QT02K08J6V0127V33G','now()','now()','100013'),
('01H5P628QN02Y260D00237K9DC','01H5P628QT00689GVV00JEXV6A','now()','now()','100013'),
('01H5P628QP00HX9M71036WA36W','01H5P628QT00689GVV00JEXV6A','now()','now()','100013'),
('01H5P628QP00HX9M71036WA36W','01H5P628QT01NJX2F602YJHQCA','now()','now()','100013'),
('01H5P628QP00HX9M71036WA36W','01H5P628QT01VV6BTF02RN1WE7','now()','now()','100013'),
('01H5P628QP00HX9M71036WA36W','01H5P628QT00PDRH6000RNVDXC','now()','now()','100013'),
('01H5P628QP00HX9M71036WA36W','01H5P628QT03Q2C09600JXD5MX','now()','now()','100013'),
('01H5P628QP00HX9M71036WA36W','01H5P628QT03KG5KRW03YMW166','now()','now()','100013'),
('01H5P628QP00HX9M71036WA36W','01H5P628QT02K08J6V0127V33G','now()','now()','100013'),
('01H5P628QP00HX9M71036WA36W','01H5P628QT0083P26E02TT4E60','now()','now()','100013'),
('01H5P628QP02JYJ4Z003J03F4S','01H5P628QT03Q2C09600JXD5MX','now()','now()','100013'),
('01H5P628QP02JYJ4Z003J03F4S','01H5P628QT01VV6BTF02RN1WE7','now()','now()','100013'),
('01H5P628QP02JYJ4Z003J03F4S','01H5P628QT02K08J6V0127V33G','now()','now()','100013'),
('01H5P628QP02JYJ4Z003J03F4S','01H5P628QT00PDRH6000RNVDXC','now()','now()','100013'),
('01H5P628QP02JYJ4Z003J03F4S','01H5P628QT03KG5KRW03YMW166','now()','now()','100013'),
('01H5P628QP02JYJ4Z003J03F4S','01H5P628QT00689GVV00JEXV6A','now()','now()','100013'),
('01H5P628QP00Q1MDH700JW95PA','01H5P628QT01VV6BTF02RN1WE7','now()','now()','100013'),
('01H5P628QP00Q1MDH700JW95PA','01H5P628QT01NJX2F602YJHQCA','now()','now()','100013'),
('01H5P628QP00Q1MDH700JW95PA','01H5P628QT02K08J6V0127V33G','now()','now()','100013'),
('01H5P628QP00Q1MDH700JW95PA','01H5P628QT03Q2C09600JXD5MX','now()','now()','100013'),
('01H5P628QP00Q1MDH700JW95PA','01H5P628QT0083P26E02TT4E60','now()','now()','100013'),
('01H5P628QP00Q1MDH700JW95PA','01H5P628QT03KG5KRW03YMW166','now()','now()','100013'),
('01H5P628QP00Q1MDH700JW95PA','01H5P628QT00PDRH6000RNVDXC','now()','now()','100013'),
('01H5P628QP00Q1MDH700JW95PA','01H5P628QT00689GVV00JEXV6A','now()','now()','100013'),
('01H5P628QP02759P2S00XS7PPP','01H5P628QT03KG5KRW03YMW166','now()','now()','100013'),
('01H5P628QP02759P2S00XS7PPP','01H5P628QT03Q2C09600JXD5MX','now()','now()','100013'),
('01H5P628QP00SY0MRG00HE75P9','01H5P628QT00PDRH6000RNVDXC','now()','now()','100013'),
('01H5P628QP00SY0MRG00HE75P9','01H5P628QT02RGNK5702937NZ2','now()','now()','100013'),
('01H5P628QP00SY0MRG00HE75P9','01H5P628QT02K08J6V0127V33G','now()','now()','100013'),
('01H5P628QP00SY0MRG00HE75P9','01H5P628QT00689GVV00JEXV6A','now()','now()','100013'),
('01H5P628QP00SY0MRG00HE75P9','01H5P628QT03Q2C09600JXD5MX','now()','now()','100013'),
('01H5P628QP00SY0MRG00HE75P9','01H5P628QT03KG5KRW03YMW166','now()','now()','100013'),
('01H5P628QP00GE5Y9N00W21FEE','01H5P628QT00PDRH6000RNVDXC','now()','now()','100013'),
('01H5P628QP00GE5Y9N00W21FEE','01H5P628QT03Q2C09600JXD5MX','now()','now()','100013'),
('01H5P628QP00GE5Y9N00W21FEE','01H5P628QT02K08J6V0127V33G','now()','now()','100013'),
('01H5P628QP00GE5Y9N00W21FEE','01H5P628QT02RGNK5702937NZ2','now()','now()','100013'),
('01H5P628QP00GE5Y9N00W21FEE','01H5P628QT03KG5KRW03YMW166','now()','now()','100013'),
('01H5P628QQ03S8A99E01PGG7KR','01H5P628QT02K08J6V0127V33G','now()','now()','100013'),
('01H5P628QQ03S8A99E01PGG7KR','01H5P628QT00689GVV00JEXV6A','now()','now()','100013'),
('01H5P628QQ03S8A99E01PGG7KR','01H5P628QT03KG5KRW03YMW166','now()','now()','100013'),
('01H5P628QQ03S8A99E01PGG7KR','01H5P628QT03Q2C09600JXD5MX','now()','now()','100013'),
('01H5P628QQ03S8A99E01PGG7KR','01H5P628QT00PDRH6000RNVDXC','now()','now()','100013'),
('01H5P628QQ03S8A99E01PGG7KR','01H5P628QT02RGNK5702937NZ2','now()','now()','100013'),
('01H5P628QQ02M78PN802D2EK8G','01H5P628QT02K08J6V0127V33G','now()','now()','100013'),
('01H5P628QQ02M78PN802D2EK8G','01H5P628QT00PDRH6000RNVDXC','now()','now()','100013'),
('01H5P628QQ02M78PN802D2EK8G','01H5P628QT03KG5KRW03YMW166','now()','now()','100013'),
('01H5P628QQ02M78PN802D2EK8G','01H5P628QT03Q2C09600JXD5MX','now()','now()','100013'),
('01H5P628QQ02M78PN802D2EK8G','01H5P628QT02RGNK5702937NZ2','now()','now()','100013'),
('01H5P628QQ028FCB2E00ADH8VR','01H5P628QT00689GVV00JEXV6A','now()','now()','100013'),
('01H5P628QQ028FCB2E00ADH8VR','01H5P628QT01NJX2F602YJHQCA','now()','now()','100013'),
('01H5P628QQ028FCB2E00ADH8VR','01H5P628QT03KG5KRW03YMW166','now()','now()','100013'),
('01H5P628QQ028FCB2E00ADH8VR','01H5P628QT01VV6BTF02RN1WE7','now()','now()','100013'),
('01H5P628QQ028FCB2E00ADH8VR','01H5P628QT0083P26E02TT4E60','now()','now()','100013'),
('01H5P628QQ028FCB2E00ADH8VR','01H5P628QT03Q2C09600JXD5MX','now()','now()','100013'),
('01H5P628QQ028FCB2E00ADH8VR','01H5P628QT02K08J6V0127V33G','now()','now()','100013'),
('01H5P628QQ028FCB2E00ADH8VR','01H5P628QT00PDRH6000RNVDXC','now()','now()','100013'),
('01H5P628QQ028FCB2E00ADH8VR','01H5P628QT02TAMPR8026QN9FB','now()','now()','100013'),
('01H5P628QQ028FCB2E00ADH8VR','01H5P628QT00TH546G032GMJJK','now()','now()','100013'),
('01H5P628QQ01BPDJTT03KHEDKK','01H5P628QT03Q2C09600JXD5MX','now()','now()','100013'),
('01H5P628QQ01BPDJTT03KHEDKK','01H5P628QT03KG5KRW03YMW166','now()','now()','100013'),
('01H5P628QQ01BPDJTT03KHEDKK','01H5P628QT02RGNK5702937NZ2','now()','now()','100013'),
('01H5P628QQ01BPDJTT03KHEDKK','01H5P628QT00PDRH6000RNVDXC','now()','now()','100013'),
('01H5P628QQ01BPDJTT03KHEDKK','01H5P628QT02K08J6V0127V33G','now()','now()','100013'),
('01H5P628QQ01BPDJTT03KHEDKK','01H5P628QT00689GVV00JEXV6A','now()','now()','100013'),
('01H5P628QQ038N5ZRX019B84RP','01H5P628QT02GJNSTW03FKMB5T','now()','now()','100013'),
('01H5P628QQ038N5ZRX019B84RP','01H5P628QT0083P26E02TT4E60','now()','now()','100013'),
('01H5P628QQ038N5ZRX019B84RP','01H5P628QT01NJX2F602YJHQCA','now()','now()','100013'),
('01H5P628QQ038N5ZRX019B84RP','01H5P628QT01VV6BTF02RN1WE7','now()','now()','100013'),
('01H5P628QQ038N5ZRX019B84RP','01H5P628QT03Q2C09600JXD5MX','now()','now()','100013'),
('01H5P628QQ038N5ZRX019B84RP','01H5P628QT02K08J6V0127V33G','now()','now()','100013'),
('01H5P628QQ038N5ZRX019B84RP','01H5P628QT03KG5KRW03YMW166','now()','now()','100013'),
('01H5P628QQ038N5ZRX019B84RP','01H5P628QT00PDRH6000RNVDXC','now()','now()','100013'),
('01H5P628QQ021AHF3C01QMMTZ4','01H5P628QT02GJNSTW03FKMB5T','now()','now()','100013'),
('01H5P628QQ021AHF3C01QMMTZ4','01H5P628QT03KG5KRW03YMW166','now()','now()','100013'),
('01H5P628QQ021AHF3C01QMMTZ4','01H5P628QT03Q2C09600JXD5MX','now()','now()','100013'),
('01H5P628QQ00DY7C0100423R7X','01H5P628QT02K08J6V0127V33G','now()','now()','100013'),
('01H5P628QQ00DY7C0100423R7X','01H5P628QT00PDRH6000RNVDXC','now()','now()','100013'),
('01H5P628QQ00DY7C0100423R7X','01H5P628QT01NJX2F602YJHQCA','now()','now()','100013'),
('01H5P628QR005SF1VY01JXGGSJ','01H5P628QT01VV6BTF02RN1WE7','now()','now()','100013'),
('01H5P628QR005SF1VY01JXGGSJ','01H5P628QT01NJX2F602YJHQCA','now()','now()','100013'),
('01H5P628QR005SF1VY01JXGGSJ','01H5P628QT0083P26E02TT4E60','now()','now()','100013'),
('01H5P628QR004N91HE002K6KGK','01H5P628QT01VV6BTF02RN1WE7','now()','now()','100013'),
('01H5P628QR004N91HE002K6KGK','01H5P628QT0083P26E02TT4E60','now()','now()','100013'),
('01H5P628QR004N91HE002K6KGK','01H5P628QT01NJX2F602YJHQCA','now()','now()','100013'),
('01H5P628QR03NYMB3302VYKKAA','01H5P628QT03Q2C09600JXD5MX','now()','now()','100013'),
('01H5P628QR03NYMB3302VYKKAA','01H5P628QT01VV6BTF02RN1WE7','now()','now()','100013'),
('01H5P628QR03NYMB3302VYKKAA','01H5P628QT00PDRH6000RNVDXC','now()','now()','100013'),
('01H5P628QR03NYMB3302VYKKAA','01H5P628QT01NJX2F602YJHQCA','now()','now()','100013'),
('01H5P628QR03NYMB3302VYKKAA','01H5P628QT02K08J6V0127V33G','now()','now()','100013'),
('01H5P628QR03NYMB3302VYKKAA','01H5P628QT03KG5KRW03YMW166','now()','now()','100013'),
('01H5P628QR024MCHNP0023EV12','01H5P628QT00689GVV00JEXV6A','now()','now()','100013'),
('01H5P628QR024MCHNP0023EV12','01H5P628QT01NJX2F602YJHQCA','now()','now()','100013'),
('01H5P628QR024MCHNP0023EV12','01H5P628QT02K08J6V0127V33G','now()','now()','100013'),
('01H5P628QR024MCHNP0023EV12','01H5P628QT03KG5KRW03YMW166','now()','now()','100013'),
('01H5P628QR024MCHNP0023EV12','01H5P628QT03Q2C09600JXD5MX','now()','now()','100013'),
('01H5P628QR024MCHNP0023EV12','01H5P628QS01W6ECZ50246W29A','now()','now()','100013'),
('01H5P628QR024MCHNP0023EV12','01H5P628QT0083P26E02TT4E60','now()','now()','100013'),
('01H5P628QR024MCHNP0023EV12','01H5P628QT03MQCGWE00RKAERP','now()','now()','100013'),
('01H5P628QR024MCHNP0023EV12','01H5P628QT01VV6BTF02RN1WE7','now()','now()','100013'),
('01H5P628QR024MCHNP0023EV12','01H5P628QT00PDRH6000RNVDXC','now()','now()','100013'),
('01H5P628QR00EAQE4M017YZRFX','01H5P628QT02K08J6V0127V33G','now()','now()','100013'),
('01H5P628QR00EAQE4M017YZRFX','01H5P628QT01VV6BTF02RN1WE7','now()','now()','100013'),
('01H5P628QR00EAQE4M017YZRFX','01H5P628QT03Q2C09600JXD5MX','now()','now()','100013'),
('01H5P628QR00EAQE4M017YZRFX','01H5P628QT01NJX2F602YJHQCA','now()','now()','100013'),
('01H5P628QR00EAQE4M017YZRFX','01H5P628QT03KG5KRW03YMW166','now()','now()','100013'),
('01H5P628QR00EAQE4M017YZRFX','01H5P628QT00689GVV00JEXV6A','now()','now()','100013'),
('01H5P628QR00EAQE4M017YZRFX','01H5P628QT00PDRH6000RNVDXC','now()','now()','100013'),
('01H5P628QR00EAQE4M017YZRFX','01H5P628QT0083P26E02TT4E60','now()','now()','100013'),
('01H5P628QR02QD29GR03W8AK55','01H5P628QT03MQCGWE00RKAERP','now()','now()','100013'),
('01H5P628QR02QD29GR03W8AK55','01H5P628QT01NJX2F602YJHQCA','now()','now()','100013'),
('01H5P628QR02QD29GR03W8AK55','01H5P628QT03KG5KRW03YMW166','now()','now()','100013'),
('01H5P628QR02QD29GR03W8AK55','01H5P628QT03Q2C09600JXD5MX','now()','now()','100013'),
('01H5P628QR02QD29GR03W8AK55','01H5P628QT00689GVV00JEXV6A','now()','now()','100013'),
('01H5P628QR02QD29GR03W8AK55','01H5P628QT02K08J6V0127V33G','now()','now()','100013'),
('01H5P628QR02QD29GR03W8AK55','01H5P628QT00PDRH6000RNVDXC','now()','now()','100013'),
('01H5P628QR01FZTXPR01F7YZG4','01H5P628QT01VV6BTF02RN1WE7','now()','now()','100013'),
('01H5P628QR01FZTXPR01F7YZG4','01H5P628QT03KG5KRW03YMW166','now()','now()','100013'),
('01H5P628QR01FZTXPR01F7YZG4','01H5P628QT02K08J6V0127V33G','now()','now()','100013'),
('01H5P628QR01FZTXPR01F7YZG4','01H5P628QT03Q2C09600JXD5MX','now()','now()','100013'),
('01H5P628QR01FZTXPR01F7YZG4','01H5P628QT01NJX2F602YJHQCA','now()','now()','100013'),
('01H5P628QR01FZTXPR01F7YZG4','01H5P628QT0083P26E02TT4E60','now()','now()','100013'),
('01H5P628QR01FZTXPR01F7YZG4','01H5P628QT00PDRH6000RNVDXC','now()','now()','100013'),
('01H5P628QR01FZTXPR01F7YZG4','01H5P628QT00689GVV00JEXV6A','now()','now()','100013'),
('01H5P628QR03T1XB6M016M2021','01H5P628QT01NJX2F602YJHQCA','now()','now()','100013'),
('01H5P628QR03T1XB6M016M2021','01H5P628QT00PDRH6000RNVDXC','now()','now()','100013'),
('01H5P628QR03T1XB6M016M2021','01H5P628QT03KG5KRW03YMW166','now()','now()','100013'),
('01H5P628QR03T1XB6M016M2021','01H5P628QT03Q2C09600JXD5MX','now()','now()','100013'),
('01H5P628QR03T1XB6M016M2021','01H5P628QT02K08J6V0127V33G','now()','now()','100013'),
('01H5P628QS00Z7XBH2019AMSB8','01H5P628QT00689GVV00JEXV6A','now()','now()','100013'),
('01H5P628QS00Z7XBH2019AMSB8','01H5P628QT03MQCGWE00RKAERP','now()','now()','100013'),
('01H5P628QS00Z7XBH2019AMSB8','01H5P628QT00PDRH6000RNVDXC','now()','now()','100013'),
('01H5P628QS00Z7XBH2019AMSB8','01H5P628QT02K08J6V0127V33G','now()','now()','100013'),
('01H5P628QS00Z7XBH2019AMSB8','01H5P628QT03Q2C09600JXD5MX','now()','now()','100013'),
('01H5P628QS00Z7XBH2019AMSB8','01H5P628QT03KG5KRW03YMW166','now()','now()','100013'),
('01H5P628QS00Z7XBH2019AMSB8','01H5P628QT01NJX2F602YJHQCA','now()','now()','100013'),
('01H5P628QS03TRA920026SHBD7','01H5P628QT00689GVV00JEXV6A','now()','now()','100013'),
('01H5P628QS03TRA920026SHBD7','01H5P628QT01NJX2F602YJHQCA','now()','now()','100013'),
('01H5P628QS03TRA920026SHBD7','01H5P628QT02K08J6V0127V33G','now()','now()','100013'),
('01H5P628QS03TRA920026SHBD7','01H5P628QT03MQCGWE00RKAERP','now()','now()','100013'),
('01H5P628QS03TRA920026SHBD7','01H5P628QT03KG5KRW03YMW166','now()','now()','100013'),
('01H5P628QS03TRA920026SHBD7','01H5P628QT00PDRH6000RNVDXC','now()','now()','100013'),
('01H5P628QS03TRA920026SHBD7','01H5P628QT03Q2C09600JXD5MX','now()','now()','100013'),
('01H5P628QS02SSF5SB021XEW9T','01H5P628QT03MQCGWE00RKAERP','now()','now()','100013'),
('01H5P628QS02SSF5SB021XEW9T','01H5P628QT03KG5KRW03YMW166','now()','now()','100013'),
('01H5P628QS02SSF5SB021XEW9T','01H5P628QT03Q2C09600JXD5MX','now()','now()','100013'),
('01H5P628QS02SSF5SB021XEW9T','01H5P628QT00TH546G032GMJJK','now()','now()','100013'),
('01H5P628QS02SSF5SB021XEW9T','01H5P628QT02GJNSTW03FKMB5T','now()','now()','100013'),
('01H5P628QS02SSF5SB021XEW9T','01H5P628QS01W6ECZ50246W29A','now()','now()','100013'),
('01H5P628QS02SSF5SB021XEW9T','01H5P628QT0083P26E02TT4E60','now()','now()','100013'),
('01H5P628QS02SSF5SB021XEW9T','01H5P628QT00689GVV00JEXV6A','now()','now()','100013'),
('01H5P628QS02SSF5SB021XEW9T','01H5P628QT02TAMPR8026QN9FB','now()','now()','100013'),
('01H5P628QS02SSF5SB021XEW9T','01H5P628QT00PDRH6000RNVDXC','now()','now()','100013'),
('01H5P628QS02SSF5SB021XEW9T','01H5P628QT02K08J6V0127V33G','now()','now()','100013'),
('01H5P628QS02SSF5SB021XEW9T','01H5P628QT01NJX2F602YJHQCA','now()','now()','100013'),
('01H5P628QS02SSF5SB021XEW9T','01H5P628QT01VV6BTF02RN1WE7','now()','now()','100013'),
('01H5P628QS03FGN1JK002S8XVM','01H5P628QT03KG5KRW03YMW166','now()','now()','100013'),
('01H5P628QS03FGN1JK002S8XVM','01H5P628QT00689GVV00JEXV6A','now()','now()','100013'),
('01H5P628QS03FGN1JK002S8XVM','01H5P628QT03Q2C09600JXD5MX','now()','now()','100013'),
('01H5P628QS03FGN1JK002S8XVM','01H5P628QT02K08J6V0127V33G','now()','now()','100013'),
('01H5P628QS03FGN1JK002S8XVM','01H5P628QT00TH546G032GMJJK','now()','now()','100013'),
('01H5P628QS03FGN1JK002S8XVM','01H5P628QT00PDRH6000RNVDXC','now()','now()','100013'),
('01H5P628QS03FGN1JK002S8XVM','01H5P628QT02TAMPR8026QN9FB','now()','now()','100013'),
('01H5P628QS03P1XS0803E7WTKD','01H5P628QT01NJX2F602YJHQCA','now()','now()','100013'),
('01H5P628QS03P1XS0803E7WTKD','01H5P628QT02K08J6V0127V33G','now()','now()','100013'),
('01H5P628QS03P1XS0803E7WTKD','01H5P628QT02GJNSTW03FKMB5T','now()','now()','100013'),
('01H5P628QS03P1XS0803E7WTKD','01H5P628QT00PDRH6000RNVDXC','now()','now()','100013'),
('01H5P628QS03P1XS0803E7WTKD','01H5P628QT01VV6BTF02RN1WE7','now()','now()','100013'),
('01H5P628QS03P1XS0803E7WTKD','01H5P628QT03Q2C09600JXD5MX','now()','now()','100013'),
('01H5P628QS03P1XS0803E7WTKD','01H5P628QT00689GVV00JEXV6A','now()','now()','100013'),
('01H5P628QS03P1XS0803E7WTKD','01H5P628QT00TH546G032GMJJK','now()','now()','100013'),
('01H5P628QS03P1XS0803E7WTKD','01H5P628QT0083P26E02TT4E60','now()','now()','100013'),
('01H5P628QS03P1XS0803E7WTKD','01H5P628QT03KG5KRW03YMW166','now()','now()','100013'),
('01H5P628QS03P1XS0803E7WTKD','01H5P628QT02TAMPR8026QN9FB','now()','now()','100013'),
('01H5P628QS03P1XS0803E7WTKD','01H5P628QT03MQCGWE00RKAERP','now()','now()','100013'),
('01H5P628QS00K71N4B02RBFNN5','01H5P628QT03KG5KRW03YMW166','now()','now()','100013'),
('01H5P628QS00K71N4B02RBFNN5','01H5P628QT03Q2C09600JXD5MX','now()','now()','100013'),
('01H5P628QS00K71N4B02RBFNN5','01H5P628QT00689GVV00JEXV6A','now()','now()','100013'),
('01H5P628QS00K71N4B02RBFNN5','01H5P628QT02K08J6V0127V33G','now()','now()','100013'),
('01H5P628QS00K71N4B02RBFNN5','01H5P628QT00TH546G032GMJJK','now()','now()','100013'),
('01H5P628QS00K71N4B02RBFNN5','01H5P628QT01VV6BTF02RN1WE7','now()','now()','100013'),
('01H5P628QS00K71N4B02RBFNN5','01H5P628QT00PDRH6000RNVDXC','now()','now()','100013'),
('01H5P628QS00K71N4B02RBFNN5','01H5P628QT02TAMPR8026QN9FB','now()','now()','100013'),
('01H5P628QS01SH5VDB02SD5XAH','01H5P628QT01VV6BTF02RN1WE7','now()','now()','100013'),
('01H5P628QS01SH5VDB02SD5XAH','01H5P628QT0083P26E02TT4E60','now()','now()','100013'),
('01H5P628QS01SH5VDB02SD5XAH','01H5P628QT03KG5KRW03YMW166','now()','now()','100013'),
('01H5P628QS01SH5VDB02SD5XAH','01H5P628QT00TH546G032GMJJK','now()','now()','100013'),
('01H5P628QS01SH5VDB02SD5XAH','01H5P628QT03MQCGWE00RKAERP','now()','now()','100013'),
('01H5P628QS01SH5VDB02SD5XAH','01H5P628QT00689GVV00JEXV6A','now()','now()','100013'),
('01H5P628QS01SH5VDB02SD5XAH','01H5P628QT01NJX2F602YJHQCA','now()','now()','100013'),
('01H5P628QS01SH5VDB02SD5XAH','01H5P628QT00PDRH6000RNVDXC','now()','now()','100013'),
('01H5P628QS01SH5VDB02SD5XAH','01H5P628QT03Q2C09600JXD5MX','now()','now()','100013'),
('01H5P628QS01SH5VDB02SD5XAH','01H5P628QT02K08J6V0127V33G','now()','now()','100013'),
('01H5P628QS02HDQVGF002M4JR6','01H5P628QT0083P26E02TT4E60','now()','now()','100013'),
('01H5P628QS02HDQVGF002M4JR6','01H5P628QT02K08J6V0127V33G','now()','now()','100013'),
('01H5P628QS02HDQVGF002M4JR6','01H5P628QT03Q2C09600JXD5MX','now()','now()','100013'),
('01H5P628QS02HDQVGF002M4JR6','01H5P628QT03KG5KRW03YMW166','now()','now()','100013'),
('01H5P628QS02HDQVGF002M4JR6','01H5P628QT00PDRH6000RNVDXC','now()','now()','100013'),
('01H5P628QS02HDQVGF002M4JR6','01H5P628QT00TH546G032GMJJK','now()','now()','100013'),
('01H5P628QS02HDQVGF002M4JR6','01H5P628QT00689GVV00JEXV6A','now()','now()','100013'),
('01H5P628QS032FB9EV0123N3T2','01H5P628QT03Q2C09600JXD5MX','now()','now()','100013'),
('01H5P628QS032FB9EV0123N3T2','01H5P628QT02K08J6V0127V33G','now()','now()','100013'),
('01H5P628QS032FB9EV0123N3T2','01H5P628QT01VV6BTF02RN1WE7','now()','now()','100013'),
('01H5P628QS032FB9EV0123N3T2','01H5P628QT03KG5KRW03YMW166','now()','now()','100013'),
('01H5P628QS032FB9EV0123N3T2','01H5P628QT00PDRH6000RNVDXC','now()','now()','100013'),
('01H5P628QS032FB9EV0123N3T2','01H5P628QT0083P26E02TT4E60','now()','now()','100013'),
('01H5P628QS032FB9EV0123N3T2','01H5P628QT00689GVV00JEXV6A','now()','now()','100013'),
('01H5P628QS032FB9EV0123N3T2','01H5P628QT01NJX2F602YJHQCA','now()','now()','100013'),
('01H5P628QS032FB9EV0123N3T2','01H5P628QT00TH546G032GMJJK','now()','now()','100013'),
('01H5P628QS0182ZRVM037RKCH2','01H5P628QT00TH546G032GMJJK','now()','now()','100013'),
('01H5P628QS0182ZRVM037RKCH2','01H5P628QT03KG5KRW03YMW166','now()','now()','100013'),
('01H5P628QS0182ZRVM037RKCH2','01H5P628QT03Q2C09600JXD5MX','now()','now()','100013'),
('01H5P628QT01EWREQ100ASMJNB','01H5P628QT02K08J6V0127V33G','now()','now()','100013'),
('01H5P628QT01EWREQ100ASMJNB','01H5P628QT01VV6BTF02RN1WE7','now()','now()','100013'),
('01H5P628QT01EWREQ100ASMJNB','01H5P628QT0083P26E02TT4E60','now()','now()','100013'),
('01H5P628QT01EWREQ100ASMJNB','01H5P628QT03MQCGWE00RKAERP','now()','now()','100013'),
('01H5P628QT01EWREQ100ASMJNB','01H5P628QT00TH546G032GMJJK','now()','now()','100013'),
('01H5P628QT01EWREQ100ASMJNB','01H5P628QT00689GVV00JEXV6A','now()','now()','100013'),
('01H5P628QT01EWREQ100ASMJNB','01H5P628QT00PDRH6000RNVDXC','now()','now()','100013'),
('01H5P628QT01EWREQ100ASMJNB','01H5P628QT01NJX2F602YJHQCA','now()','now()','100013'),
('01H5P628QT01EWREQ100ASMJNB','01H5P628QT03Q2C09600JXD5MX','now()','now()','100013'),
('01H5P628QT01EWREQ100ASMJNB','01H5P628QT02TAMPR8026QN9FB','now()','now()','100013'),
('01H5P628QT01EWREQ100ASMJNB','01H5P628QT03KG5KRW03YMW166','now()','now()','100013'),
('01H5P628QT02127TZ403KJEA3K','01H5P628QT03Q2C09600JXD5MX','now()','now()','100013'),
('01H5P628QT02127TZ403KJEA3K','01H5P628QT00TH546G032GMJJK','now()','now()','100013'),
('01H5P628QT02127TZ403KJEA3K','01H5P628QT03KG5KRW03YMW166','now()','now()','100013'),
('01H5P628QT02H86ABJ01G1TEFT','01H5P628QT00TH546G032GMJJK','now()','now()','100013'),
('01H5P628QT02H86ABJ01G1TEFT','01H5P628QT03Q2C09600JXD5MX','now()','now()','100013'),
('01H5P628QT02H86ABJ01G1TEFT','01H5P628QT03KG5KRW03YMW166','now()','now()','100013'),
('01H5P628QT02H86ABJ01G1TEFT','01H5P628QT02TAMPR8026QN9FB','now()','now()','100013'),
('01H5P628QT01TG1ZK703FHAS8Q','01H5P628QT01VV6BTF02RN1WE7','now()','now()','100013'),
('01H5P628QT01TG1ZK703FHAS8Q','01H5P628QT03Q2C09600JXD5MX','now()','now()','100013'),
('01H5P628QT01TG1ZK703FHAS8Q','01H5P628QT00689GVV00JEXV6A','now()','now()','100013'),
('01H5P628QT01TG1ZK703FHAS8Q','01H5P628QT03MQCGWE00RKAERP','now()','now()','100013'),
('01H5P628QT01TG1ZK703FHAS8Q','01H5P628QT02K08J6V0127V33G','now()','now()','100013'),
('01H5P628QT01TG1ZK703FHAS8Q','01H5P628QT00PDRH6000RNVDXC','now()','now()','100013'),
('01H5P628QT01TG1ZK703FHAS8Q','01H5P628QT02TAMPR8026QN9FB','now()','now()','100013'),
('01H5P628QT01TG1ZK703FHAS8Q','01H5P628QT03KG5KRW03YMW166','now()','now()','100013'),
('01H5P628QT01TG1ZK703FHAS8Q','01H5P628QT00TH546G032GMJJK','now()','now()','100013'),
('01H5P628QT01TG1ZK703FHAS8Q','01H5P628QT0083P26E02TT4E60','now()','now()','100013'),
('01H5P628QT02HPM8GF00FT9S7V','01H5P628QT03Q2C09600JXD5MX','now()','now()','100013'),
('01H5P628QT02HPM8GF00FT9S7V','01H5P628QT00PDRH6000RNVDXC','now()','now()','100013'),
('01H5P628QT02HPM8GF00FT9S7V','01H5P628QT02K08J6V0127V33G','now()','now()','100013'),
('01H5P628QT02HPM8GF00FT9S7V','01H5P628QT03KG5KRW03YMW166','now()','now()','100013'),
('01H5P628QT007X27NV00PYHGXG','01H5P628QT00689GVV00JEXV6A','now()','now()','100013'),
('01H5P628QT007X27NV00PYHGXG','01H5P628QT03MQCGWE00RKAERP','now()','now()','100013'),
('01H5P628QT007X27NV00PYHGXG','01H5P628QT01VV6BTF02RN1WE7','now()','now()','100013'),
('01H5P628QT007X27NV00PYHGXG','01H5P628QT02K08J6V0127V33G','now()','now()','100013'),
('01H5P628QT007X27NV00PYHGXG','01H5P628QT00PDRH6000RNVDXC','now()','now()','100013'),
('01H5P628QT007X27NV00PYHGXG','01H5P628QT03KG5KRW03YMW166','now()','now()','100013'),
('01H5P628QT007X27NV00PYHGXG','01H5P628QT01NJX2F602YJHQCA','now()','now()','100013'),
('01H5P628QT007X27NV00PYHGXG','01H5P628QT0083P26E02TT4E60','now()','now()','100013'),
('01H5P628QT007X27NV00PYHGXG','01H5P628QT03Q2C09600JXD5MX','now()','now()','100013'),
('01H5P628QT03G9PWQG00WNCR4H','01H5P628QT03MQCGWE00RKAERP','now()','now()','100013'),
('01H5P628QT03G9PWQG00WNCR4H','01H5P628QT00PDRH6000RNVDXC','now()','now()','100013'),
('01H5P628QT03G9PWQG00WNCR4H','01H5P628QT03KG5KRW03YMW166','now()','now()','100013'),
('01H5P628QT03G9PWQG00WNCR4H','01H5P628QT02K08J6V0127V33G','now()','now()','100013'),
('01H5P628QT03G9PWQG00WNCR4H','01H5P628QT01VV6BTF02RN1WE7','now()','now()','100013'),
('01H5P628QT03G9PWQG00WNCR4H','01H5P628QT00689GVV00JEXV6A','now()','now()','100013'),
('01H5P628QT03G9PWQG00WNCR4H','01H5P628QT03Q2C09600JXD5MX','now()','now()','100013'),
('01H5P628QT03G9PWQG00WNCR4H','01H5P628QT0083P26E02TT4E60','now()','now()','100013'),
('01H5P628QT03G9PWQG00WNCR4H','01H5P628QT01NJX2F602YJHQCA','now()','now()','100013'),
('01H5P628QT00GVGN9R03BVNTDC','01H5P628QT02RGNK5702937NZ2','now()','now()','100013'),
('01H5P628QT00GVGN9R03BVNTDC','01H5P628QT03Q2C09600JXD5MX','now()','now()','100013'),
('01H5P628QT00GVGN9R03BVNTDC','01H5P628QT00PDRH6000RNVDXC','now()','now()','100013'),
('01H5P628QT00GVGN9R03BVNTDC','01H5P628QT02K08J6V0127V33G','now()','now()','100013'),
('01H5P628QT00GVGN9R03BVNTDC','01H5P628QT03KG5KRW03YMW166','now()','now()','100013'),
('01H5P628QT02A9GB6002J5KY09','01H5P628QT02K08J6V0127V33G','now()','now()','100013'),
('01H5P628QT02A9GB6002J5KY09','01H5P628QT03Q2C09600JXD5MX','now()','now()','100013'),
('01H5P628QT02A9GB6002J5KY09','01H5P628QT03KG5KRW03YMW166','now()','now()','100013'),
('01H5P628QT02A9GB6002J5KY09','01H5P628QT00PDRH6000RNVDXC','now()','now()','100013'),
('01H5P628QT02A9GB6002J5KY09','01H5P628QT00689GVV00JEXV6A','now()','now()','100013'),
('01H5P628QT01YED0JJ00HZZN1M','01H5P628QT00PDRH6000RNVDXC','now()','now()','100013'),
('01H5P628QT01YED0JJ00HZZN1M','01H5P628QT03KG5KRW03YMW166','now()','now()','100013'),
('01H5P628QT01YED0JJ00HZZN1M','01H5P628QT03Q2C09600JXD5MX','now()','now()','100013'),
('01H5P628QT01YED0JJ00HZZN1M','01H5P628QT02K08J6V0127V33G','now()','now()','100013'),
('01H5P628QT01FMC29R01VBYW9X','01H5P628QT00PDRH6000RNVDXC','now()','now()','100013'),
('01H5P628QT01FMC29R01VBYW9X','01H5P628QT03KG5KRW03YMW166','now()','now()','100013'),
('01H5P628QT01FMC29R01VBYW9X','01H5P628QT00689GVV00JEXV6A','now()','now()','100013'),
('01H5P628QT01FMC29R01VBYW9X','01H5P628QT02K08J6V0127V33G','now()','now()','100013'),
('01H5P628QT01FMC29R01VBYW9X','01H5P628QT03Q2C09600JXD5MX','now()','now()','100013'),
('01H5P628QT01H2JJ8P02FHBAYR','01H5P628QT03Q2C09600JXD5MX','now()','now()','100013'),
('01H5P628QT01H2JJ8P02FHBAYR','01H5P628QT00PDRH6000RNVDXC','now()','now()','100013'),
('01H5P628QT01H2JJ8P02FHBAYR','01H5P628QT02K08J6V0127V33G','now()','now()','100013'),
('01H5P628QT01H2JJ8P02FHBAYR','01H5P628QT03KG5KRW03YMW166','now()','now()','100013'),
('01H5P628QT00BQVEZK0024C6FW','01H5P628QT03KG5KRW03YMW166','now()','now()','100013'),
('01H5P628QT00BQVEZK0024C6FW','01H5P628QT03Q2C09600JXD5MX','now()','now()','100013'),
('01H5P628QT00BQVEZK0024C6FW','01H5P628QT00689GVV00JEXV6A','now()','now()','100013'),
('01H5P628QT00BQVEZK0024C6FW','01H5P628QT00PDRH6000RNVDXC','now()','now()','100013'),
('01H5P628QT00BQVEZK0024C6FW','01H5P628QT02K08J6V0127V33G','now()','now()','100013'),
('01H5P628QT03Z00QWN00DH49ZE','01H5P628QT03Q2C09600JXD5MX','now()','now()','100013'),
('01H5P628QT03Z00QWN00DH49ZE','01H5P628QT03KG5KRW03YMW166','now()','now()','100013'),
('01H5P628QT03Z00QWN00DH49ZE','01H5P628QT02K08J6V0127V33G','now()','now()','100013'),
('01H5P628QT03Z00QWN00DH49ZE','01H5P628QT00PDRH6000RNVDXC','now()','now()','100013'),
('01H5P628QT006QFRYK01SK95K7','01H5P628QT02K08J6V0127V33G','now()','now()','100013'),
('01H5P628QT006QFRYK01SK95K7','01H5P628QT00PDRH6000RNVDXC','now()','now()','100013'),
('01H5P628QT006QFRYK01SK95K7','01H5P628QT03Q2C09600JXD5MX','now()','now()','100013'),
('01H5P628QT006QFRYK01SK95K7','01H5P628QT03KG5KRW03YMW166','now()','now()','100013'),
('01H5P628QT004SFPP702WW9J01','01H5P628QT03Q2C09600JXD5MX','now()','now()','100013'),
('01H5P628QT004SFPP702WW9J01','01H5P628QT03KG5KRW03YMW166','now()','now()','100013'),
('01H5P628QT004CDBYT00B986F7','01H5P628QT03Q2C09600JXD5MX','now()','now()','100013'),
('01H5P628QT004CDBYT00B986F7','01H5P628QT03KG5KRW03YMW166','now()','now()','100013'),
('01H5P628QT00PQPYZ701S9VAB4','01H5P628QT00TH546G032GMJJK','now()','now()','100013'),
('01H5P628QT01YWKW9Y019GTFPN','01H5P628QT00689GVV00JEXV6A','now()','now()','100013'),
('01H5P628QT01YWKW9Y019GTFPN','01H5P628QT03Q2C09600JXD5MX','now()','now()','100013'),
('01H5P628QT01YWKW9Y019GTFPN','01H5P628QT01NJX2F602YJHQCA','now()','now()','100013'),
('01H5P628QT01YWKW9Y019GTFPN','01H5P628QT02TAMPR8026QN9FB','now()','now()','100013'),
('01H5P628QT01YWKW9Y019GTFPN','01H5P628QT0083P26E02TT4E60','now()','now()','100013'),
('01H5P628QT01YWKW9Y019GTFPN','01H5P628QT01VV6BTF02RN1WE7','now()','now()','100013'),
('01H5P628QT01YWKW9Y019GTFPN','01H5P628QT00TH546G032GMJJK','now()','now()','100013'),
('01H5P628QT01YWKW9Y019GTFPN','01H5P628QT03KG5KRW03YMW166','now()','now()','100013'),
('01H5P628QT01YWKW9Y019GTFPN','01H5P628QT02GJNSTW03FKMB5T','now()','now()','100013'),
('01H5P628QT01YWKW9Y019GTFPN','01H5P628QT00PDRH6000RNVDXC','now()','now()','100013'),
('01H5P628QT01YWKW9Y019GTFPN','01H5P628QT02K08J6V0127V33G','now()','now()','100013'),
('01H5P628QT01YWKW9Y019GTFPN','01H5P628QT03MQCGWE00RKAERP','now()','now()','100013'),
('01H5P628QT03WEXC0J022PG3S6','01H5P628QT03KG5KRW03YMW166','now()','now()','100013'),
('01H5P628QT03WEXC0J022PG3S6','01H5P628QT03Q2C09600JXD5MX','now()','now()','100013'),
('01H5P628QT0080K7XQ01WTJ44R','01H5P628QT03KG5KRW03YMW166','now()','now()','100013'),
('01H5P628QT00MGH5K602Y07K6F','01H5P628QT02RGNK5702937NZ2','now()','now()','100013'),
('01H5P628QT02DGMPQZ01190C88','01H5P628QT02RGNK5702937NZ2','now()','now()','100013')
ON CONFLICT DO NOTHING;


INSERT INTO user_group (user_group_id,user_group_name,is_system,created_at,updated_at,resource_path) VALUES
('01H5P628QV00M52AHQ019Y82QC','School Admin',true,'now()','now()','100013'),
('01H5P628QV03MNEY94012TBMFX','HQ Staff',true,'now()','now()','100013'),
('01H5P628QV00KK6WRQ02DMY9FK','Centre Staff',true,'now()','now()','100013'),
('01H5P628QV03ZVXA4600238C61','Teacher',true,'now()','now()','100013'),
('01H5P628QV02Y6YB4F02V2VW0W','Centre Manager',true,'now()','now()','100013'),
('01H5P628QV02995E9H02NJGJ8Y','Centre Lead',true,'now()','now()','100013'),
('01H5P628QV028GF8AG036A7GFC','Student',true,'now()','now()','100013'),
('01H5P628QV0163J61202RW0Z32','Parent',true,'now()','now()','100013'),
('01H5P628QV02DPRGPC03AA0TFV','PaymentScheduleJob',true,'now()','now()','100013'),
('01H5P628QV03EG18S400113E0Q','OpenAPI',true,'now()','now()','100013'),
('01H5P628QV02P9AD7600S3RB9S','UsermgmtScheduleJob',true,'now()','now()','100013'),
('01H5P628QV02XQPH2A03VNMQQV','NotificationScheduleJob',true,'now()','now()','100013'),
('01H5P628QV019PBC1Y00K6Z1R4','VirtualClassroomScheduleJob',true,'now()','now()','100013'),
('01H5P628QV02Y3ASWH016QDXDE','Teacher Lead',true,'now()','now()','100013')
ON CONFLICT DO NOTHING;


INSERT INTO granted_role (granted_role_id,user_group_id,role_id,created_at,updated_at,resource_path) VALUES
('01H5P628QV00AR4GJD03K3W6F4','01H5P628QV00M52AHQ019Y82QC','01H5P628QT03KG5KRW03YMW166','now()','now()','100013'),
('01H5P628QV01JVHQ9B025F5G0J','01H5P628QV03MNEY94012TBMFX','01H5P628QT03Q2C09600JXD5MX','now()','now()','100013'),
('01H5P628QV02QDNSM202D5W3NF','01H5P628QV00KK6WRQ02DMY9FK','01H5P628QT00PDRH6000RNVDXC','now()','now()','100013'),
('01H5P628QV01A19N5Y035N7EG9','01H5P628QV03ZVXA4600238C61','01H5P628QT01NJX2F602YJHQCA','now()','now()','100013'),
('01H5P628QV0240RJHE006EP7MZ','01H5P628QV02Y6YB4F02V2VW0W','01H5P628QT02K08J6V0127V33G','now()','now()','100013'),
('01H5P628QV00XC1RBW00ACGZJ5','01H5P628QV02995E9H02NJGJ8Y','01H5P628QT00689GVV00JEXV6A','now()','now()','100013'),
('01H5P628QV014T396F02H7NZFX','01H5P628QV028GF8AG036A7GFC','01H5P628QT01VV6BTF02RN1WE7','now()','now()','100013'),
('01H5P628QV019N0AVG02YAB9MT','01H5P628QV0163J61202RW0Z32','01H5P628QT0083P26E02TT4E60','now()','now()','100013'),
('01H5P628QV03N49KGA0116RM18','01H5P628QV02DPRGPC03AA0TFV','01H5P628QT02RGNK5702937NZ2','now()','now()','100013'),
('01H5P628QV025CEBJ502B2HKNW','01H5P628QV03EG18S400113E0Q','01H5P628QT02TAMPR8026QN9FB','now()','now()','100013'),
('01H5P628QV02A1WV8H011E4Q41','01H5P628QV02P9AD7600S3RB9S','01H5P628QT00TH546G032GMJJK','now()','now()','100013'),
('01H5P628QV01Q4BMVH00CM0EKB','01H5P628QV02XQPH2A03VNMQQV','01H5P628QT02GJNSTW03FKMB5T','now()','now()','100013'),
('01H5P628QV01R6P60E02Q26SWD','01H5P628QV019PBC1Y00K6Z1R4','01H5P628QS01W6ECZ50246W29A','now()','now()','100013'),
('01H5P628QV03RSES2Y00HJGJ7S','01H5P628QV02Y3ASWH016QDXDE','01H5P628QT03MQCGWE00RKAERP','now()','now()','100013')
ON CONFLICT DO NOTHING;


INSERT INTO granted_role_access_path (granted_role_id,location_id,created_at,updated_at,resource_path) VALUES
('01H5P628QV00AR4GJD03K3W6F4','01H5P628QM02RN623302TH23AQ','now()','now()','100013'),
('01H5P628QV01JVHQ9B025F5G0J','01H5P628QM02RN623302TH23AQ','now()','now()','100013'),
('01H5P628QV02QDNSM202D5W3NF','01H5P628QM02RN623302TH23AQ','now()','now()','100013'),
('01H5P628QV01A19N5Y035N7EG9','01H5P628QM02RN623302TH23AQ','now()','now()','100013'),
('01H5P628QV0240RJHE006EP7MZ','01H5P628QM02RN623302TH23AQ','now()','now()','100013'),
('01H5P628QV00XC1RBW00ACGZJ5','01H5P628QM02RN623302TH23AQ','now()','now()','100013'),
('01H5P628QV014T396F02H7NZFX','01H5P628QM02RN623302TH23AQ','now()','now()','100013'),
('01H5P628QV019N0AVG02YAB9MT','01H5P628QM02RN623302TH23AQ','now()','now()','100013'),
('01H5P628QV03N49KGA0116RM18','01H5P628QM02RN623302TH23AQ','now()','now()','100013'),
('01H5P628QV025CEBJ502B2HKNW','01H5P628QM02RN623302TH23AQ','now()','now()','100013'),
('01H5P628QV02A1WV8H011E4Q41','01H5P628QM02RN623302TH23AQ','now()','now()','100013'),
('01H5P628QV01Q4BMVH00CM0EKB','01H5P628QM02RN623302TH23AQ','now()','now()','100013'),
('01H5P628QV01R6P60E02Q26SWD','01H5P628QM02RN623302TH23AQ','now()','now()','100013'),
('01H5P628QV03RSES2Y00HJGJ7S','01H5P628QM02RN623302TH23AQ','now()','now()','100013')
ON CONFLICT DO NOTHING;


--- Create PaymentScheduleJob account -----
INSERT INTO public.users
(user_id, country, name, avatar, phone_number, email, device_token, allow_notification, user_group, updated_at, created_at, is_tester, facebook_id, platform, phone_verified, email_verified, deleted_at, given_name, resource_path, is_system)
VALUES('01H5P628QW03PZHDD30011QT4E', 'COUNTRY_JP', 'Payment Schedule Job', '', NULL, 'schedule_job+payment@manabie.com', NULL, NULL, 'USER_GROUP_SCHOOL_ADMIN', now(), now(), NULL, NULL, NULL, NULL, NULL, NULL, NULL, '100013', true)
ON CONFLICT DO NOTHING;

INSERT INTO user_group_member(
user_id,
user_group_id,
created_at,
updated_at,
resource_path
) VALUES
('01H5P628QW03PZHDD30011QT4E', '01H5P628QV02DPRGPC03AA0TFV', now(), now(), '100013') ON CONFLICT DO NOTHING;

INSERT INTO staff
(staff_id, created_at, updated_at, deleted_at, resource_path, auto_create_timesheet, working_status, start_date, end_date)
VALUES ('01H5P628QW03PZHDD30011QT4E', now(), now(), NULL, '100013', DEFAULT, DEFAULT, NULL, NULL) ON CONFLICT DO NOTHING;

--- Create UsermgmtScheduleJob account -----
INSERT INTO public.users
(user_id, country, name, avatar, phone_number, email, device_token, allow_notification, user_group, updated_at, created_at, is_tester, facebook_id, platform, phone_verified, email_verified, deleted_at, given_name, resource_path, is_system)
VALUES('01H5P628QW03D07N3A02BD50MW', 'COUNTRY_JP', 'Usermgmt Schedule Job', '', NULL, 'schedule_job+usermgmt@manabie.com', NULL, NULL, 'USER_GROUP_SCHOOL_ADMIN', now(), now(), NULL, NULL, NULL, NULL, NULL, NULL, NULL, '100013', true)
ON CONFLICT DO NOTHING;

INSERT INTO user_group_member(
user_id,
user_group_id,
created_at,
updated_at,
resource_path
) VALUES
('01H5P628QW03D07N3A02BD50MW', '01H5P628QV02P9AD7600S3RB9S', now(), now(), '100013') ON CONFLICT DO NOTHING;

INSERT INTO staff
(staff_id, created_at, updated_at, deleted_at, resource_path, auto_create_timesheet, working_status, start_date, end_date)
VALUES ('01H5P628QW03D07N3A02BD50MW', now(), now(), NULL, '100013', DEFAULT, DEFAULT, NULL, NULL) ON CONFLICT DO NOTHING;

--- Create NotificationScheduleJob account -----
INSERT INTO public.users
(user_id, country, name, avatar, phone_number, email, device_token, allow_notification, user_group, updated_at, created_at, is_tester, facebook_id, platform, phone_verified, email_verified, deleted_at, given_name, resource_path, is_system)
VALUES('01H5P628QW00N9XRPC001ANZBX', 'COUNTRY_JP', 'Notification Schedule Job', '', NULL, 'schedule_job+notification@manabie.com', NULL, NULL, 'USER_GROUP_SCHOOL_ADMIN', now(), now(), NULL, NULL, NULL, NULL, NULL, NULL, NULL, '100013', true)
ON CONFLICT DO NOTHING;

INSERT INTO user_group_member(
user_id,
user_group_id,
created_at,
updated_at,
resource_path
) VALUES
('01H5P628QW00N9XRPC001ANZBX', '01H5P628QV02XQPH2A03VNMQQV', now(), now(), '100013') ON CONFLICT DO NOTHING;

INSERT INTO staff
(staff_id, created_at, updated_at, deleted_at, resource_path, auto_create_timesheet, working_status, start_date, end_date)
VALUES ('01H5P628QW00N9XRPC001ANZBX', now(), now(), NULL, '100013', DEFAULT, DEFAULT, NULL, NULL) ON CONFLICT DO NOTHING;

--- Create VirtualClassroomScheduleJob account -----
INSERT INTO public.users
(user_id, country, name, avatar, phone_number, email, device_token, allow_notification, user_group, updated_at, created_at, is_tester, facebook_id, platform, phone_verified, email_verified, deleted_at, given_name, resource_path, is_system)
VALUES('01H5P628QW03Q76BWB00AKP3ZK', 'COUNTRY_JP', 'VirtualClassroom Schedule Job', '', NULL, 'schedule_job+virtualclassroom@manabie.com', NULL, NULL, 'USER_GROUP_SCHOOL_ADMIN', now(), now(), NULL, NULL, NULL, NULL, NULL, NULL, NULL, '100013', true)
ON CONFLICT DO NOTHING;

INSERT INTO user_group_member(
user_id,
user_group_id,
created_at,
updated_at,
resource_path
) VALUES
('01H5P628QW03Q76BWB00AKP3ZK', '01H5P628QV019PBC1Y00K6Z1R4', now(), now(), '100013') ON CONFLICT DO NOTHING;

INSERT INTO staff
(staff_id, created_at, updated_at, deleted_at, resource_path, auto_create_timesheet, working_status, start_date, end_date)
VALUES ('01H5P628QW03Q76BWB00AKP3ZK', now(), now(), NULL, '100013', DEFAULT, DEFAULT, NULL, NULL) ON CONFLICT DO NOTHING;
